Title,Description,Long Description,Price,Category,THC,CBD,Image,Options,Benefits,Purity,Cannabinoids,Meta Title,Meta Description,Tags,Alt Text,Is Best Seller,Is New,ID,Slug
"Willie's Remedy THC Infused Seltzer Strawberry Watermelon","Willie's & Soda Strawberry Watermelon THC Seltzer 10mg is a refreshing hemp-derived sparkling beverage featuring 10mg Delta 9 THC with CBD, CBG, and L-theanine in a juicy strawberry watermelon flavor.","Enjoy a crisp and refreshing cannabis beverage with Willie's & Soda Strawberry Watermelon THC Seltzer 10mg. Crafted with premium hemp-derived cannabinoids, each sparkling can delivers 10mg of Delta 9 THC, along with CBD, CBG, and L-theanine for a smooth and balanced beverage experience. The sweet combination of ripe strawberries and juicy watermelon creates a light, fruity flavor with refreshing carbonation. Perfect for social gatherings, relaxing evenings, or as an alternative to traditional alcoholic beverages, this ready-to-drink seltzer offers convenience without compromising on taste. Available at Two Budz, this premium THC seltzer is made with quality hemp ingredients and is third-party lab tested for purity and consistency. Taste & Aroma • Sweet strawberry flavor • Juicy watermelon finish • Crisp sparkling carbonation Why Choose This Product ✔ 10mg hemp-derived Delta 9 THC per can ✔ Includes CBD, CBG & L-theanine ✔ Refreshing strawberry watermelon flavor ✔ Ready-to-drink sparkling beverage ✔ Convenient single-serve can ✔ Third-party lab tested How to Use Serve chilled and enjoy one can. Allow sufficient time before consuming additional servings. Intended for adults 21+ only.",7.99,"edibles","< 0.3% THC","500gm CBD","","Standard (30ml); Value Double Pack","• Refreshing sparkling hemp beverage; • Sweet strawberry and watermelon flavor; • 10mg Delta 9 THC per serving; • Contains CBD, CBG, and L-theanine; • Convenient ready-to-drink can; • Great alternative to traditional alcoholic beverages","99.8%","Compliant Hemp Extract","Willie's Remedy THC Infused Seltzer Strawberry Watermelon","Shop Willie's Strawberry Watermelon THC Seltzer 10mg. Premium hemp-derived sparkling beverage with Delta 9 THC, CBD, CBG, and L-theanine.","Willie's, THC Seltzer, Strawberry Watermelon, 10mg THC, Delta 9 THC, CBD, CBG, L-Theanine, Sparkling Beverage, Hemp Beverage, Ready-to-Drink, THC Drink","Willie's & Soda Strawberry Watermelon 10mg hemp-derived Delta 9 THC sparkling seltzer can",FALSE,FALSE,"prod-1783884305648","willies-remedy-thc-infused-seltzer-strawberry-watermelon"
"Willie's Remedy THC Infused Seltzer Black Cherry Lime","Willie's Remedy THC Infused Seltzer Black Cherry Lime 10mg is a refreshing hemp-derived sparkling beverage featuring 10mg Delta 9 THC with CBD, CBG, and L-theanine in a bold black cherry and lime flavor.","Enjoy a refreshing twist on hemp beverages with Willie's & Soda Black Cherry Lime THC Seltzer 10mg. Crafted with premium hemp-derived cannabinoids, each sparkling can delivers 10mg of Delta 9 THC, along with CBD, CBG, and L-theanine for a smooth and balanced beverage experience. The bold combination of juicy black cherry and zesty lime creates a crisp, lightly carbonated drink that's perfect for relaxing evenings, social gatherings, or as an alternative to traditional alcoholic beverages. Its ready-to-drink can makes it easy to enjoy wherever your day takes you. Available at Two Budz, this premium THC seltzer is made with quality hemp ingredients and is third-party lab tested for consistency and quality. Taste & Aroma • Bold black cherry flavor • Refreshing citrus lime finish • Crisp sparkling carbonation Why Choose This Product ✔ 10mg hemp-derived Delta 9 THC per can ✔ Includes CBD, CBG & L-theanine ✔ Delicious black cherry and lime flavor ✔ Refreshing sparkling beverage ✔ Ready-to-drink convenience ✔ Third-party lab tested How to Use Serve chilled and enjoy one can. Allow sufficient time before consuming additional servings. Intended for adults 21+ only.",7.99,"cbd-oils","< 0.3% THC","500gm CBD","","12 fl oz","Refreshing sparkling hemp beverage; Bold black cherry and lime flavor; 10mg Delta 9 THC per serving; Contains CBD, CBG, and L-theanine; Convenient ready-to-drink can; Great alternative to traditional alcoholic beveragesRestores relaxation,Pesticide free growth","99.8%","Compliant Hemp Extract","Willie's Remedy THC Infused Seltzer Black Cherry Lime","Willie's Remedy THC Infused Seltzer Black Cherry Lime. Premium hemp-derived sparkling beverage with Delta 9 THC, CBD, CBG, and L-theanine.","Willie's, THC Seltzer, Black Cherry Lime, 10mg THC, Delta 9 THC, CBD, CBG, L-Theanine, Sparkling Beverage, Hemp Beverage, Ready-to-Drink, THC Drink","Willie's & Soda Black Cherry Lime 10mg hemp-derived Delta 9 THC sparkling seltzer can.",TRUE,FALSE,"prod-1783883747826","willies-remedy-thc-infused-seltzer-black-cherry-lime"
"Willie's THC Social Tonic 5mg","Willie's THC Social Tonic 5mg is a premium hemp-derived social beverage featuring 5mg Delta 9 THC, plus CBD, CBG, and L-theanine in a refreshing ready-to-drink formula for relaxed social moments.","Willie's THC Social Tonic 5mg is a premium hemp-derived beverage crafted for those looking for a low-dose THC experience in a convenient ready-to-drink format. Each serving contains 5mg of hemp-derived Delta 9 THC, balanced with CBD, CBG, and L-theanine to deliver a smooth, approachable experience. Made with refreshing citrus and tropical fruit flavors, this social tonic is perfect for relaxing at home, spending time with friends, or enjoying as an alternative to traditional alcoholic beverages. The fast-acting formula and portable bottle make it an easy choice for both new and experienced hemp consumers. Available at Two Budz, Willie's THC Social Tonic 5mg offers a flavorful and convenient way to enjoy premium hemp-derived cannabinoids. Taste & Aroma • Bright lemon and lime notes • Tropical passion fruit flavor • Light cannabis botanical finish Why Choose This Product ✔ 5mg hemp-derived Delta 9 THC per serving ✔ Includes CBD, CBG, and L-theanine ✔ Refreshing citrus and tropical flavor ✔ Convenient ready-to-drink format ✔ Fast-acting hemp beverage ✔ Third-party lab tested How to Use Shake gently if needed and enjoy chilled. Start with one serving and allow adequate time before consuming more. Intended for adults 21+ only.",54.99,"cbd-oils","5mg Delta 9 THC per serving","2mg CBD per serving","","750ml","• Low-dose THC beverage for easy enjoyment; • Refreshing citrus and tropical taste; • Includes CBD, CBG, and L-theanine; • Convenient ready-to-drink bottle; • Great alternative to traditional alcoholic beverages; • Crafted with premium hemp-derived ingredients","99.8%","Compliant Hemp Extract","Willie's THC Social Tonic 5mg Hemp Beverage","Shop Willie's THC Social Tonic 5mg. Premium hemp-derived beverage with 5mg Delta 9 THC, CBD, CBG, and L-theanine in a refreshing drink.","Willie's, THC Social Tonic, 5mg THC, Delta 9 THC, CBD, CBG, L-Theanine, Hemp Beverage, THC Drink, Ready-to-Drink, Hemp-Derived, Wellness","Willie's THC Social Tonic 5mg hemp-derived Delta 9 beverage bottle with CBD, CBG, and L-theanine.",TRUE,FALSE,"prod-1783882836256","thc-social-tonic-5mg"
"Willie's THC Social Tonic 10mg","Willie's THC Social Tonic 10mg is a hemp-derived sparkling beverage crafted for social occasions. Each can contains 10mg of Delta 9 THC with a refreshing flavor and a convenient ready-to-drink format.","Willie's THC Social Tonic 10mg is a premium hemp-derived sparkling beverage designed for adults looking for a refreshing alternative to traditional drinks. Each can delivers 10mg of hemp-derived Delta 9 THC in a crisp, ready-to-drink formula that's easy to enjoy at gatherings, celebrations, or while relaxing. Made with quality hemp ingredients, this social tonic combines a light sparkling finish with balanced flavor for a smooth drinking experience. The convenient single-serve can is perfect for enjoying at home or on the go. Available at Two Budz, this THC-infused beverage offers a delicious way to explore hemp-derived Delta 9 products in an easy-to-enjoy drink. Taste & Aroma • Crisp sparkling beverage • Refreshing citrus-forward flavor • Smooth finish with light carbonation Why Choose This Product ✔ 10mg hemp-derived Delta 9 THC per can ✔ Refreshing sparkling beverage ✔ Convenient ready-to-drink format ✔ Great for social occasions ✔ Made with premium hemp ingredients ✔ Third-party lab tested How to Use Enjoy one chilled can and allow adequate time before consuming more. Effects may take time to develop depending on individual tolerance. Intended for adults 21+.",69.99,"topicals","10mg Delta 9 THC per can","0mg CBD","","750ml Singale Bottle","• Refreshing sparkling hemp beverage; • Convenient single-serve can; • 10mg hemp-derived Delta 9 THC per serving; • Easy alternative to traditional edibles; • Great for social gatherings and relaxation; • Crafted with premium hemp ingredients","99.8%","Compliant Hemp Extract","Willie's THC Social Tonic 10mg Sparkling Beverage","Enjoy Willie's THC Social Tonic 10mg. A premium hemp-derived sparkling beverage with 10mg Delta 9 THC in a refreshing ready-to-drink can.","Willie's, THC Social Tonic, Delta 9 THC, 10mg THC, THC Beverage, Sparkling Drink, Hemp Beverage, Ready-to-Drink, Hemp-Derived, THC Drink, Cannabis Beverage, Wellness","Willie's THC Social Tonic 10mg hemp-derived Delta 9 sparkling beverage can",TRUE,FALSE,"prod-1783882226404","thc-social-tonic-10mg"
"Urb Delta 9 Gummies 10mg – Prickly Pear Watermelon","Urb Delta 9 Gummies 10mg – Prickly Pear Watermelon provides balanced relaxation and euphoria through precisely dosed Delta-9 THC gummies in a delicious juicy watermelon flavor. What's Inside • 10mg total Delta-9 THC • Delicious juicy watermelon flavor • Precisely dosed for consistent effects • 10mg total • Third-party lab tested","About This Product Urb Delta 9 Gummies 10mg – Prickly Pear Watermelon provides balanced relaxation and euphoria through a carefully crafted Delta-9 THC gummy formula. Every gummy is carefully dosed for consistent, dependable results. Available in a delicious juicy watermelon flavor, these gummies make adding cannabinoids to your daily routine simple and enjoyable — perfect for relaxing after a long day, supporting sleep, or enhancing your overall sense of wellbeing. Made with premium hemp-derived ingredients and rigorously tested for purity and potency, Urb Delta 9 Gummies 10mg – Prickly Pear Watermelon is a trusted choice at TwoBudz, Flower Mound's premier hemp shop. Browse more Delta-9 THC products in our Delta 9 Products collection at TwoBudz in Flower Mound. Taste & Aroma • Juicy watermelon candy flavor • Sweet summer taste • Smooth clean finish Why Choose This Product ✔ 10mg total Delta-9 THC ✔ Delicious juicy watermelon flavor ✔ Precisely dosed for consistent, reliable effects ✔ 10mg total ✔ Third-party lab tested for purity and potency ✔ Made with premium hemp-derived extract How to Use Start with one gummy and wait 30–60 minutes to understand the effects before consuming more.",46.99,"gummies","< 0.3% THC","10mg","","15 Gummy Pack; 30 Gummy Value Pack","Vegan-friendly, delicious real fruit berry juices; Deep body soothing relaxation and tranquil alignment; Consistent dosage block in every bite","99.8%","Farm Bill Compliant Phytocannabinoid Profile","Urb Delta 9 Gummies 10mg – Prickly Pear Watermelon","Urb Delta 9 Gummies 10mg – Prickly Pear Watermelon provides balanced relaxation and euphoria through precisely dosed Delta-9 THC gummies in a delicious juicy watermelon flavor. What's Inside • 10mg total Delta-9 THC • Delicious juicy watermelon flavor • Precisely dosed for consistent effects • 10mg total • Third-party lab tested","","Urb Delta 9 Gummies 10mg – Prickly Pear Watermelon",FALSE,FALSE,"45","urb-delta-9-gummies-10mg-prickly-pear-watermelon"
"Mighty Kind Delta 9 Seltzer – Watermelon 5mg","Mighty Kind Delta 9 Seltzer – Watermelon 5mg delivers a refreshing sweet juicy melon flavor infused with hemp-derived cannabinoids, offering a balanced and enjoyable cannabis beverage experience. What's Inside • 5mg Delta-9 THC + 10mg CBD per can (2:1 CBD:THC ratio) • Sweet juicy melon flavor • Sparkling Delta-9 THC beverage • Sold individually or by pack","About This Product Mighty Kind Delta 9 Seltzer – Watermelon 5mg combines the bold flavor of fresh watermelon with hemp-derived cannabinoids to create a refreshing sparkling cannabis beverage. Each can contains 5mg Delta-9 THC and 10mg CBD, providing a balanced cannabinoid ratio designed for relaxation and enjoyment. The sweet juicy melon pairs perfectly with crisp carbonation, delivering a refreshing drink that can be enjoyed chilled or served as a mocktail alternative. This Delta-9 THC beverage provides a flavorful way to unwind without alcohol. Made with natural fruit juice and hemp extract, this beverage is crafted to deliver consistent quality and smooth effects for social gatherings or relaxing evenings. Browse more Delta-9 THC-infused beverages in our THC Drinks collection at TwoBudz in Flower Mound. Taste & Aroma • Juicy watermelon flavor • Sweet summer notes • Crisp sparkling finish Why Choose This Product ✔ 5mg Delta-9 THC + 10mg CBD per can ✔ Sparkling cannabis beverage ✔ Alcohol-free relaxation drink ✔ Sweet juicy melon flavor ✔ Vegan, gluten-free, and non-GMO How to Use Start with one can and wait about 30–60 minutes to understand the effects before consuming more.",68,"beverages","< 0.3% THC","5mg","","4-Pack Cans; 12-Pack Case","Sparkling organic carbonated hydration; Fast acting nano-emulsified active cannabinoids; Zero high-fructose corn syrups or artificial color","99.8%","Farm Bill Compliant Phytocannabinoid Profile","Mighty Kind Delta 9 Seltzer – Watermelon 5mg","Mighty Kind Delta 9 Seltzer – Watermelon 5mg delivers a refreshing sweet juicy melon flavor infused with hemp-derived cannabinoids, offering a balanced and enjoyable cannabis beverage experience. What's Inside • 5mg Delta-9 THC + 10mg CBD per can (2:1 CBD:THC ratio) • Sweet juicy melon flavor • Sparkling Delta-9 THC beverage • Sold individually or by pack","","Mighty Kind Delta 9 Seltzer – Watermelon 5mg",FALSE,FALSE,"65","mighty-kind-delta-9-seltzer-watermelon"
"TRĒ House Magic Mushroom Chocolate Bar – Chocolate Milk","TRĒ House Magic Mushroom Chocolate Bar – Chocolate Milk delivers a unique, mind-expanding mushroom experience through a premium creamy milk chocolate chocolate bar infused with functional mushroom blend featuring Amanita muscaria. What's Inside • Infused with functional mushroom blend featuring Amanita muscaria • Creamy milk chocolate chocolate bar • Precisely portioned segments • Shareable format • Premium quality ingredients","About This Product TRĒ House Magic Mushroom Chocolate Bar – Chocolate Milk combines the indulgence of premium rich and creamy milk chocolate with the benefits of functional mushroom blend featuring Amanita muscaria. Each bar is crafted for those who want to enjoy their cannabinoids in a delicious, discreet, and convenient edible format. Infused for consistent dosing across each segment, this chocolate bar provides a unique, mind-expanding mushroom experience without sacrificing on flavor. Whether enjoyed as a personal treat or shared, it delivers a premium experience from start to finish. Browse more edibles in our Mushroom Products collection at TwoBudz in Flower Mound. Taste & Aroma • Classic creamy milk chocolate flavor • Smooth chocolate finish • Rich indulgent taste Why Choose This Product ✔ Infused with functional mushroom blend featuring Amanita muscaria ✔ Delicious creamy milk chocolate chocolate ✔ Precisely portioned segments for consistent dosing ✔ Discreet and shareable format ✔ Premium quality ingredients How to Use Start with one or two segments and wait 30–60 minutes before consuming more to understand the effects.",34.99,"gummies","< 0.3% THC","500mg CBD","","15 Gummy Pack; 30 Gummy Value Pack","Vegan-friendly, delicious real fruit berry juices; Deep body soothing relaxation and tranquil alignment; Consistent dosage block in every bite","99.8%","Farm Bill Compliant Phytocannabinoid Profile","TRĒ House Magic Mushroom Chocolate Bar – Chocolate Milk","TRĒ House Magic Mushroom Chocolate Bar – Chocolate Milk delivers a unique, mind-expanding mushroom experience through a premium creamy milk chocolate chocolate bar infused with functional mushroom blend featuring Amanita muscaria. What's Inside • Infused with functional mushroom blend featuring Amanita muscaria • Creamy milk chocolate chocolate bar • Precisely portioned segments • Shareable format • Premium quality ingredients","","TRĒ House Magic Mushroom Chocolate Bar – Chocolate Milk",FALSE,FALSE,"51","tre-house-magic-mushroom-chocolate-bar-chocolate-milk"
"Little Saints Non-Alcoholic Spirits – ST. Ember","Little Saints Non-Alcoholic Spirits – ST. Ember delivers a complex spirit-forward amber experience with warm smoky botanicals flavor notes, crafted for mindful social enjoyment without alcohol. What's Inside • Alcohol-free premium cocktail • Warm smoky botanicals flavor profile • Infused with functional botanicals • Ready-to-drink format • Zero ABV","About This Product Little Saints Non-Alcoholic Spirits – ST. Ember by Little Saints offers a complex spirit-forward amber experience, delivering the complexity and flavor of a crafted cocktail without a drop of alcohol. Featuring warm smoky botanicals notes, this non-alcoholic beverage is infused with functional botanicals for a mindful drinking experience. Whether you're taking a break from alcohol, designated driving, or simply choosing a healthier lifestyle, Little Saints provides an elegant alternative that doesn't sacrifice taste or the social experience. Discover our full Non-Alcoholic Cocktails collection at TwoBudz in Flower Mound. Taste & Aroma • Warm smoky depth with botanical complexity • Complex botanical layering • Clean, crisp finish Why Choose This Product ✔ Alcohol-free premium cocktail ✔ Warm smoky botanicals flavor profile ✔ Infused with functional botanicals ✔ Ready-to-drink convenience ✔ Zero ABV ✔ Mindful alternative to alcohol How to Use Serve chilled over ice or straight from the bottle. Perfect as a standalone drink or as a mocktail base for your favorite recipes.",60,"cbd-oils","< 0.3% THC","500mg CBD","","30ml Dropper Bottle; 60ml Value Pack","High-potency sublingual absorption profile; Organically cured cold-pressed MCT compound base; Fast restorative action to manage daily tension","99.8%","Farm Bill Compliant Phytocannabinoid Profile","Little Saints Non-Alcoholic Spirits – ST. Ember","Little Saints Non-Alcoholic Spirits – ST. Ember delivers a complex spirit-forward amber experience with warm smoky botanicals flavor notes, crafted for mindful social enjoyment without alcohol. What's Inside • Alcohol-free premium cocktail • Warm smoky botanicals flavor profile • Infused with functional botanicals • Ready-to-drink format • Zero ABV","","Little Saints Non-Alcoholic Spirits – ST. Ember",FALSE,FALSE,"53","little-saints-non-alcoholic-spirits-st-ember"
"Green Garden Gold – Delta 8 Strawberry Lemonade 1000mg Gummies","Green Garden Gold – Delta 8 Strawberry Lemonade 1000mg Gummies brings smooth, clear-headed relaxation through precisely dosed Delta-8 THC gummies in a delicious sweet strawberry lemonade flavor. What's Inside • 1000mg total Delta-8 THC • Delicious sweet strawberry lemonade flavor • Precisely dosed for consistent effects • 1000mg total • Third-party lab tested","About This Product Green Garden Gold – Delta 8 Strawberry Lemonade 1000mg Gummies provides smooth, clear-headed relaxation through a carefully crafted Delta-8 THC gummy formula. Every gummy is carefully dosed for consistent, dependable results. Available in a delicious sweet strawberry lemonade flavor, these gummies make adding cannabinoids to your daily routine simple and enjoyable — perfect for relaxing after a long day, supporting sleep, or enhancing your overall sense of wellbeing. Made with premium hemp-derived ingredients and rigorously tested for purity and potency, Green Garden Gold – Delta 8 Strawberry Lemonade 1000mg Gummies is a trusted choice at TwoBudz, Flower Mound's premier hemp shop. Browse more Delta-8 THC products in our Delta 8 Products collection at TwoBudz in Flower Mound. Taste & Aroma • Sweet strawberry lemonade flavor • Fruity tart balance • Smooth clean finish Why Choose This Product ✔ 1000mg total Delta-8 THC ✔ Delicious sweet strawberry lemonade flavor ✔ Precisely dosed for consistent, reliable effects ✔ 1000mg total ✔ Third-party lab tested for purity and potency ✔ Made with premium hemp-derived extract How to Use Start with one gummy and wait 30–60 minutes to understand the effects before consuming more.",59.99,"gummies","< 0.3% THC","1000mg","","15 Gummy Pack; 30 Gummy Value Pack","Vegan-friendly, delicious real fruit berry juices; Deep body soothing relaxation and tranquil alignment; Consistent dosage block in every bite","99.8%","Farm Bill Compliant Phytocannabinoid Profile","Green Garden Gold – Delta 8 Strawberry Lemonade 1000mg Gummies","Green Garden Gold – Delta 8 Strawberry Lemonade 1000mg Gummies brings smooth, clear-headed relaxation through precisely dosed Delta-8 THC gummies in a delicious sweet strawberry lemonade flavor. What's Inside • 1000mg total Delta-8 THC • Delicious sweet strawberry lemonade flavor • Precisely dosed for consistent effects • 1000mg total • Third-party lab tested","","Green Garden Gold – Delta 8 Strawberry Lemonade 1000mg Gummies",FALSE,FALSE,"70","green-garden-gold-delta-8-strawberry-lemonade-1000mg-gummies"
"PuffCo Proxy Kit – Flourish","PuffCo Proxy Kit – Flourish — a portable, modular concentrate device featuring interchangeable attachments for versatile on-the-go use, engineered for premium hemp concentrate enjoyment. What's Inside • Premium PuffCo Proxy Kit • Advanced heat technology • Flourish limited edition design • Easy to use and maintain • For concentrate enthusiasts","About This Product The PuffCo Proxy Kit – Flourish by PuffCo is a portable, modular concentrate device featuring interchangeable attachments for versatile on-the-go use. The limited edition Flourish design features an exclusive aesthetic that sets it apart, combining premium visual design with industry-leading vaporizer performance. Whether you're an experienced concentrate user or upgrading your setup, this PuffCo device delivers consistent, high-quality vapor from your favorite hemp extracts and concentrates. Available at TwoBudz, the Proxy Kit is a premium choice for discerning enthusiasts. Why Choose This Product ✔ Premium PuffCo Proxy Kit ✔ Advanced temperature control technology ✔ Limited edition Flourish design ✔ Consistent, high-quality vapor production ✔ Easy to use and maintain ✔ Designed for hemp extracts and concentrates How to Use Load your preferred hemp concentrate into the bowl, select your desired heat setting, and enjoy. Clean regularly for best performance. Follow all manufacturer guidelines.",269,"cbd-oils","< 0.3% THC","500mg CBD","","30ml Dropper Bottle; 60ml Value Pack","High-potency sublingual absorption profile; Organically cured cold-pressed MCT compound base; Fast restorative action to manage daily tension","99.8%","Farm Bill Compliant Phytocannabinoid Profile","PuffCo Proxy Kit – Flourish","PuffCo Proxy Kit – Flourish — a portable, modular concentrate device featuring interchangeable attachments for versatile on-the-go use, engineered for premium hemp concentrate enjoyment. What's Inside • Premium PuffCo Proxy Kit • Advanced heat technology • Flourish limited edition design • Easy to use and maintain • For concentrate enthusiasts","","PuffCo Proxy Kit – Flourish",FALSE,FALSE,"24","puffco-proxy-kit-flourish"
"Little Saints Non-Alcoholic Cocktails – Ginger Mule","Little Saints Non-Alcoholic Cocktails – Ginger Mule delivers a bold Moscow Mule-inspired experience with spicy ginger and lime flavor notes, crafted for mindful social enjoyment without alcohol. What's Inside • Alcohol-free premium cocktail • Spicy ginger and lime flavor profile • Infused with functional botanicals • Ready-to-drink format • Zero ABV","About This Product Little Saints Non-Alcoholic Cocktails – Ginger Mule by Little Saints offers a bold Moscow Mule-inspired experience, delivering the complexity and flavor of a crafted cocktail without a drop of alcohol. Featuring spicy ginger and lime notes, this non-alcoholic beverage is infused with functional botanicals for a mindful drinking experience. Whether you're taking a break from alcohol, designated driving, or simply choosing a healthier lifestyle, Little Saints provides an elegant alternative that doesn't sacrifice taste or the social experience. Discover our full Non-Alcoholic Cocktails collection at TwoBudz in Flower Mound. Taste & Aroma • Bold ginger spice with lime tartness • Complex botanical layering • Clean, crisp finish Why Choose This Product ✔ Alcohol-free premium cocktail ✔ Spicy ginger and lime flavor profile ✔ Infused with functional botanicals ✔ Ready-to-drink convenience ✔ Zero ABV ✔ Mindful alternative to alcohol How to Use Serve chilled over ice or straight from the bottle. Perfect as a standalone drink or as a mocktail base for your favorite recipes.",60,"cbd-oils","< 0.3% THC","500mg CBD","","30ml Dropper Bottle; 60ml Value Pack","High-potency sublingual absorption profile; Organically cured cold-pressed MCT compound base; Fast restorative action to manage daily tension","99.8%","Farm Bill Compliant Phytocannabinoid Profile","Little Saints Non-Alcoholic Cocktails – Ginger Mule","Little Saints Non-Alcoholic Cocktails – Ginger Mule delivers a bold Moscow Mule-inspired experience with spicy ginger and lime flavor notes, crafted for mindful social enjoyment without alcohol. What's Inside • Alcohol-free premium cocktail • Spicy ginger and lime flavor profile • Infused with functional botanicals • Ready-to-drink format • Zero ABV","","Little Saints Non-Alcoholic Cocktails – Ginger Mule",FALSE,FALSE,"54","little-saints-non-alcoholic-cocktails-ginger-mule"
"Little Saints Non-Alcoholic Cocktails – Paloma","Little Saints Non-Alcoholic Cocktails – Paloma delivers a refreshing Paloma-inspired experience with grapefruit and lime citrus flavor notes, crafted for mindful social enjoyment without alcohol. What's Inside • Alcohol-free premium cocktail • Grapefruit and lime citrus flavor profile • Infused with functional botanicals • Ready-to-drink format • Zero ABV","About This Product Little Saints Non-Alcoholic Cocktails – Paloma by Little Saints offers a refreshing Paloma-inspired experience, delivering the complexity and flavor of a crafted cocktail without a drop of alcohol. Featuring grapefruit and lime citrus notes, this non-alcoholic beverage is infused with functional botanicals for a mindful drinking experience. Whether you're taking a break from alcohol, designated driving, or simply choosing a healthier lifestyle, Little Saints provides an elegant alternative that doesn't sacrifice taste or the social experience. Discover our full Non-Alcoholic Cocktails collection at TwoBudz in Flower Mound. Taste & Aroma • Bright grapefruit citrus with a lime finish • Complex botanical layering • Clean, crisp finish Why Choose This Product ✔ Alcohol-free premium cocktail ✔ Grapefruit and lime citrus flavor profile ✔ Infused with functional botanicals ✔ Ready-to-drink convenience ✔ Zero ABV ✔ Mindful alternative to alcohol How to Use Serve chilled over ice or straight from the bottle. Perfect as a standalone drink or as a mocktail base for your favorite recipes.",60,"cbd-oils","< 0.3% THC","500mg CBD","","30ml Dropper Bottle; 60ml Value Pack","High-potency sublingual absorption profile; Organically cured cold-pressed MCT compound base; Fast restorative action to manage daily tension","99.8%","Farm Bill Compliant Phytocannabinoid Profile","Little Saints Non-Alcoholic Cocktails – Paloma","Little Saints Non-Alcoholic Cocktails – Paloma delivers a refreshing Paloma-inspired experience with grapefruit and lime citrus flavor notes, crafted for mindful social enjoyment without alcohol. What's Inside • Alcohol-free premium cocktail • Grapefruit and lime citrus flavor profile • Infused with functional botanicals • Ready-to-drink format • Zero ABV","","Little Saints Non-Alcoholic Cocktails – Paloma",FALSE,FALSE,"56","little-saints-non-alcoholic-cocktails-paloma"
"Extrax Rolling Paper","Extrax Rolling Paper — quality Extrax rolling papers for a smooth, even burn with your favorite hemp or herbal blend. What's Inside • Extrax brand rolling papers • Thin, even burn • Natural plant-based materials • Easy to roll • Affordable everyday essential","About This Product Extrax Rolling Paper from Extrax are a staple rolling accessory for hemp and herbal enthusiasts. Crafted for a smooth, consistent burn and easy rolling, these papers are made from natural plant-based materials that complement your preferred blend without altering its flavor. Thin, light, and consistently cut, Extrax papers are trusted by users worldwide for their reliability and quality at an unbeatable price point. Available at TwoBudz as a convenient add-on to your accessories collection. Why Choose This Product ✔ Extrax brand rolling papers ✔ Thin for a smooth, even burn ✔ Natural plant-based materials ✔ Easy-to-roll design ✔ Affordable everyday essential How to Use Use with your preferred hemp flower or herbal blend. Roll evenly and enjoy responsibly.",2.99,"cbd-oils","< 0.3% THC","500mg CBD","","30ml Dropper Bottle; 60ml Value Pack","High-potency sublingual absorption profile; Organically cured cold-pressed MCT compound base; Fast restorative action to manage daily tension","99.8%","Farm Bill Compliant Phytocannabinoid Profile","Extrax Rolling Paper","Extrax Rolling Paper — quality Extrax rolling papers for a smooth, even burn with your favorite hemp or herbal blend. What's Inside • Extrax brand rolling papers • Thin, even burn • Natural plant-based materials • Easy to roll • Affordable everyday essential","","Extrax Rolling Paper",FALSE,FALSE,"128","extrax-rolling-paper"
"Wyld CBD Sparkling Water – Lemon 50mg","Wyld CBD Sparkling Water – Lemon 50mg delivers a refreshing bright zesty citrus flavor infused with hemp-derived cannabinoids, offering a balanced and enjoyable cannabis beverage experience. What's Inside • 50mg CBD per can • Bright zesty citrus flavor • Sparkling CBD beverage • Sold individually or by pack","About This Product Wyld CBD Sparkling Water – Lemon 50mg combines the bold flavor of fresh lemon with hemp-derived cannabinoids to create a refreshing sparkling cannabis beverage. Each can contains 50mg of hemp-derived CBD, offering a smooth, non-intoxicating experience perfect for everyday wellness and relaxation. The bright zesty citrus pairs perfectly with crisp carbonation, delivering a refreshing drink that can be enjoyed chilled or served as a mocktail alternative. This CBD beverage provides a flavorful way to unwind without alcohol. Made with natural fruit juice and hemp extract, this beverage is crafted to deliver consistent quality and smooth effects for social gatherings or relaxing evenings. Browse more CBD-infused beverages in our CBD Drinks collection at TwoBudz in Flower Mound. Taste & Aroma • Bright lemon citrus flavor • Light sweet notes • Crisp sparkling finish Why Choose This Product ✔ 50mg CBD per can ✔ Hemp-derived CBD beverage ✔ Alcohol-free wellness drink ✔ Bright zesty citrus flavor ✔ Vegan, gluten-free, and non-GMO How to Use Start with one can and wait about 30–60 minutes to understand the effects before consuming more.",5.99,"beverages","< 0.3% THC","50mg","","Single Can; 12 fl oz; 4-Pack","Sparkling organic carbonated hydration; Fast acting nano-emulsified active cannabinoids; Zero high-fructose corn syrups or artificial color","99.8%","Farm Bill Compliant Phytocannabinoid Profile","Wyld CBD Sparkling Water Lemon 50mg","Shop Wyld CBD Sparkling Water Lemon 50mg. Premium hemp-derived CBD sparkling water with refreshing lemon flavor for everyday wellness.","Wyld, CBD Sparkling Water, Lemon, 50mg CBD, CBD Beverage, Hemp-Derived, Sparkling Water, CBD Drink, Wellness, Premium CBD, Ready-to-Drink","Wyld CBD Sparkling Water Lemon 50mg hemp-derived CBD beverage can",FALSE,FALSE,"62","wyld-cbd-sparkling-water-lemon-50mg"
"Barney's Botanical – Delta 8 Gummy – 50mg, 30ct","Barney's Botanical – Delta 8 Gummy – 50mg, 30ct brings smooth, clear-headed relaxation through precisely dosed Delta-8 THC gummies in a delicious mixed fruit candy flavor. What's Inside • 1mg Delta-8 THC per gummy • Delicious mixed fruit candy flavor • Precisely dosed for consistent effects • 30-count pack • Third-party lab tested","About This Product Barney's Botanical – Delta 8 Gummy – 50mg, 30ct provides smooth, clear-headed relaxation through a carefully crafted Delta-8 THC gummy formula. Every gummy is carefully dosed for consistent, dependable results. Available in a delicious mixed fruit candy flavor, these gummies make adding cannabinoids to your daily routine simple and enjoyable — perfect for relaxing after a long day, supporting sleep, or enhancing your overall sense of wellbeing. Made with premium hemp-derived ingredients and rigorously tested for purity and potency, Barney's Botanical – Delta 8 Gummy – 50mg, 30ct is a trusted choice at TwoBudz, Flower Mound's premier hemp shop. Browse more Delta-8 THC products in our Delta 8 Products collection at TwoBudz in Flower Mound. Taste & Aroma • Mixed fruit candy flavor • Sweet balanced taste • Smooth clean finish Why Choose This Product ✔ 1mg Delta-8 THC per gummy ✔ Delicious mixed fruit candy flavor ✔ Precisely dosed for consistent, reliable effects ✔ 30-count pack ✔ Third-party lab tested for purity and potency ✔ Made with premium hemp-derived extract How to Use Start with one gummy and wait 30–60 minutes to understand the effects before consuming more.",64.99,"gummies","< 0.3% THC","50mg","","15 Gummy Pack; 30 Gummy Value Pack","Vegan-friendly, delicious real fruit berry juices; Deep body soothing relaxation and tranquil alignment; Consistent dosage block in every bite","99.8%","Farm Bill Compliant Phytocannabinoid Profile","Barney's Botanical – Delta 8 Gummy – 50mg, 30ct","Barney's Botanical – Delta 8 Gummy – 50mg, 30ct brings smooth, clear-headed relaxation through precisely dosed Delta-8 THC gummies in a delicious mixed fruit candy flavor. What's Inside • 1mg Delta-8 THC per gummy • Delicious mixed fruit candy flavor • Precisely dosed for consistent effects • 30-count pack • Third-party lab tested","","Barney's Botanical – Delta 8 Gummy – 50mg, 30ct",FALSE,FALSE,"166","barneys-botanical-delta-8-gummy-50-mg-30-count"
"Wyld CBD Sparkling Water – Raspberry 50mg","Wyld CBD Sparkling Water – Raspberry 50mg delivers a refreshing sweet-tart berry flavor infused with hemp-derived cannabinoids, offering a balanced and enjoyable cannabis beverage experience. What's Inside • 50mg CBD per can • Sweet-tart berry flavor • Sparkling CBD beverage • Sold individually or by pack","About This Product Wyld CBD Sparkling Water – Raspberry 50mg combines the bold flavor of ripe raspberries with hemp-derived cannabinoids to create a refreshing sparkling cannabis beverage. Each can contains 50mg of hemp-derived CBD, offering a smooth, non-intoxicating experience perfect for everyday wellness and relaxation. The sweet-tart berry pairs perfectly with crisp carbonation, delivering a refreshing drink that can be enjoyed chilled or served as a mocktail alternative. This CBD beverage provides a flavorful way to unwind without alcohol. Made with natural fruit juice and hemp extract, this beverage is crafted to deliver consistent quality and smooth effects for social gatherings or relaxing evenings. Browse more CBD-infused beverages in our CBD Drinks collection at TwoBudz in Flower Mound. Taste & Aroma • Sweet raspberry flavor • Light tart berry notes • Crisp sparkling finish Why Choose This Product ✔ 50mg CBD per can ✔ Hemp-derived CBD beverage ✔ Alcohol-free wellness drink ✔ Sweet-tart berry flavor ✔ Vegan, gluten-free, and non-GMO How to Use Start with one can and wait about 30–60 minutes to understand the effects before consuming more.",5.99,"beverages","< 0.3% THC","500gm CBD","","12 fl oz; 4-pack","Sparkling organic carbonated hydration; Fast acting nano-emulsified active cannabinoids; Zero high-fructose corn syrups or artificial color","99.8%","Farm Bill Compliant Phytocannabinoid Profile","Wyld CBD Sparkling Water Raspberry 50mg","Shop Wyld CBD Sparkling Water Raspberry 50mg. Premium hemp-derived CBD sparkling water with refreshing raspberry flavor for everyday wellness.","Wyld, CBD Sparkling Water, Raspberry, 50mg CBD, CBD Beverage, Hemp-Derived, Sparkling Water, CBD Drink, Wellness, Premium CBD, Ready-to-Drink, CBD","Wyld CBD Sparkling Water Raspberry 50mg hemp-derived CBD beverage can",FALSE,FALSE,"61","wyld-cbd-sparkling-water-raspberry-50mg"
"Just CBD – CBD Gummies 1000mg","Just CBD – CBD Gummies 1000mg supports everyday wellness — now available at TwoBudz in Flower Mound, TX and calm balance through precisely dosed CBD gummies in a delicious mixed fruit candy flavor. What's Inside • 1000mg total CBD • Delicious mixed fruit candy flavor • Precisely dosed for consistent effects • 1000mg total • Third-party lab tested","About This Product Just CBD – CBD Gummies 1000mg provides daily wellness and calm through a carefully crafted CBD gummy formula. Every gummy is carefully dosed for consistent, dependable results. Available in a delicious mixed fruit candy flavor, these gummies make adding cannabinoids to your daily routine simple and enjoyable — perfect for relaxing after a long day, supporting sleep, or enhancing your overall sense of wellbeing. Made with premium hemp-derived ingredients and rigorously tested for purity and potency, Just CBD – CBD Gummies 1000mg is a trusted choice at TwoBudz, Flower Mound's premier hemp shop. Browse more CBD products in our CBD Products collection at TwoBudz in Flower Mound. Taste & Aroma • Mixed fruit candy flavor • Sweet balanced taste • Smooth clean finish Why Choose This Product ✔ 1000mg total CBD ✔ Delicious mixed fruit candy flavor ✔ Precisely dosed for consistent, reliable effects ✔ 1000mg total ✔ Third-party lab tested for purity and potency ✔ Made with premium hemp-derived extract How to Use Start with one gummy and wait 30–60 minutes to understand the effects before consuming more.",49.99,"gummies","< 0.3% THC","1000mg","","15 Gummy Pack; 30 Gummy Value Pack","Vegan-friendly, delicious real fruit berry juices; Deep body soothing relaxation and tranquil alignment; Consistent dosage block in every bite","99.8%","Farm Bill Compliant Phytocannabinoid Profile","Just CBD – CBD Gummies 1000mg","Just CBD – CBD Gummies 1000mg supports everyday wellness — now available at TwoBudz in Flower Mound, TX and calm balance through precisely dosed CBD gummies in a delicious mixed fruit candy flavor. What's Inside • 1000mg total CBD • Delicious mixed fruit candy flavor • Precisely dosed for consistent effects • 1000mg total • Third-party lab tested","","Just CBD – CBD Gummies 1000mg",FALSE,FALSE,"78","just-cbd-cbd-gummies-1000mg"
"Green Garden Gold – D9 Cloud 9 Strawberry Lemonade 300mg Gummies","Green Garden Gold – D9 Cloud 9 Strawberry Lemonade 300mg Gummies provides balanced relaxation and euphoria through precisely dosed Delta-9 THC gummies in a delicious sweet strawberry lemonade flavor. What's Inside • 300mg total Delta-9 THC • Delicious sweet strawberry lemonade flavor • Precisely dosed for consistent effects • 300mg total • Third-party lab tested","About This Product Green Garden Gold – D9 Cloud 9 Strawberry Lemonade 300mg Gummies provides balanced relaxation and euphoria through a carefully crafted Delta-9 THC gummy formula. Every gummy is carefully dosed for consistent, dependable results. Available in a delicious sweet strawberry lemonade flavor, these gummies make adding cannabinoids to your daily routine simple and enjoyable — perfect for relaxing after a long day, supporting sleep, or enhancing your overall sense of wellbeing. Made with premium hemp-derived ingredients and rigorously tested for purity and potency, Green Garden Gold – D9 Cloud 9 Strawberry Lemonade 300mg Gummies is a trusted choice at TwoBudz, Flower Mound's premier hemp shop. Browse more Delta-9 THC products in our Delta 9 Products collection at TwoBudz in Flower Mound. Taste & Aroma • Sweet strawberry lemonade flavor • Fruity tart balance • Smooth clean finish Why Choose This Product ✔ 300mg total Delta-9 THC ✔ Delicious sweet strawberry lemonade flavor ✔ Precisely dosed for consistent, reliable effects ✔ 300mg total ✔ Third-party lab tested for purity and potency ✔ Made with premium hemp-derived extract How to Use Start with one gummy and wait 30–60 minutes to understand the effects before consuming more.",69.99,"gummies","10mg Delta-9 THC","300mg","","15 Gummy Pack; 30 Gummy Value Pack","Vegan-friendly, delicious real fruit berry juices; Deep body soothing relaxation and tranquil alignment; Consistent dosage block in every bite","99.8%","Farm Bill Compliant Phytocannabinoid Profile","Green Garden Gold – D9 Cloud 9 Strawberry Lemonade 300mg Gummies","Green Garden Gold – D9 Cloud 9 Strawberry Lemonade 300mg Gummies provides balanced relaxation and euphoria through precisely dosed Delta-9 THC gummies in a delicious sweet strawberry lemonade flavor. What's Inside • 300mg total Delta-9 THC • Delicious sweet strawberry lemonade flavor • Precisely dosed for consistent effects • 300mg total • Third-party lab tested","","Green Garden Gold – D9 Cloud 9 Strawberry Lemonade 300mg Gummies",FALSE,FALSE,"68","green-garden-gold-d9-cloud-9-strawberry-lemonade-300mg-gummies"
"Just CBD – CBD Feline Treats 100mg","Just CBD – CBD Feline Treats 100mg provides daily wellness for your cat in a delicious natural treat they'll love. What's Inside • 100mg CBD per package • Natural flavor • Soft chew treat format • Pet-safe hemp-derived CBD • Third-party lab tested","About This Product Just CBD – CBD Feline Treats 100mg offers a tasty, convenient way to support your cat's daily wellness. Made with premium hemp-derived CBD and crafted specifically for cats, these treats make it easy to incorporate cannabinoids into your pet's daily routine. Each treat is formulated with pet-safe ingredients and comes in a natural flavor that cats enjoy, making daily dosing stress-free for both you and your pet. Available at TwoBudz, these CBD cat treats are lab tested and trusted by pet owners. Taste & Aroma • Natural flavor cats love • Soft and easy to chew • Made with pet-safe ingredients Why Choose This Product ✔ 100mg CBD per package ✔ Natural flavor cats love ✔ Supports daily wellness ✔ Soft, easy-to-chew treat format ✔ Pet-safe hemp-derived CBD ✔ Third-party lab tested for purity How to Use Give your cat the recommended number of treats based on their weight. Consult your veterinarian before adding any supplement to your pet's diet.",44.99,"pets","< 0.3% THC","100mg","","30ml Dropper Bottle","Vet-approved 100% safe broad-spectrum base; Delectable natural flavors pet easily swallows; Relief from thunder storms and joint stiffness","99.8%","Farm Bill Compliant Phytocannabinoid Profile","Just CBD – CBD Feline Treats 100mg","Just CBD – CBD Feline Treats 100mg provides daily wellness for your cat in a delicious natural treat they'll love. What's Inside • 100mg CBD per package • Natural flavor • Soft chew treat format • Pet-safe hemp-derived CBD • Third-party lab tested","","Just CBD – CBD Feline Treats 100mg",FALSE,FALSE,"79","just-cbd-cbd-feline-treats-100mg"
"Just CBD – CBD Oil For Cats 500mg","Just CBD – CBD Oil For Cats 500mg offers precise CBD support for your cat's wellness in a natural flavor they'll love. What's Inside • 500mg CBD per bottle • Natural flavor cats love • Easy-to-use dropper • Broad-spectrum hemp CBD • Third-party lab tested","About This Product Just CBD – CBD Oil For Cats 500mg gives cat owners an easy, reliable way to support their feline companion's overall wellness. Formulated with high-quality broad-spectrum hemp CBD, this tincture is designed with pets in mind — featuring a palatable natural flavor that even picky cats enjoy. Every bottle holds 500mg of premium CBD, making it easy to dial in the right serving size using the convenient dropper applicator. Whether you're looking to support calm behavior, joint comfort, or general wellness, this CBD tincture for cats is a trusted choice at TwoBudz, Flower Mound's premier hemp shop. Taste & Aroma • Natural flavor • Palatable for picky cats • Smooth oil finish Why Choose This Product ✔ 500mg CBD per bottle ✔ Natural flavor cats love ✔ Easy-to-use precision dropper ✔ Broad-spectrum — no THC ✔ Pet-safe hemp-derived CBD ✔ Third-party lab tested for purity How to Use Add the recommended amount to your cat's food or directly to their mouth based on their weight. Consult your veterinarian before use.",44.99,"pets","< 0.3% THC","500mg","","30ml Dropper Bottle","Vet-approved 100% safe broad-spectrum base; Delectable natural flavors pet easily swallows; Relief from thunder storms and joint stiffness","99.8%","Farm Bill Compliant Phytocannabinoid Profile","Just CBD – CBD Oil For Cats 500mg","Just CBD – CBD Oil For Cats 500mg offers precise CBD support for your cat's wellness in a natural flavor they'll love. What's Inside • 500mg CBD per bottle • Natural flavor cats love • Easy-to-use dropper • Broad-spectrum hemp CBD • Third-party lab tested","","Just CBD – CBD Oil For Cats 500mg",FALSE,FALSE,"81","just-cbd-cbd-oil-for-cats-500mg"
"Just CBD – CBD Oil For Dogs 500mg","Just CBD – CBD Oil For Dogs 500mg offers precise CBD support for your dog's health and wellness with a natural flavor dogs love. What's Inside • 500mg CBD per bottle • Natural flavor dogs love • Easy-to-use dropper • Broad-spectrum hemp CBD • Third-party lab tested","About This Product Just CBD – CBD Oil For Dogs 500mg gives dog owners a simple, trusted way to support their pet's overall wellness. Made with premium broad-spectrum hemp-derived CBD, this tincture features a natural flavor that dogs find irresistible, making it easy to incorporate into daily routines. Every bottle holds 500mg of high-quality CBD with a precision dropper for easy, consistent dosing tailored to your dog's size and needs. Available at TwoBudz, this dog CBD oil is a trusted, third-party tested product for caring pet owners. Taste & Aroma • Natural flavor • Palatable for dogs • Smooth oil finish Why Choose This Product ✔ 500mg CBD per bottle ✔ Natural flavor dogs love ✔ Easy-to-use precision dropper ✔ Broad-spectrum hemp-derived CBD ✔ Pet-safe formula ✔ Third-party lab tested for purity How to Use Add the recommended serving to your dog's food or directly to their mouth based on their body weight. Consult your veterinarian before use.",44.99,"pets","< 0.3% THC","500mg","","30ml Dropper Bottle","Vet-approved 100% safe broad-spectrum base; Delectable natural flavors pet easily swallows; Relief from thunder storms and joint stiffness","99.8%","Farm Bill Compliant Phytocannabinoid Profile","Just CBD – CBD Oil For Dogs 500mg","Just CBD – CBD Oil For Dogs 500mg offers precise CBD support for your dog's health and wellness with a natural flavor dogs love. What's Inside • 500mg CBD per bottle • Natural flavor dogs love • Easy-to-use dropper • Broad-spectrum hemp CBD • Third-party lab tested","","Just CBD – CBD Oil For Dogs 500mg",FALSE,FALSE,"82","just-cbd-cbd-oil-for-dogs-500mg"
"Cycling Frog Delta 9 Seltzer Guava Passionfruit 5mg","Cycling Frog Delta 9 Seltzer Guava Passionfruit 5mg delivers a refreshing lush tropical sweetness flavor infused with hemp-derived cannabinoids, offering a balanced and enjoyable cannabis beverage experience. What's Inside • 5mg Delta-9 THC + 10mg CBD per can (2:1 CBD:THC ratio) • Lush tropical sweetness flavor • Sparkling Delta-9 THC beverage • Sold individually or by pack","About This Product Cycling Frog Delta 9 Seltzer Guava Passionfruit 5mg combines the bold flavor of tropical guava and passionfruit with hemp-derived cannabinoids to create a refreshing sparkling cannabis beverage. Each can contains 5mg Delta-9 THC and 10mg CBD, providing a balanced cannabinoid ratio designed for relaxation and enjoyment. The lush tropical sweetness pairs perfectly with crisp carbonation, delivering a refreshing drink that can be enjoyed chilled or served as a mocktail alternative. This Delta-9 THC beverage provides a flavorful way to unwind without alcohol. Made with natural fruit juice and hemp extract, this beverage is crafted to deliver consistent quality and smooth effects for social gatherings or relaxing evenings. Browse more Delta-9 THC-infused beverages in our THC Drinks collection at TwoBudz in Flower Mound. Taste & Aroma • Ripe guava flavor • Exotic passionfruit notes • Crisp sparkling finish Why Choose This Product ✔ 5mg Delta-9 THC + 10mg CBD per can ✔ Sparkling cannabis beverage ✔ Alcohol-free relaxation drink ✔ Lush tropical sweetness flavor ✔ Vegan, gluten-free, and non-GMO How to Use Start with one can and wait about 30–60 minutes to understand the effects before consuming more.",59.99,"beverages","< 0.3% THC","5mg","","4-Pack Cans; 12-Pack Case","Sparkling organic carbonated hydration; Fast acting nano-emulsified active cannabinoids; Zero high-fructose corn syrups or artificial color","99.8%","Farm Bill Compliant Phytocannabinoid Profile","Cycling Frog Delta 9 Seltzer Guava Passionfruit 5mg","Cycling Frog Delta 9 Seltzer Guava Passionfruit 5mg delivers a refreshing lush tropical sweetness flavor infused with hemp-derived cannabinoids, offering a balanced and enjoyable cannabis beverage experience. What's Inside • 5mg Delta-9 THC + 10mg CBD per can (2:1 CBD:THC ratio) • Lush tropical sweetness flavor • Sparkling Delta-9 THC beverage • Sold individually or by pack","","Cycling Frog Delta 9 Seltzer Guava Passionfruit 5mg",FALSE,FALSE,"83","cycling-frog-delta-9-seltzer-guava-passionfruit-5mg"
"Delta 8 Gummies 50mg","Delta 8 Gummies 50mg brings smooth, clear-headed relaxation through precisely dosed Delta-8 THC gummies in a delicious mixed fruit candy flavor. What's Inside • 50mg total Delta-8 THC • Delicious mixed fruit candy flavor • Precisely dosed for consistent effects • 50mg total • Third-party lab tested","About This Product Delta 8 Gummies 50mg provides smooth, clear-headed relaxation through a carefully crafted Delta-8 THC gummy formula. Every gummy is carefully dosed for consistent, dependable results. Available in a delicious mixed fruit candy flavor, these gummies make adding cannabinoids to your daily routine simple and enjoyable — perfect for relaxing after a long day, supporting sleep, or enhancing your overall sense of wellbeing. Made with premium hemp-derived ingredients and rigorously tested for purity and potency, Delta 8 Gummies 50mg is a trusted choice at TwoBudz, Flower Mound's premier hemp shop. Browse more Delta-8 THC products in our Delta 8 Products collection at TwoBudz in Flower Mound. Taste & Aroma • Mixed fruit candy flavor • Sweet balanced taste • Smooth clean finish Why Choose This Product ✔ 50mg total Delta-8 THC ✔ Delicious mixed fruit candy flavor ✔ Precisely dosed for consistent, reliable effects ✔ 50mg total ✔ Third-party lab tested for purity and potency ✔ Made with premium hemp-derived extract How to Use Start with one gummy and wait 30–60 minutes to understand the effects before consuming more.",64.99,"gummies","< 0.3% THC","50mg","","15 Gummy Pack; 30 Gummy Value Pack","Vegan-friendly, delicious real fruit berry juices; Deep body soothing relaxation and tranquil alignment; Consistent dosage block in every bite","99.8%","Farm Bill Compliant Phytocannabinoid Profile","Delta 8 Gummies 50mg","Delta 8 Gummies 50mg brings smooth, clear-headed relaxation through precisely dosed Delta-8 THC gummies in a delicious mixed fruit candy flavor. What's Inside • 50mg total Delta-8 THC • Delicious mixed fruit candy flavor • Precisely dosed for consistent effects • 50mg total • Third-party lab tested","","Delta 8 Gummies 50mg",FALSE,FALSE,"138","delta-8-gummies-50mg"
"Cycling Frog Delta 9 Seltzer Lemon 2mg","Cycling Frog Delta 9 Seltzer Lemon 2mg delivers a refreshing bright zesty citrus flavor infused with hemp-derived cannabinoids, offering a balanced and enjoyable cannabis beverage experience. What's Inside • 2mg Delta-9 THC per can • Bright zesty citrus flavor • Sparkling Delta-9 THC beverage • Sold individually or by pack","About This Product Cycling Frog Delta 9 Seltzer Lemon 2mg combines the bold flavor of fresh lemon with hemp-derived cannabinoids to create a refreshing sparkling cannabis beverage. Each can contains 2mg of hemp-derived Delta-9 THC — a gentle, approachable dose ideal for first-time cannabis beverage drinkers or microdosing. The bright zesty citrus pairs perfectly with crisp carbonation, delivering a refreshing drink that can be enjoyed chilled or served as a mocktail alternative. This Delta-9 THC beverage provides a flavorful way to unwind without alcohol. Made with natural fruit juice and hemp extract, this beverage is crafted to deliver consistent quality and smooth effects for social gatherings or relaxing evenings. Browse more Delta-9 THC-infused beverages in our THC Drinks collection at TwoBudz in Flower Mound. Taste & Aroma • Bright lemon citrus flavor • Light sweet notes • Crisp sparkling finish Why Choose This Product ✔ 2mg Delta-9 THC per can ✔ Sparkling cannabis beverage ✔ Alcohol-free relaxation drink ✔ Bright zesty citrus flavor ✔ Vegan, gluten-free, and non-GMO How to Use Start with one can and wait about 30–60 minutes to understand the effects before consuming more.",54.99,"beverages","< 0.3% THC","2mg","","4-Pack Cans; 12-Pack Case","Sparkling organic carbonated hydration; Fast acting nano-emulsified active cannabinoids; Zero high-fructose corn syrups or artificial color","99.8%","Farm Bill Compliant Phytocannabinoid Profile","Cycling Frog Delta 9 Seltzer Lemon 2mg","Cycling Frog Delta 9 Seltzer Lemon 2mg delivers a refreshing bright zesty citrus flavor infused with hemp-derived cannabinoids, offering a balanced and enjoyable cannabis beverage experience. What's Inside • 2mg Delta-9 THC per can • Bright zesty citrus flavor • Sparkling Delta-9 THC beverage • Sold individually or by pack","","Cycling Frog Delta 9 Seltzer Lemon 2mg",FALSE,FALSE,"87","cycling-frog-delta-9-seltzer-lemon-2mg"
"Mighty Kind Delta 9 Seltzer Cherry Blossom 10mg","Mighty Kind Delta 9 Seltzer Cherry Blossom 10mg delivers a refreshing light floral cherry sweetness flavor infused with hemp-derived cannabinoids, offering a balanced and enjoyable cannabis beverage experience. What's Inside • 10mg Delta-9 THC per can • Light floral cherry sweetness flavor • Sparkling Delta-9 THC beverage • Sold individually or by pack","About This Product Mighty Kind Delta 9 Seltzer Cherry Blossom 10mg combines the bold flavor of delicate cherry blossom with hemp-derived cannabinoids to create a refreshing sparkling cannabis beverage. Each can contains 10mg of hemp-derived Delta-9 THC, providing a balanced cannabis experience designed for relaxation and enjoyment. The light floral cherry sweetness pairs perfectly with crisp carbonation, delivering a refreshing drink that can be enjoyed chilled or served as a mocktail alternative. This Delta-9 THC beverage provides a flavorful way to unwind without alcohol. Made with natural fruit juice and hemp extract, this beverage is crafted to deliver consistent quality and smooth effects for social gatherings or relaxing evenings. Browse more Delta-9 THC-infused beverages in our THC Drinks collection at TwoBudz in Flower Mound. Taste & Aroma • Delicate cherry blossom flavor • Subtle floral notes • Crisp sparkling finish Why Choose This Product ✔ 10mg Delta-9 THC per can ✔ Sparkling cannabis beverage ✔ Alcohol-free relaxation drink ✔ Light floral cherry sweetness flavor ✔ Vegan, gluten-free, and non-GMO How to Use Start with one can and wait about 30–60 minutes to understand the effects before consuming more.",95.99,"beverages","< 0.3% THC","10mg","","4-Pack Cans; 12-Pack Case","Sparkling organic carbonated hydration; Fast acting nano-emulsified active cannabinoids; Zero high-fructose corn syrups or artificial color","99.8%","Farm Bill Compliant Phytocannabinoid Profile","Mighty Kind Delta 9 Seltzer Cherry Blossom 10mg","Mighty Kind Delta 9 Seltzer Cherry Blossom 10mg delivers a refreshing light floral cherry sweetness flavor infused with hemp-derived cannabinoids, offering a balanced and enjoyable cannabis beverage experience. What's Inside • 10mg Delta-9 THC per can • Light floral cherry sweetness flavor • Sparkling Delta-9 THC beverage • Sold individually or by pack","","Mighty Kind Delta 9 Seltzer Cherry Blossom 10mg",FALSE,FALSE,"89","mighty-kind-delta-9-seltzer-cherry-blossom-10mg"
"Barney's Botanicals Delta 8 Gummies Blue Dream 5ct","Barney's Botanicals Delta 8 Gummies Blue Dream 5ct brings smooth, clear-headed relaxation through precisely dosed Delta-8 THC gummies in a delicious sweet blueberry and vanilla flavor. What's Inside • Delta-8 THC formula • Delicious sweet blueberry and vanilla flavor • Precisely dosed for consistent effects • 5-count pack • Third-party lab tested","About This Product Barney's Botanicals Delta 8 Gummies Blue Dream 5ct provides smooth, clear-headed relaxation through a carefully crafted Delta-8 THC gummy formula. Every gummy is carefully dosed for consistent, dependable results. Available in a delicious sweet blueberry and vanilla flavor, these gummies make adding cannabinoids to your daily routine simple and enjoyable — perfect for relaxing after a long day, supporting sleep, or enhancing your overall sense of wellbeing. Made with premium hemp-derived ingredients and rigorously tested for purity and potency, Barney's Botanicals Delta 8 Gummies Blue Dream 5ct is a trusted choice at TwoBudz, Flower Mound's premier hemp shop. Browse more Delta-8 THC products in our Delta 8 Products collection at TwoBudz in Flower Mound. Taste & Aroma • Sweet blueberry and vanilla flavor • Light floral notes • Smooth clean finish Why Choose This Product ✔ Delta-8 THC formula ✔ Delicious sweet blueberry and vanilla flavor ✔ Precisely dosed for consistent, reliable effects ✔ 5-count pack ✔ Third-party lab tested for purity and potency ✔ Made with premium hemp-derived extract How to Use Start with one gummy and wait 30–60 minutes to understand the effects before consuming more.",22.99,"gummies","< 0.3% THC","500mg CBD","","15 Gummy Pack; 30 Gummy Value Pack","Vegan-friendly, delicious real fruit berry juices; Deep body soothing relaxation and tranquil alignment; Consistent dosage block in every bite","99.8%","Farm Bill Compliant Phytocannabinoid Profile","Barney's Botanicals Delta 8 Gummies Blue Dream 5ct","Barney's Botanicals Delta 8 Gummies Blue Dream 5ct brings smooth, clear-headed relaxation through precisely dosed Delta-8 THC gummies in a delicious sweet blueberry and vanilla flavor. What's Inside • Delta-8 THC formula • Delicious sweet blueberry and vanilla flavor • Precisely dosed for consistent effects • 5-count pack • Third-party lab tested","","Barney's Botanicals Delta 8 Gummies Blue Dream 5ct",FALSE,FALSE,"101","barneys-botanicals-delta-8-gummies-blue-dream-5ct"
"Barney's Botanicals Delta 8 Gummies Cherry Pie 30ct","Barney's Botanicals Delta 8 Gummies Cherry Pie 30ct brings smooth, clear-headed relaxation through precisely dosed Delta-8 THC gummies in a delicious sweet cherry pie flavor. What's Inside • Delta-8 THC formula • Delicious sweet cherry pie flavor • Precisely dosed for consistent effects • 30-count pack • Third-party lab tested","About This Product Barney's Botanicals Delta 8 Gummies Cherry Pie 30ct provides smooth, clear-headed relaxation through a carefully crafted Delta-8 THC gummy formula. Every gummy is carefully dosed for consistent, dependable results. Available in a delicious sweet cherry pie flavor, these gummies make adding cannabinoids to your daily routine simple and enjoyable — perfect for relaxing after a long day, supporting sleep, or enhancing your overall sense of wellbeing. Made with premium hemp-derived ingredients and rigorously tested for purity and potency, Barney's Botanicals Delta 8 Gummies Cherry Pie 30ct is a trusted choice at TwoBudz, Flower Mound's premier hemp shop. Browse more Delta-8 THC products in our Delta 8 Products collection at TwoBudz in Flower Mound. Taste & Aroma • Sweet cherry pie flavor • Fruity dessert notes • Smooth clean finish Why Choose This Product ✔ Delta-8 THC formula ✔ Delicious sweet cherry pie flavor ✔ Precisely dosed for consistent, reliable effects ✔ 30-count pack ✔ Third-party lab tested for purity and potency ✔ Made with premium hemp-derived extract How to Use Start with one gummy and wait 30–60 minutes to understand the effects before consuming more.",64.99,"gummies","< 0.3% THC","500mg CBD","","15 Gummy Pack; 30 Gummy Value Pack","Vegan-friendly, delicious real fruit berry juices; Deep body soothing relaxation and tranquil alignment; Consistent dosage block in every bite","99.8%","Farm Bill Compliant Phytocannabinoid Profile","Barney's Botanicals Delta 8 Gummies Cherry Pie 30ct","Barney's Botanicals Delta 8 Gummies Cherry Pie 30ct brings smooth, clear-headed relaxation through precisely dosed Delta-8 THC gummies in a delicious sweet cherry pie flavor. What's Inside • Delta-8 THC formula • Delicious sweet cherry pie flavor • Precisely dosed for consistent effects • 30-count pack • Third-party lab tested","","Barney's Botanicals Delta 8 Gummies Cherry Pie 30ct",FALSE,FALSE,"115","barneys-botanicals-delta-8-gummies-cherry-pie-30ct"
"Primo Vibes CBD Nano Water Soluble 1500mg – Mint","Primo Vibes CBD Nano Water Soluble 1500mg – Mint delivers fast-absorbing nano CBD technology in a mint flavor — perfect for mixing into any beverage. What's Inside • 1500mg CBD per bottle • Nano water-soluble technology • Mint flavor • Enhanced bioavailability vs. standard oils • Mix into any drink","About This Product Primo Vibes CBD Nano Water Soluble 1500mg – Mint harnesses advanced nano water-soluble technology to deliver CBD more efficiently than traditional oil tinctures. By breaking CBD into nano-sized particles, this formula offers enhanced bioavailability and faster onset — so you get more from every serving. With a mint flavor, it can be taken directly or easily mixed into water, juice, coffee, or any favorite beverage for a seamless wellness routine. Available at TwoBudz, this nano CBD formula is ideal for those who want flexible, effective CBD support throughout the day. Taste & Aroma • Mint flavor • Water-soluble nano CBD • Fast-absorbing formula Why Choose This Product ✔ 1500mg CBD per bottle ✔ Nano water-soluble technology ✔ Mint flavor ✔ Enhanced bioavailability vs. standard CBD oils ✔ Versatile — mix into any beverage or take directly ✔ Third-party lab tested How to Use Add desired amount to water or take directly under the tongue. Start with a small serving and adjust based on your needs.",120,"beverages","< 0.3% THC","1500mg","","4-Pack Cans; 12-Pack Case","Sparkling organic carbonated hydration; Fast acting nano-emulsified active cannabinoids; Zero high-fructose corn syrups or artificial color","99.8%","Farm Bill Compliant Phytocannabinoid Profile","Primo Vibes CBD Nano Water Soluble 1500mg – Mint","Primo Vibes CBD Nano Water Soluble 1500mg – Mint delivers fast-absorbing nano CBD technology in a mint flavor — perfect for mixing into any beverage. What's Inside • 1500mg CBD per bottle • Nano water-soluble technology • Mint flavor • Enhanced bioavailability vs. standard oils • Mix into any drink","","Primo Vibes CBD Nano Water Soluble 1500mg – Mint",FALSE,FALSE,"39","primo-vibes-cbd-nano-water-soluble-1500mg-mint"
"Little Saints Non-Alcoholic Cocktails – Espresso Martini","Little Saints Non-Alcoholic Cocktails – Espresso Martini delivers a sophisticated coffee cocktail experience with rich espresso and vanilla flavor notes, crafted for mindful social enjoyment without alcohol. What's Inside • Alcohol-free premium cocktail • Rich espresso and vanilla flavor profile • Infused with functional botanicals • Ready-to-drink format • Zero ABV","About This Product Little Saints Non-Alcoholic Cocktails – Espresso Martini by Little Saints offers a sophisticated coffee cocktail experience, delivering the complexity and flavor of a crafted cocktail without a drop of alcohol. Featuring rich espresso and vanilla notes, this non-alcoholic beverage is infused with functional botanicals for a mindful drinking experience. Whether you're taking a break from alcohol, designated driving, or simply choosing a healthier lifestyle, Little Saints provides an elegant alternative that doesn't sacrifice taste or the social experience. Discover our full Non-Alcoholic Cocktails collection at TwoBudz in Flower Mound. Taste & Aroma • Rich espresso depth with sweet vanilla notes • Complex botanical layering • Clean, crisp finish Why Choose This Product ✔ Alcohol-free premium cocktail ✔ Rich espresso and vanilla flavor profile ✔ Infused with functional botanicals ✔ Ready-to-drink convenience ✔ Zero ABV ✔ Mindful alternative to alcohol How to Use Serve chilled over ice or straight from the bottle. Perfect as a standalone drink or as a mocktail base for your favorite recipes.",69,"cbd-oils","< 0.3% THC","500mg CBD","","30ml Dropper Bottle; 60ml Value Pack","High-potency sublingual absorption profile; Organically cured cold-pressed MCT compound base; Fast restorative action to manage daily tension","99.8%","Farm Bill Compliant Phytocannabinoid Profile","Little Saints Non-Alcoholic Cocktails – Espresso Martini","Little Saints Non-Alcoholic Cocktails – Espresso Martini delivers a sophisticated coffee cocktail experience with rich espresso and vanilla flavor notes, crafted for mindful social enjoyment without alcohol. What's Inside • Alcohol-free premium cocktail • Rich espresso and vanilla flavor profile • Infused with functional botanicals • Ready-to-drink format • Zero ABV","","Little Saints Non-Alcoholic Cocktails – Espresso Martini",FALSE,FALSE,"55","little-saints-non-alcoholic-cocktails-espresso-martini"
"Little Saints Non-Alcoholic Cocktails – Negroni Spritz","Little Saints Non-Alcoholic Cocktails – Negroni Spritz delivers an elegant Italian Negroni Spritz experience with bittersweet orange and herbal botanicals flavor notes, crafted for mindful social enjoyment without alcohol. What's Inside • Alcohol-free premium cocktail • Bittersweet orange and herbal botanicals flavor profile • Infused with functional botanicals • Ready-to-drink format • Zero ABV","About This Product Little Saints Non-Alcoholic Cocktails – Negroni Spritz by Little Saints offers an elegant Italian Negroni Spritz experience, delivering the complexity and flavor of a crafted cocktail without a drop of alcohol. Featuring bittersweet orange and herbal botanicals notes, this non-alcoholic beverage is infused with functional botanicals for a mindful drinking experience. Whether you're taking a break from alcohol, designated driving, or simply choosing a healthier lifestyle, Little Saints provides an elegant alternative that doesn't sacrifice taste or the social experience. Discover our full Non-Alcoholic Cocktails collection at TwoBudz in Flower Mound. Taste & Aroma • Complex bittersweet botanicals with orange zest • Complex botanical layering • Clean, crisp finish Why Choose This Product ✔ Alcohol-free premium cocktail ✔ Bittersweet orange and herbal botanicals flavor profile ✔ Infused with functional botanicals ✔ Ready-to-drink convenience ✔ Zero ABV ✔ Mindful alternative to alcohol How to Use Serve chilled over ice or straight from the bottle. Perfect as a standalone drink or as a mocktail base for your favorite recipes.",60,"cbd-oils","< 0.3% THC","500mg CBD","","30ml Dropper Bottle; 60ml Value Pack","High-potency sublingual absorption profile; Organically cured cold-pressed MCT compound base; Fast restorative action to manage daily tension","99.8%","Farm Bill Compliant Phytocannabinoid Profile","Little Saints Non-Alcoholic Cocktails – Negroni Spritz","Little Saints Non-Alcoholic Cocktails – Negroni Spritz delivers an elegant Italian Negroni Spritz experience with bittersweet orange and herbal botanicals flavor notes, crafted for mindful social enjoyment without alcohol. What's Inside • Alcohol-free premium cocktail • Bittersweet orange and herbal botanicals flavor profile • Infused with functional botanicals • Ready-to-drink format • Zero ABV","","Little Saints Non-Alcoholic Cocktails – Negroni Spritz",FALSE,FALSE,"57","little-saints-non-alcoholic-cocktails-negroni-spritz"
"Barney's Botanicals Delta 8 Gummies Orange Dreamsicle 5ct","Barney's Botanicals Delta 8 Gummies Orange Dreamsicle 5ct brings smooth, clear-headed relaxation through precisely dosed Delta-8 THC gummies in a delicious creamy orange dreamsicle flavor. What's Inside • Delta-8 THC formula • Delicious creamy orange dreamsicle flavor • Precisely dosed for consistent effects • 5-count pack • Third-party lab tested","About This Product Barney's Botanicals Delta 8 Gummies Orange Dreamsicle 5ct provides smooth, clear-headed relaxation through a carefully crafted Delta-8 THC gummy formula. Every gummy is carefully dosed for consistent, dependable results. Available in a delicious creamy orange dreamsicle flavor, these gummies make adding cannabinoids to your daily routine simple and enjoyable — perfect for relaxing after a long day, supporting sleep, or enhancing your overall sense of wellbeing. Made with premium hemp-derived ingredients and rigorously tested for purity and potency, Barney's Botanicals Delta 8 Gummies Orange Dreamsicle 5ct is a trusted choice at TwoBudz, Flower Mound's premier hemp shop. Browse more Delta-8 THC products in our Delta 8 Products collection at TwoBudz in Flower Mound. Taste & Aroma • Creamy orange dreamsicle flavor • Sweet dessert taste • Smooth clean finish Why Choose This Product ✔ Delta-8 THC formula ✔ Delicious creamy orange dreamsicle flavor ✔ Precisely dosed for consistent, reliable effects ✔ 5-count pack ✔ Third-party lab tested for purity and potency ✔ Made with premium hemp-derived extract How to Use Start with one gummy and wait 30–60 minutes to understand the effects before consuming more.",22.99,"gummies","< 0.3% THC","500mg CBD","","15 Gummy Pack; 30 Gummy Value Pack","Vegan-friendly, delicious real fruit berry juices; Deep body soothing relaxation and tranquil alignment; Consistent dosage block in every bite","99.8%","Farm Bill Compliant Phytocannabinoid Profile","Barney's Botanicals Delta 8 Gummies Orange Dreamsicle 5ct","Barney's Botanicals Delta 8 Gummies Orange Dreamsicle 5ct brings smooth, clear-headed relaxation through precisely dosed Delta-8 THC gummies in a delicious creamy orange dreamsicle flavor. What's Inside • Delta-8 THC formula • Delicious creamy orange dreamsicle flavor • Precisely dosed for consistent effects • 5-count pack • Third-party lab tested","","Barney's Botanicals Delta 8 Gummies Orange Dreamsicle 5ct",FALSE,FALSE,"106","barneys-botanicals-delta-8-gummies-orange-dreamsicle-5ct"
"JustCBD CBD Tincture 5000mg – Full Spectrum","JustCBD CBD Tincture 5000mg – Full Spectrum delivers 5000mg full-spectrum CBD for comprehensive hemp-derived cannabinoid support. What's Inside • 5000mg CBD per bottle • Full-spectrum hemp extract • Complete cannabinoid entourage effect • Precision dropper dosing • Third-party lab tested","About This Product JustCBD CBD Tincture 5000mg – Full Spectrum is a high-potency full-spectrum CBD tincture crafted with the complete range of hemp-derived cannabinoids for a comprehensive entourage effect. With 5000mg of premium CBD per bottle, this tincture is ideal for experienced users seeking powerful, full-plant support. The full-spectrum formula preserves naturally occurring cannabinoids, terpenes, and phytonutrients from the hemp plant, working synergistically to enhance the overall wellness experience. Available at TwoBudz, this premium tincture is a top choice for high-potency CBD users. Taste & Aroma • Natural hemp flavor • Rich oil texture • Clean earthy finish Why Choose This Product ✔ 5000mg CBD per bottle ✔ Full-spectrum hemp extract ✔ Complete cannabinoid entourage effect ✔ Precision dropper for accurate dosing ✔ Third-party lab tested for purity and potency How to Use Take 0.5–1ml under the tongue, hold for 60 seconds, then swallow. Start small and adjust as needed.",159.99,"cbd-oils","< 0.3% THC","5000mg","","30ml Dropper Bottle; 60ml Value Pack","High-potency sublingual absorption profile; Organically cured cold-pressed MCT compound base; Fast restorative action to manage daily tension","99.8%","Farm Bill Compliant Phytocannabinoid Profile","JustCBD CBD Tincture 5000mg – Full Spectrum","JustCBD CBD Tincture 5000mg – Full Spectrum delivers 5000mg full-spectrum CBD for comprehensive hemp-derived cannabinoid support. What's Inside • 5000mg CBD per bottle • Full-spectrum hemp extract • Complete cannabinoid entourage effect • Precision dropper dosing • Third-party lab tested","","JustCBD CBD Tincture 5000mg – Full Spectrum",FALSE,FALSE,"12","justcbd-cbd-tincture-5000mg-full-spectrum"
"JustCBD CBD Gummies 1000mg – Gummy Worms","JustCBD CBD Gummies 1000mg – Gummy Worms supports everyday wellness — now available at TwoBudz in Flower Mound, TX and calm through precisely dosed CBD gummies in a delicious classic fruity gummy worm flavor. What's Inside • 1000mg total CBD • Delicious classic fruity gummy worm flavor • Precisely dosed for consistent effects • 1000mg total • Third-party lab tested","About This Product JustCBD CBD Gummies 1000mg – Gummy Worms provides daily wellness and calm through a carefully crafted CBD gummy formula. Every gummy is carefully dosed for consistent, dependable results. Available in a delicious classic fruity gummy worm flavor, these gummies make adding cannabinoids to your daily routine simple and enjoyable — perfect for relaxing after a long day, supporting sleep, or enhancing your overall sense of wellbeing. Made with premium hemp-derived ingredients and rigorously tested for purity and potency, JustCBD CBD Gummies 1000mg – Gummy Worms is a trusted choice at TwoBudz, Flower Mound's premier hemp shop. Browse more CBD products in our CBD Products collection at TwoBudz in Flower Mound. Taste & Aroma • Classic fruity candy flavor • Sweet and chewy taste • Smooth clean finish Why Choose This Product ✔ 1000mg total CBD ✔ Delicious classic fruity gummy worm flavor ✔ Precisely dosed for consistent, reliable effects ✔ 1000mg total ✔ Third-party lab tested for purity and potency ✔ Made with premium hemp-derived extract How to Use Start with one gummy and wait 30–60 minutes to understand the effects before consuming more.",49.99,"gummies","< 0.3% THC","1000mg","","15 Gummy Pack; 30 Gummy Value Pack","Vegan-friendly, delicious real fruit berry juices; Deep body soothing relaxation and tranquil alignment; Consistent dosage block in every bite","99.8%","Farm Bill Compliant Phytocannabinoid Profile","JustCBD CBD Gummies 1000mg – Gummy Worms","JustCBD CBD Gummies 1000mg – Gummy Worms supports everyday wellness — now available at TwoBudz in Flower Mound, TX and calm through precisely dosed CBD gummies in a delicious classic fruity gummy worm flavor. What's Inside • 1000mg total CBD • Delicious classic fruity gummy worm flavor • Precisely dosed for consistent effects • 1000mg total • Third-party lab tested","","JustCBD CBD Gummies 1000mg – Gummy Worms",FALSE,FALSE,"13","justcbd-cbd-gummies-1000mg-gummy-worms"
"Green Garden Gold – Delta 8 Strawberry Lemonade 2000mg Gummies","Green Garden Gold – Delta 8 Strawberry Lemonade 2000mg Gummies brings smooth, clear-headed relaxation through precisely dosed Delta-8 THC gummies in a delicious sweet strawberry lemonade flavor. What's Inside • 2000mg total Delta-8 THC • Delicious sweet strawberry lemonade flavor • Precisely dosed for consistent effects • 2000mg total • Third-party lab tested","About This Product Green Garden Gold – Delta 8 Strawberry Lemonade 2000mg Gummies provides smooth, clear-headed relaxation through a carefully crafted Delta-8 THC gummy formula. Every gummy is carefully dosed for consistent, dependable results. Available in a delicious sweet strawberry lemonade flavor, these gummies make adding cannabinoids to your daily routine simple and enjoyable — perfect for relaxing after a long day, supporting sleep, or enhancing your overall sense of wellbeing. Made with premium hemp-derived ingredients and rigorously tested for purity and potency, Green Garden Gold – Delta 8 Strawberry Lemonade 2000mg Gummies is a trusted choice at TwoBudz, Flower Mound's premier hemp shop. Browse more Delta-8 THC products in our Delta 8 Products collection at TwoBudz in Flower Mound. Taste & Aroma • Sweet strawberry lemonade flavor • Fruity tart balance • Smooth clean finish Why Choose This Product ✔ 2000mg total Delta-8 THC ✔ Delicious sweet strawberry lemonade flavor ✔ Precisely dosed for consistent, reliable effects ✔ 2000mg total ✔ Third-party lab tested for purity and potency ✔ Made with premium hemp-derived extract How to Use Start with one gummy and wait 30–60 minutes to understand the effects before consuming more.",74.99,"gummies","< 0.3% THC","2000mg","","15 Gummy Pack; 30 Gummy Value Pack","Vegan-friendly, delicious real fruit berry juices; Deep body soothing relaxation and tranquil alignment; Consistent dosage block in every bite","99.8%","Farm Bill Compliant Phytocannabinoid Profile","Green Garden Gold – Delta 8 Strawberry Lemonade 2000mg Gummies","Green Garden Gold – Delta 8 Strawberry Lemonade 2000mg Gummies brings smooth, clear-headed relaxation through precisely dosed Delta-8 THC gummies in a delicious sweet strawberry lemonade flavor. What's Inside • 2000mg total Delta-8 THC • Delicious sweet strawberry lemonade flavor • Precisely dosed for consistent effects • 2000mg total • Third-party lab tested","","Green Garden Gold – Delta 8 Strawberry Lemonade 2000mg Gummies",FALSE,FALSE,"69","green-garden-gold-delta-8-strawberry-lemonade-2000mg-gummies"
"Just CBD – CBD Dog Treats 100mg","Just CBD – CBD Dog Treats 100mg provides daily wellness for your dog in a delicious natural treat they'll love. What's Inside • 100mg CBD per package • Natural flavor • Soft chew treat format • Pet-safe hemp-derived CBD • Third-party lab tested","About This Product Just CBD – CBD Dog Treats 100mg offers a tasty, convenient way to support your dog's daily wellness. Made with premium hemp-derived CBD and crafted specifically for dogs, these treats make it easy to incorporate cannabinoids into your pet's daily routine. Each treat is formulated with pet-safe ingredients and comes in a natural flavor that dogs enjoy, making daily dosing stress-free for both you and your pet. Available at TwoBudz, these CBD dog treats are lab tested and trusted by pet owners. Taste & Aroma • Natural flavor dogs love • Soft and easy to chew • Made with pet-safe ingredients Why Choose This Product ✔ 100mg CBD per package ✔ Natural flavor dogs love ✔ Supports daily wellness ✔ Soft, easy-to-chew treat format ✔ Pet-safe hemp-derived CBD ✔ Third-party lab tested for purity How to Use Give your dog the recommended number of treats based on their weight. Consult your veterinarian before adding any supplement to your pet's diet.",21.99,"pets","< 0.3% THC","100mg","","30ml Dropper Bottle","Vet-approved 100% safe broad-spectrum base; Delectable natural flavors pet easily swallows; Relief from thunder storms and joint stiffness","99.8%","Farm Bill Compliant Phytocannabinoid Profile","Just CBD – CBD Dog Treats 100mg","Just CBD – CBD Dog Treats 100mg provides daily wellness for your dog in a delicious natural treat they'll love. What's Inside • 100mg CBD per package • Natural flavor • Soft chew treat format • Pet-safe hemp-derived CBD • Third-party lab tested","","Just CBD – CBD Dog Treats 100mg",FALSE,FALSE,"80","just-cbd-cbd-dog-treats-100mg"
"Veggie Combo – 6g","Veggie Combo – 6g delivers a healthy, satisfying veggie snack in a convenient 6g pack ready-to-enjoy format. What's Inside • Premium veggie snack combo • Crisp fresh vegetables flavor • 6g pack • No refrigeration needed • Perfect on-the-go snack","About This Product Veggie Combo – 6g is a premium veggie snack combo offering a healthy, satisfying veggie snack in a convenient, portable format. With crisp fresh vegetables flavors, this snack is ideal for busy days, travel, or whenever hunger strikes. Made with quality ingredients for great taste and convenience. Available at TwoBudz as part of our specialty snack selection. Taste & Aroma • Crisp fresh vegetables • Bold and satisfying taste • Clean finish Why Choose This Product ✔ Premium veggie snack combo ✔ Crisp fresh vegetables flavor ✔ 6g pack ✔ Portable and easy to enjoy ✔ No refrigeration required How to Use Enjoy at room temperature as a standalone snack or pair with your favorite beverage.",34.99,"cbd-oils","< 0.3% THC","500mg CBD","","30ml Dropper Bottle; 60ml Value Pack","High-potency sublingual absorption profile; Organically cured cold-pressed MCT compound base; Fast restorative action to manage daily tension","99.8%","Farm Bill Compliant Phytocannabinoid Profile","Veggie Combo – 6g","Veggie Combo – 6g delivers a healthy, satisfying veggie snack in a convenient 6g pack ready-to-enjoy format. What's Inside • Premium veggie snack combo • Crisp fresh vegetables flavor • 6g pack • No refrigeration needed • Perfect on-the-go snack","","Veggie Combo – 6g",FALSE,FALSE,"148","veggie-combo-6g"
"Delta 8 Gummies 20mg","Delta 8 Gummies 20mg brings smooth, clear-headed relaxation through precisely dosed Delta-8 THC gummies in a delicious mixed fruit candy flavor. What's Inside • 20mg total Delta-8 THC • Delicious mixed fruit candy flavor • Precisely dosed for consistent effects • 20mg total • Third-party lab tested","About This Product Delta 8 Gummies 20mg provides smooth, clear-headed relaxation through a carefully crafted Delta-8 THC gummy formula. Every gummy is carefully dosed for consistent, dependable results. Available in a delicious mixed fruit candy flavor, these gummies make adding cannabinoids to your daily routine simple and enjoyable — perfect for relaxing after a long day, supporting sleep, or enhancing your overall sense of wellbeing. Made with premium hemp-derived ingredients and rigorously tested for purity and potency, Delta 8 Gummies 20mg is a trusted choice at TwoBudz, Flower Mound's premier hemp shop. Browse more Delta-8 THC products in our Delta 8 Products collection at TwoBudz in Flower Mound. Taste & Aroma • Mixed fruit candy flavor • Sweet balanced taste • Smooth clean finish Why Choose This Product ✔ 20mg total Delta-8 THC ✔ Delicious mixed fruit candy flavor ✔ Precisely dosed for consistent, reliable effects ✔ 20mg total ✔ Third-party lab tested for purity and potency ✔ Made with premium hemp-derived extract How to Use Start with one gummy and wait 30–60 minutes to understand the effects before consuming more.",39.99,"gummies","< 0.3% THC","20mg","","15 Gummy Pack; 30 Gummy Value Pack","Vegan-friendly, delicious real fruit berry juices; Deep body soothing relaxation and tranquil alignment; Consistent dosage block in every bite","99.8%","Farm Bill Compliant Phytocannabinoid Profile","Delta 8 Gummies 20mg","Delta 8 Gummies 20mg brings smooth, clear-headed relaxation through precisely dosed Delta-8 THC gummies in a delicious mixed fruit candy flavor. What's Inside • 20mg total Delta-8 THC • Delicious mixed fruit candy flavor • Precisely dosed for consistent effects • 20mg total • Third-party lab tested","","Delta 8 Gummies 20mg",FALSE,FALSE,"137","delta-8-gummies-20mg"
"Urb D8/D9 THC Gummies 3500mg – Island Peach","Urb D8/D9 THC Gummies 3500mg – Island Peach provides balanced relaxation and euphoria through precisely dosed Delta-9 THC gummies in a delicious tropical island peach flavor. What's Inside • 3500mg total Delta-9 THC • Delicious tropical island peach flavor • Precisely dosed for consistent effects • 3500mg total • Third-party lab tested","About This Product Urb D8/D9 THC Gummies 3500mg – Island Peach provides balanced relaxation and euphoria through a carefully crafted Delta-9 THC gummy formula. Every gummy is carefully dosed for consistent, dependable results. Available in a delicious tropical island peach flavor, these gummies make adding cannabinoids to your daily routine simple and enjoyable — perfect for relaxing after a long day, supporting sleep, or enhancing your overall sense of wellbeing. Made with premium hemp-derived ingredients and rigorously tested for purity and potency, Urb D8/D9 THC Gummies 3500mg – Island Peach is a trusted choice at TwoBudz, Flower Mound's premier hemp shop. Browse more Delta-9 THC products in our Delta 9 Products collection at TwoBudz in Flower Mound. Taste & Aroma • Tropical island peach flavor • Sweet juicy taste • Smooth clean finish Why Choose This Product ✔ 3500mg total Delta-9 THC ✔ Delicious tropical island peach flavor ✔ Precisely dosed for consistent, reliable effects ✔ 3500mg total ✔ Third-party lab tested for purity and potency ✔ Made with premium hemp-derived extract How to Use Start with one gummy and wait 30–60 minutes to understand the effects before consuming more.",47.99,"gummies","10mg Delta-9 THC","3500mg","","15 Gummy Pack; 30 Gummy Value Pack","Vegan-friendly, delicious real fruit berry juices; Deep body soothing relaxation and tranquil alignment; Consistent dosage block in every bite","99.8%","Farm Bill Compliant Phytocannabinoid Profile","Urb D8/D9 THC Gummies 3500mg – Island Peach","Urb D8/D9 THC Gummies 3500mg – Island Peach provides balanced relaxation and euphoria through precisely dosed Delta-9 THC gummies in a delicious tropical island peach flavor. What's Inside • 3500mg total Delta-9 THC • Delicious tropical island peach flavor • Precisely dosed for consistent effects • 3500mg total • Third-party lab tested","","Urb D8/D9 THC Gummies 3500mg – Island Peach",FALSE,FALSE,"49","urb-d8-d9-thc-gummies-3500mg-island-peach"
"10mg THC Canned Cocktails – Tropical Flavor","10mg THC Canned Cocktails – Tropical Flavor is a premium hemp-derived product available at TwoBudz in Flower Mound, TX. What's Inside • Premium hemp-derived formula • Lab-tested for purity and potency • Consistent, reliable dosing • Available exclusively at TwoBudz, Flower Mound","About This Product 10mg THC Canned Cocktails – Tropical Flavor is a carefully crafted hemp product available at TwoBudz in Flower Mound, TX. Every unit is third-party lab tested to ensure purity, potency, and consistency. TwoBudz is Flower Mound's trusted source for premium hemp-derived products including CBD, Delta-8, Delta-9, and specialty wellness items. We carry only brands we believe in, verified for quality at every step. Why Choose This Product ✔ Premium hemp-derived formula ✔ Third-party lab tested for purity and potency ✔ Precisely dosed for consistent, reliable effects ✔ Available at TwoBudz, Flower Mound, TX How to Use Follow the product label instructions. Start low and go slow, especially if new to hemp products. Consult a healthcare professional if you have any questions about dosage or interactions.",8.49,"cbd-oils","< 0.3% THC","10mg","","30ml Dropper Bottle; 60ml Value Pack","High-potency sublingual absorption profile; Organically cured cold-pressed MCT compound base; Fast restorative action to manage daily tension","99.8%","Farm Bill Compliant Phytocannabinoid Profile","10mg THC Canned Cocktails – Tropical Flavor","10mg THC Canned Cocktails – Tropical Flavor is a premium hemp-derived product available at TwoBudz in Flower Mound, TX. What's Inside • Premium hemp-derived formula • Lab-tested for purity and potency • Consistent, reliable dosing • Available exclusively at TwoBudz, Flower Mound","","10mg THC Canned Cocktails – Tropical Flavor",FALSE,FALSE,"195","10mg-thc-canned-cocktails-tropical"
"Barney's Botanicals Delta 8 Gummies Orange Dreamsicle 30ct","Barney's Botanicals Delta 8 Gummies Orange Dreamsicle 30ct brings smooth, clear-headed relaxation through precisely dosed Delta-8 THC gummies in a delicious creamy orange dreamsicle flavor. What's Inside • Delta-8 THC formula • Delicious creamy orange dreamsicle flavor • Precisely dosed for consistent effects • 30-count pack • Third-party lab tested","About This Product Barney's Botanicals Delta 8 Gummies Orange Dreamsicle 30ct provides smooth, clear-headed relaxation through a carefully crafted Delta-8 THC gummy formula. Every gummy is carefully dosed for consistent, dependable results. Available in a delicious creamy orange dreamsicle flavor, these gummies make adding cannabinoids to your daily routine simple and enjoyable — perfect for relaxing after a long day, supporting sleep, or enhancing your overall sense of wellbeing. Made with premium hemp-derived ingredients and rigorously tested for purity and potency, Barney's Botanicals Delta 8 Gummies Orange Dreamsicle 30ct is a trusted choice at TwoBudz, Flower Mound's premier hemp shop. Browse more Delta-8 THC products in our Delta 8 Products collection at TwoBudz in Flower Mound. Taste & Aroma • Creamy orange dreamsicle flavor • Sweet dessert taste • Smooth clean finish Why Choose This Product ✔ Delta-8 THC formula ✔ Delicious creamy orange dreamsicle flavor ✔ Precisely dosed for consistent, reliable effects ✔ 30-count pack ✔ Third-party lab tested for purity and potency ✔ Made with premium hemp-derived extract How to Use Start with one gummy and wait 30–60 minutes to understand the effects before consuming more.",64.99,"gummies","< 0.3% THC","500mg CBD","","15 Gummy Pack; 30 Gummy Value Pack","Vegan-friendly, delicious real fruit berry juices; Deep body soothing relaxation and tranquil alignment; Consistent dosage block in every bite","99.8%","Farm Bill Compliant Phytocannabinoid Profile","Barney's Botanicals Delta 8 Gummies Orange Dreamsicle 30ct","Barney's Botanicals Delta 8 Gummies Orange Dreamsicle 30ct brings smooth, clear-headed relaxation through precisely dosed Delta-8 THC gummies in a delicious creamy orange dreamsicle flavor. What's Inside • Delta-8 THC formula • Delicious creamy orange dreamsicle flavor • Precisely dosed for consistent effects • 30-count pack • Third-party lab tested","","Barney's Botanicals Delta 8 Gummies Orange Dreamsicle 30ct",FALSE,FALSE,"107","barneys-botanicals-delta-8-gummies-orange-dreamsicle-30ct"
"Delta 8 Gummies 20mg 10ct","Delta 8 Gummies 20mg 10ct brings smooth, clear-headed relaxation through precisely dosed Delta-8 THC gummies in a delicious mixed fruit candy flavor. What's Inside • 2mg Delta-8 THC per gummy • Delicious mixed fruit candy flavor • Precisely dosed for consistent effects • 10-count pack • Third-party lab tested","About This Product Delta 8 Gummies 20mg 10ct provides smooth, clear-headed relaxation through a carefully crafted Delta-8 THC gummy formula. Every gummy is carefully dosed for consistent, dependable results. Available in a delicious mixed fruit candy flavor, these gummies make adding cannabinoids to your daily routine simple and enjoyable — perfect for relaxing after a long day, supporting sleep, or enhancing your overall sense of wellbeing. Made with premium hemp-derived ingredients and rigorously tested for purity and potency, Delta 8 Gummies 20mg 10ct is a trusted choice at TwoBudz, Flower Mound's premier hemp shop. Browse more Delta-8 THC products in our Delta 8 Products collection at TwoBudz in Flower Mound. Taste & Aroma • Mixed fruit candy flavor • Sweet balanced taste • Smooth clean finish Why Choose This Product ✔ 2mg Delta-8 THC per gummy ✔ Delicious mixed fruit candy flavor ✔ Precisely dosed for consistent, reliable effects ✔ 10-count pack ✔ Third-party lab tested for purity and potency ✔ Made with premium hemp-derived extract How to Use Start with one gummy and wait 30–60 minutes to understand the effects before consuming more.",44.99,"gummies","< 0.3% THC","20mg","","15 Gummy Pack; 30 Gummy Value Pack","Vegan-friendly, delicious real fruit berry juices; Deep body soothing relaxation and tranquil alignment; Consistent dosage block in every bite","99.8%","Farm Bill Compliant Phytocannabinoid Profile","Delta 8 Gummies 20mg 10ct","Delta 8 Gummies 20mg 10ct brings smooth, clear-headed relaxation through precisely dosed Delta-8 THC gummies in a delicious mixed fruit candy flavor. What's Inside • 2mg Delta-8 THC per gummy • Delicious mixed fruit candy flavor • Precisely dosed for consistent effects • 10-count pack • Third-party lab tested","","Delta 8 Gummies 20mg 10ct",FALSE,FALSE,"136","delta-8-gummies-20mg-10ct"
"Enjoy Sleep 3300mg CBD + CBN Mixed Fruit Gummies","Sleep CBD Gummies – Mixed Fruit is a premium hemp-derived product available at TwoBudz in Flower Mound, TX. What's Inside • Premium hemp-derived formula • Lab-tested for purity and potency • Consistent, reliable dosing • Available exclusively at TwoBudz, Flower Mound","About This Product Sleep CBD Gummies – Mixed Fruit is a carefully crafted hemp product available at TwoBudz in Flower Mound, TX. Every unit is third-party lab tested to ensure purity, potency, and consistency. TwoBudz is Flower Mound's trusted source for premium hemp-derived products including CBD, Delta-8, Delta-9, and specialty wellness items. We carry only brands we believe in, verified for quality at every step. Why Choose This Product ✔ Premium hemp-derived formula ✔ Third-party lab tested for purity and potency ✔ Precisely dosed for consistent, reliable effects ✔ Available at TwoBudz, Flower Mound, TX How to Use Follow the product label instructions. Start low and go slow, especially if new to hemp products. Consult a healthcare professional if you have any questions about dosage or interactions.",5.99,"gummies","< 0.3% THC","500mg CBD","","2 Gummy Pack","Vegan-friendly, delicious real fruit berry juices; Deep body soothing relaxation and tranquil alignment; Consistent dosage block in every bite","99.8%","Farm Bill Compliant Phytocannabinoid Profile","Enjoy Sleep 3300mg CBD + CBN Mixed Fruit Gummies","Shop Sleep CBD Gummies in Mixed Fruit flavor. Premium hemp-derived CBD gummies crafted to support your nighttime wellness routine in a delicious gummy form.","Sleep CBD Gummies, Mixed Fruit, CBD Gummies, Hemp Gummies, Hemp-Derived, Nighttime Support, CBD Edibles, Wellness, Premium CBD, Daily Wellness, Mixed Fruit Gummies, CBD","Sleep CBD Gummies in mixed fruit flavor hemp-derived gummy bottle",FALSE,FALSE,"190","enjoy-sleep-3300mg-cbd-cbn-mixed-fruit-gummies"
"Wyld Marionberry Indica THC Gummies – 10mg","Marionberry Indica THC Gummies – 10mg is a premium hemp-derived product available at TwoBudz in Flower Mound, TX. What's Inside • Premium hemp-derived formula • Lab-tested for purity and potency • Consistent, reliable dosing • Available exclusively at TwoBudz, Flower Mound","About This Product Marionberry Indica THC Gummies – 10mg is a carefully crafted hemp product available at TwoBudz in Flower Mound, TX. Every unit is third-party lab tested to ensure purity, potency, and consistency. TwoBudz is Flower Mound's trusted source for premium hemp-derived products including CBD, Delta-8, Delta-9, and specialty wellness items. We carry only brands we believe in, verified for quality at every step. Why Choose This Product ✔ Premium hemp-derived formula ✔ Third-party lab tested for purity and potency ✔ Precisely dosed for consistent, reliable effects ✔ Available at TwoBudz, Flower Mound, TX How to Use Follow the product label instructions. Start low and go slow, especially if new to hemp products. Consult a healthcare professional if you have any questions about dosage or interactions.",64.99,"gummies","< 0.3% THC","10mg","","10ct; 30ct","Vegan-friendly, delicious real fruit berry juices; Deep body soothing relaxation and tranquil alignment; Consistent dosage block in every bite","99.8%","Farm Bill Compliant Phytocannabinoid Profile","Wyld Marionberry Indica THC Gummies – 10mg","Shop Marionberry Indica THC Gummies 10mg. Premium hemp-derived THC gummies with a delicious marionberry flavor for a convenient edible experience.","Marionberry, Indica Gummies, THC Gummies, 10mg THC, Hemp Gummies, Hemp-Derived, THC Edibles, Marionberry Flavor, Premium Gummies, Cannabis Gummies, Wellness, Edibles","Marionberry Indica THC Gummies 10mg hemp-derived gummy package",FALSE,FALSE,"184","wyld-marionberry-indica-thc-gummies-10mg"
"3CHI True Strain Comfortably Numb Gummies","3CHI True Strain Comfortably Numb Gummies supports everyday wellness — now available at TwoBudz in Flower Mound, TX and calm balance through precisely dosed CBD gummies in a delicious mixed fruit flavor. What's Inside • CBD formula • Delicious mixed fruit flavor • Precisely dosed for consistent effects • resealable pack • Third-party lab tested","About This Product 3CHI True Strain Comfortably Numb Gummies supports daily balance and wellbeing through a thoughtfully formulated CBD gummy formula. Every gummy is carefully dosed for consistent, dependable results. Available in a delicious mixed fruit flavor, these gummies make adding cannabinoids to your daily routine simple and enjoyable — perfect for relaxing after a long day, supporting sleep, or enhancing your overall sense of wellbeing. Made with premium hemp-derived ingredients and rigorously tested for purity and potency, 3CHI True Strain Comfortably Numb Gummies is a trusted choice at TwoBudz, Flower Mound's premier hemp shop. Browse more CBD products in our CBD Products collection at TwoBudz in Flower Mound. Taste & Aroma • Mixed fruit candy flavor • Sweet calming taste • Smooth clean finish Why Choose This Product ✔ CBD formula ✔ Delicious mixed fruit flavor ✔ Precisely dosed for consistent, reliable effects ✔ Resealable pack ✔ Third-party lab tested for purity and potency ✔ Made with premium hemp-derived extract How to Use Start with one gummy and wait 30–60 minutes to understand the effects before consuming more.",44.99,"gummies","< 0.3% THC","500mg CBD","","15 Gummy Pack; 30 Gummy Value Pack","Vegan-friendly, delicious real fruit berry juices; Deep body soothing relaxation and tranquil alignment; Consistent dosage block in every bite","99.8%","Farm Bill Compliant Phytocannabinoid Profile","3CHI True Strain Comfortably Numb Gummies","3CHI True Strain Comfortably Numb Gummies supports everyday wellness — now available at TwoBudz in Flower Mound, TX and calm balance through precisely dosed CBD gummies in a delicious mixed fruit flavor. What's Inside • CBD formula • Delicious mixed fruit flavor • Precisely dosed for consistent effects • resealable pack • Third-party lab tested","","3CHI True Strain Comfortably Numb Gummies",FALSE,FALSE,"165","comfortably-numb-gummies-16-ct-12-5mg-d8-12-5mg-cbn"
"Nowadays 10mg THC Shot","10mg THC Shots – Hemp-Infused Beverage is a premium hemp-derived product available at TwoBudz in Flower Mound, TX. What's Inside • Premium hemp-derived formula • Lab-tested for purity and potency • Consistent, reliable dosing • Available exclusively at TwoBudz, Flower Mound","About This Product 10mg THC Shots – Hemp-Infused Beverage is a carefully crafted hemp product available at TwoBudz in Flower Mound, TX. Every unit is third-party lab tested to ensure purity, potency, and consistency. TwoBudz is Flower Mound's trusted source for premium hemp-derived products including CBD, Delta-8, Delta-9, and specialty wellness items. We carry only brands we believe in, verified for quality at every step. Why Choose This Product ✔ Premium hemp-derived formula ✔ Third-party lab tested for purity and potency ✔ Precisely dosed for consistent, reliable effects ✔ Available at TwoBudz, Flower Mound, TX How to Use Follow the product label instructions. Start low and go slow, especially if new to hemp products. Consult a healthcare professional if you have any questions about dosage or interactions.",7.99,"beverages","< 0.3% THC","10mg","","Single serving; 2 fl oz","Sparkling organic carbonated hydration; Fast acting nano-emulsified active cannabinoids; Zero high-fructose corn syrups or artificial color","99.8%","Farm Bill Compliant Phytocannabinoid Profile","Nowadays 10mg THC Shot","Shop 10mg THC Shots, a premium hemp-infused beverage crafted with hemp-derived THC. Enjoy a convenient, flavorful drink available at Two Budz.","10mg THC Shots, Hemp Beverage, Hemp-Infused, THC Drink, 10mg THC, Hemp-Derived THC, Ready-to-Drink, THC Beverage, Hemp Drinks, Cannabis Beverage, THC Wellness, Edibles","10mg THC Shots – Premium Hemp-Infused Beverage",TRUE,FALSE,"182","nowadays-10mg-thc-shot"
"Barney's Botanicals – Delta 8 Gummy – 20mg, 10ct","Barney's Botanicals – Delta 8 Gummy – 20mg, 10ct brings smooth, clear-headed relaxation through precisely dosed Delta-8 THC gummies in a delicious mixed fruit candy flavor. What's Inside • 2mg Delta-8 THC per gummy • Delicious mixed fruit candy flavor • Precisely dosed for consistent effects • 10-count pack • Third-party lab tested","About This Product Barney's Botanicals – Delta 8 Gummy – 20mg, 10ct provides smooth, clear-headed relaxation through a carefully crafted Delta-8 THC gummy formula. Every gummy is carefully dosed for consistent, dependable results. Available in a delicious mixed fruit candy flavor, these gummies make adding cannabinoids to your daily routine simple and enjoyable — perfect for relaxing after a long day, supporting sleep, or enhancing your overall sense of wellbeing. Made with premium hemp-derived ingredients and rigorously tested for purity and potency, Barney's Botanicals – Delta 8 Gummy – 20mg, 10ct is a trusted choice at TwoBudz, Flower Mound's premier hemp shop. Browse more Delta-8 THC products in our Delta 8 Products collection at TwoBudz in Flower Mound. Taste & Aroma • Mixed fruit candy flavor • Sweet balanced taste • Smooth clean finish Why Choose This Product ✔ 2mg Delta-8 THC per gummy ✔ Delicious mixed fruit candy flavor ✔ Precisely dosed for consistent, reliable effects ✔ 10-count pack ✔ Third-party lab tested for purity and potency ✔ Made with premium hemp-derived extract How to Use Start with one gummy and wait 30–60 minutes to understand the effects before consuming more.",19.99,"gummies","< 0.3% THC","20mg","","15 Gummy Pack; 30 Gummy Value Pack","Vegan-friendly, delicious real fruit berry juices; Deep body soothing relaxation and tranquil alignment; Consistent dosage block in every bite","99.8%","Farm Bill Compliant Phytocannabinoid Profile","Barney's Botanicals – Delta 8 Gummy – 20mg, 10ct","Barney's Botanicals – Delta 8 Gummy – 20mg, 10ct brings smooth, clear-headed relaxation through precisely dosed Delta-8 THC gummies in a delicious mixed fruit candy flavor. What's Inside • 2mg Delta-8 THC per gummy • Delicious mixed fruit candy flavor • Precisely dosed for consistent effects • 10-count pack • Third-party lab tested","","Barney's Botanicals – Delta 8 Gummy – 20mg, 10ct",FALSE,FALSE,"168","barneys-botanicals-delta-8-gummy-20-mg-10-count"
"Enjoy Delta 9 Syrup Chill 420mg","Enjoy Delta 9 Syrup Chill 420mg delivers deep calm and relaxation through a versatile 420mg Delta-9 THC syrup you can mix into beverages or take directly. What's Inside • 420mg Delta-9 THC per bottle • Chill formula • Versatile — mix into drinks or take directly • Hemp-derived Delta-9 THC • Third-party lab tested","About This Product Enjoy Delta 9 Syrup Chill 420mg is a potent, versatile Delta-9 THC syrup delivering deep calm and relaxation. With 420mg of hemp-derived Delta-9 THC per bottle, this syrup can be mixed into your favorite beverages, drizzled over food, or taken directly for a customizable cannabis experience. The Chill formula is designed for consistent, predictable effects, making it a great choice for experienced cannabinoid users who want flexibility in how they consume. Available at TwoBudz as part of our Delta 9 Products collection. Taste & Aroma • Sweet and smooth syrup base • Light herbal hemp notes • Versatile and mixable Why Choose This Product ✔ 420mg Delta-9 THC per bottle ✔ Chill formula ✔ Mix into beverages or take directly ✔ Hemp-derived Delta-9 THC ✔ Third-party lab tested for purity and potency How to Use Start with a small serving (5–10ml) and wait 30–60 minutes before consuming more. Mix into juice, soda, or tea, or take directly.",49.99,"beverages","< 0.3% THC","420mg","","4-Pack Cans; 12-Pack Case","Sparkling organic carbonated hydration; Fast acting nano-emulsified active cannabinoids; Zero high-fructose corn syrups or artificial color","99.8%","Farm Bill Compliant Phytocannabinoid Profile","Enjoy Delta 9 Syrup Chill 420mg","Enjoy Delta 9 Syrup Chill 420mg delivers deep calm and relaxation through a versatile 420mg Delta-9 THC syrup you can mix into beverages or take directly. What's Inside • 420mg Delta-9 THC per bottle • Chill formula • Versatile — mix into drinks or take directly • Hemp-derived Delta-9 THC • Third-party lab tested","","Enjoy Delta 9 Syrup Chill 420mg",FALSE,FALSE,"129","enjoy-delta-9-syrup-chill-420mg"
"Enjoy Live Resin Delta 8 Gummies Relief 40ct","Enjoy Live Resin Delta 8 Gummies Relief 40ct brings smooth, clear-headed relaxation through precisely dosed Delta-8 THC gummies in a delicious soothing mixed fruit flavor. What's Inside • Delta-8 THC formula • Delicious soothing mixed fruit flavor • Precisely dosed for consistent effects • 40-count pack • Third-party lab tested","About This Product Enjoy Live Resin Delta 8 Gummies Relief 40ct provides smooth, clear-headed relaxation through a carefully crafted Delta-8 THC gummy formula. These gummies are made with live resin extract for rich terpene profiles and enhanced flavor complexity. Every gummy is carefully dosed for consistent, dependable results. Available in a delicious soothing mixed fruit flavor, these gummies make adding cannabinoids to your daily routine simple and enjoyable — perfect for relaxing after a long day, supporting sleep, or enhancing your overall sense of wellbeing. Made with premium hemp-derived ingredients and rigorously tested for purity and potency, Enjoy Live Resin Delta 8 Gummies Relief 40ct is a trusted choice at TwoBudz, Flower Mound's premier hemp shop. Browse more Delta-8 THC products in our Delta 8 Products collection at TwoBudz in Flower Mound. Taste & Aroma • Mixed fruit candy flavor • Light sweet taste • Smooth clean finish Why Choose This Product ✔ Delta-8 THC formula ✔ Delicious soothing mixed fruit flavor ✔ Precisely dosed for consistent, reliable effects ✔ 40-count pack ✔ Third-party lab tested for purity and potency ✔ Made with premium hemp-derived extract How to Use Start with one gummy and wait 30–60 minutes to understand the effects before consuming more.",79.99,"gummies","< 0.3% THC","500mg CBD","","15 Gummy Pack; 30 Gummy Value Pack","Vegan-friendly, delicious real fruit berry juices; Deep body soothing relaxation and tranquil alignment; Consistent dosage block in every bite","99.8%","Farm Bill Compliant Phytocannabinoid Profile","Enjoy Live Resin Delta 8 Gummies Relief 40ct","Enjoy Live Resin Delta 8 Gummies Relief 40ct brings smooth, clear-headed relaxation through precisely dosed Delta-8 THC gummies in a delicious soothing mixed fruit flavor. What's Inside • Delta-8 THC formula • Delicious soothing mixed fruit flavor • Precisely dosed for consistent effects • 40-count pack • Third-party lab tested","","Enjoy Live Resin Delta 8 Gummies Relief 40ct",FALSE,FALSE,"124","enjoy-live-resin-delta-8-gummies-relief-40ct"
"Proleve CBD Roll-On Cooling 2000mg","CBD Roll-On Cooling 2000mg provides targeted refreshing cooling relief for soreness and inflammation through a convenient roll-on applicator with 2000mg CBD. What's Inside • 2000mg CBD per roll-on • Cooling sensation formula • Easy roll-on applicator • Fast-acting topical CBD • Non-greasy formula","About This Product CBD Roll-On Cooling 2000mg delivers refreshing cooling relief for soreness and inflammation using a convenient roll-on applicator. Infused with 2000mg of premium hemp-derived CBD, this topical is designed for targeted application directly to areas of discomfort, providing localized relief without systemic effects. The cooling formula provides a noticeable cooling sensation that helps soothe muscles and joints after exercise, physical activity, or daily wear. The roll-on design makes application clean, mess-free, and portable. Available at TwoBudz, this CBD roll-on is ideal for athletes, active individuals, and anyone seeking targeted relief. Taste & Aroma • Cooling sensation on skin • Light herbal CBD notes • Non-greasy, fast-absorbing formula Why Choose This Product ✔ 2000mg CBD per roll-on ✔ Cooling sensation formula ✔ Convenient roll-on applicator ✔ Fast-acting topical CBD ✔ Non-greasy and portable ✔ Third-party lab tested How to Use Apply directly to the affected area and massage in gently. Use as needed. For external use only — avoid contact with eyes and broken skin.",39.99,"topicals","< 0.3% THC","2000mg","","3 oz Active Pump","Deep-tissue muscle warming, non-greasy lotion; Fast cellular hydration for targeted relief; Pure natural botanical oils of eucalyptus/aloe","99.8%","Farm Bill Compliant Phytocannabinoid Profile","Proleve CBD Roll-On Cooling 2000mg for Relief","Experience soothing comfort with Proleve CBD Roll-On Cooling 2000mg. A premium hemp-derived CBD topical designed to deliver a refreshing cooling sensation.","Proleve, CBD Roll-On, Cooling Roll-On, 2000mg CBD, CBD Topical, Hemp-Derived CBD, Cooling Gel, CBD Relief, Muscle Relief, Wellness, Topical CBD, CBD","Proleve CBD Roll-On Cooling 2000mg hemp-derived CBD topical roll-on bottle.",TRUE,FALSE,"141","proleve-cbd-roll-on-cooling-2000mg"
"Lunchbox Alchemy – Daily – 30ct","Lunchbox Alchemy – Daily – 30ct supports everyday wellness — now available at TwoBudz in Flower Mound, TX and calm balance through precisely dosed CBD gummies in a delicious light mixed fruit flavor. What's Inside • CBD formula • Delicious light mixed fruit flavor • Precisely dosed for consistent effects • 30-count pack • Third-party lab tested","About This Product Lunchbox Alchemy – Daily – 30ct supports daily balance and wellbeing through a thoughtfully formulated CBD gummy formula. Every gummy is carefully dosed for consistent, dependable results. Available in a delicious light mixed fruit flavor, these gummies make adding cannabinoids to your daily routine simple and enjoyable — perfect for relaxing after a long day, supporting sleep, or enhancing your overall sense of wellbeing. Made with premium hemp-derived ingredients and rigorously tested for purity and potency, Lunchbox Alchemy – Daily – 30ct is a trusted choice at TwoBudz, Flower Mound's premier hemp shop. Browse more CBD products in our CBD Products collection at TwoBudz in Flower Mound. Taste & Aroma • Light mixed fruit flavor • Gentle sweet taste • Smooth clean finish Why Choose This Product ✔ CBD formula ✔ Delicious light mixed fruit flavor ✔ Precisely dosed for consistent, reliable effects ✔ 30-count pack ✔ Third-party lab tested for purity and potency ✔ Made with premium hemp-derived extract How to Use Start with one gummy and wait 30–60 minutes to understand the effects before consuming more.",64.99,"cbd-oils","< 0.3% THC","500mg CBD","","30ml Dropper Bottle; 60ml Value Pack","High-potency sublingual absorption profile; Organically cured cold-pressed MCT compound base; Fast restorative action to manage daily tension","99.8%","Farm Bill Compliant Phytocannabinoid Profile","Lunchbox Alchemy – Daily – 30ct","Lunchbox Alchemy – Daily – 30ct supports everyday wellness — now available at TwoBudz in Flower Mound, TX and calm balance through precisely dosed CBD gummies in a delicious light mixed fruit flavor. What's Inside • CBD formula • Delicious light mixed fruit flavor • Precisely dosed for consistent effects • 30-count pack • Third-party lab tested","","Lunchbox Alchemy – Daily – 30ct",FALSE,FALSE,"161","lunchbox-alchemy-daily-30ct-50mg-1500mg"
"Doggy Be Good CBD Soft Chew Treats","Doggy Be Good CBD Soft Chew Treats provides daily wellness and calm for your dog in a delicious natural soft chew treat they'll love. What's Inside • 100mg CBD per package • Natural soft chew flavor • Soft chew treat format • Pet-safe hemp-derived CBD • Third-party lab tested","About This Product Doggy Be Good CBD Soft Chew Treats offers a tasty, convenient way to support your dog's daily wellness and calm. Made with premium hemp-derived CBD and crafted specifically for dogs, these treats make it easy to incorporate cannabinoids into your pet's daily routine. Each treat is formulated with pet-safe ingredients and comes in a natural soft chew flavor that dogs enjoy, making daily dosing stress-free for both you and your pet. Available at TwoBudz, these CBD dog treats are lab tested and trusted by pet owners. Taste & Aroma • Natural soft chew flavor dogs love • Soft and easy to chew • Made with pet-safe ingredients Why Choose This Product ✔ 100mg CBD per package ✔ Natural soft chew flavor dogs love ✔ Supports daily wellness and calm ✔ Soft, easy-to-chew treat format ✔ Pet-safe hemp-derived CBD ✔ Third-party lab tested for purity How to Use Give your dog the recommended number of treats based on their weight. Consult your veterinarian before adding any supplement to your pet's diet.",29.99,"pets","< 0.3% THC","500mg CBD","","30ml Dropper Bottle","Vet-approved 100% safe broad-spectrum base; Delectable natural flavors pet easily swallows; Relief from thunder storms and joint stiffness","99.8%","Farm Bill Compliant Phytocannabinoid Profile","Doggy Be Good CBD Soft Chew Treats","Doggy Be Good CBD Soft Chew Treats provides daily wellness and calm for your dog in a delicious natural soft chew treat they'll love. What's Inside • 100mg CBD per package • Natural soft chew flavor • Soft chew treat format • Pet-safe hemp-derived CBD • Third-party lab tested","","Doggy Be Good CBD Soft Chew Treats",FALSE,FALSE,"156","doggy-be-good-cbd-soft-chew-treats"
"Enjoy Live Rosin Delta 9 Gummies Chill 25ct","Enjoy Live Rosin Delta 9 Gummies Chill 25ct provides balanced relaxation and euphoria through precisely dosed Delta-9 THC gummies in a delicious cool mixed fruit flavor. What's Inside • Delta-9 THC formula • Delicious cool mixed fruit flavor • Precisely dosed for consistent effects • 25-count pack • Third-party lab tested","About This Product Enjoy Live Rosin Delta 9 Gummies Chill 25ct provides balanced relaxation and euphoria through a carefully crafted Delta-9 THC gummy formula. These gummies are crafted with premium live rosin extract for superior terpene preservation and authentic full-plant flavor. Every gummy is carefully dosed for consistent, dependable results. Available in a delicious cool mixed fruit flavor, these gummies make adding cannabinoids to your daily routine simple and enjoyable — perfect for relaxing after a long day, supporting sleep, or enhancing your overall sense of wellbeing. Made with premium hemp-derived ingredients and rigorously tested for purity and potency, Enjoy Live Rosin Delta 9 Gummies Chill 25ct is a trusted choice at TwoBudz, Flower Mound's premier hemp shop. Browse more Delta-9 THC products in our Delta 9 Products collection at TwoBudz in Flower Mound. Taste & Aroma • Mixed fruit candy flavor • Cool smooth taste • Smooth clean finish Why Choose This Product ✔ Delta-9 THC formula ✔ Delicious cool mixed fruit flavor ✔ Precisely dosed for consistent, reliable effects ✔ 25-count pack ✔ Third-party lab tested for purity and potency ✔ Made with premium hemp-derived extract How to Use Start with one gummy and wait 30–60 minutes to understand the effects before consuming more.",59.99,"gummies","< 0.3% THC","500mg CBD","","15 Gummy Pack; 30 Gummy Value Pack","Vegan-friendly, delicious real fruit berry juices; Deep body soothing relaxation and tranquil alignment; Consistent dosage block in every bite","99.8%","Farm Bill Compliant Phytocannabinoid Profile","Enjoy Live Rosin Delta 9 Gummies Chill 25ct","Enjoy Live Rosin Delta 9 Gummies Chill 25ct provides balanced relaxation and euphoria through precisely dosed Delta-9 THC gummies in a delicious cool mixed fruit flavor. What's Inside • Delta-9 THC formula • Delicious cool mixed fruit flavor • Precisely dosed for consistent effects • 25-count pack • Third-party lab tested","","Enjoy Live Rosin Delta 9 Gummies Chill 25ct",FALSE,FALSE,"121","enjoy-live-rosin-delta-9-gummies-chill-25ct"
"Enjoy Balance THC + CBD","Balance THC + CBD Gummies – 25mg (Hybrid) is a premium hemp-derived product available at TwoBudz in Flower Mound, TX. What's Inside • Premium hemp-derived formula • Lab-tested for purity and potency • Consistent, reliable dosing • Available exclusively at TwoBudz, Flower Mound","About This Product Balance THC + CBD Gummies – 25mg (Hybrid) is a carefully crafted hemp product available at TwoBudz in Flower Mound, TX. Every unit is third-party lab tested to ensure purity, potency, and consistency. TwoBudz is Flower Mound's trusted source for premium hemp-derived products including CBD, Delta-8, Delta-9, and specialty wellness items. We carry only brands we believe in, verified for quality at every step. Why Choose This Product ✔ Premium hemp-derived formula ✔ Third-party lab tested for purity and potency ✔ Precisely dosed for consistent, reliable effects ✔ Available at TwoBudz, Flower Mound, TX How to Use Follow the product label instructions. Start low and go slow, especially if new to hemp products. Consult a healthcare professional if you have any questions about dosage or interactions.",59.99,"gummies","< 0.3% THC","25mg","","","Vegan-friendly, delicious real fruit berry juices; Deep body soothing relaxation and tranquil alignment; Consistent dosage block in every bite","99.8%","Farm Bill Compliant Phytocannabinoid Profile","Enjoy  Balance THC + CBD Gummies 25mg Hybrid","Shop Balance THC + CBD Gummies 25mg Hybrid. Enjoy premium hemp-derived gummies crafted with a balanced blend of THC and CBD for a convenient edible option.","Balance Gummies, THC Gummies, CBD Gummies, THC + CBD, 25mg Gummies, Hybrid Gummies, Hemp Gummies, Hemp-Derived, Edibles, THC Edibles, CBD Edibles, Wellness","Enjoy Balance THC + CBD",FALSE,FALSE,"192","enjoy-balance-thc-cbd"
"Barney's Botanicals 12mg Delta 9 Gummies 10ct","Barney's Botanicals 12mg Delta 9 Gummies 10ct provides balanced relaxation and euphoria through precisely dosed Delta-9 THC gummies in a delicious mixed fruit candy flavor. What's Inside • 1mg Delta-9 THC per gummy • Delicious mixed fruit candy flavor • Precisely dosed for consistent effects • 10-count pack • Third-party lab tested","About This Product Barney's Botanicals 12mg Delta 9 Gummies 10ct provides balanced relaxation and euphoria through a carefully crafted Delta-9 THC gummy formula. Every gummy is carefully dosed for consistent, dependable results. Available in a delicious mixed fruit candy flavor, these gummies make adding cannabinoids to your daily routine simple and enjoyable — perfect for relaxing after a long day, supporting sleep, or enhancing your overall sense of wellbeing. Made with premium hemp-derived ingredients and rigorously tested for purity and potency, Barney's Botanicals 12mg Delta 9 Gummies 10ct is a trusted choice at TwoBudz, Flower Mound's premier hemp shop. Browse more Delta-9 THC products in our Delta 9 Products collection at TwoBudz in Flower Mound. Taste & Aroma • Mixed fruit candy flavor • Sweet balanced taste • Smooth clean finish Why Choose This Product ✔ 1mg Delta-9 THC per gummy ✔ Delicious mixed fruit candy flavor ✔ Precisely dosed for consistent, reliable effects ✔ 10-count pack ✔ Third-party lab tested for purity and potency ✔ Made with premium hemp-derived extract How to Use Start with one gummy and wait 30–60 minutes to understand the effects before consuming more.",19.99,"gummies","< 0.3% THC","12mg","","10 ct and 30 ct","Vegan-friendly, delicious real fruit berry juices; Deep body soothing relaxation and tranquil alignment; Consistent dosage block in every bite","99.8%","Farm Bill Compliant Phytocannabinoid Profile","Barney's Botanicals 12mg Delta 9 Gummies 10ct","Shop Barney's Botanicals 12mg Delta 9 Gummies 10ct. Enjoy premium hemp-derived Delta 9 gummies with delicious flavor and consistent quality.","Barney's Botanicals, Delta 9 Gummies, 12mg Delta 9, 10 Count, Hemp Gummies, Hemp-Derived, THC Gummies, Delta 9 THC, Edibles, Premium Gummies, Cannabis Gummies, Wellness","Barney's Botanicals 12mg Delta 9 Gummies 10ct",FALSE,FALSE,"96","barneys-botanical-12mg-delta-9-gummies-10ct"
"Barney's Botanicals – Delta 8 Gummy – 20mg, 30ct","Barney's Botanicals – Delta 8 Gummy – 20mg, 30ct brings smooth, clear-headed relaxation through precisely dosed Delta-8 THC gummies in a delicious mixed fruit candy flavor. What's Inside • 0mg Delta-8 THC per gummy • Delicious mixed fruit candy flavor • Precisely dosed for consistent effects • 30-count pack • Third-party lab tested","About This Product Barney's Botanicals – Delta 8 Gummy – 20mg, 30ct provides smooth, clear-headed relaxation through a carefully crafted Delta-8 THC gummy formula. Every gummy is carefully dosed for consistent, dependable results. Available in a delicious mixed fruit candy flavor, these gummies make adding cannabinoids to your daily routine simple and enjoyable — perfect for relaxing after a long day, supporting sleep, or enhancing your overall sense of wellbeing. Made with premium hemp-derived ingredients and rigorously tested for purity and potency, Barney's Botanicals – Delta 8 Gummy – 20mg, 30ct is a trusted choice at TwoBudz, Flower Mound's premier hemp shop. Browse more Delta-8 THC products in our Delta 8 Products collection at TwoBudz in Flower Mound. Taste & Aroma • Mixed fruit candy flavor • Sweet balanced taste • Smooth clean finish Why Choose This Product ✔ 0mg Delta-8 THC per gummy ✔ Delicious mixed fruit candy flavor ✔ Precisely dosed for consistent, reliable effects ✔ 30-count pack ✔ Third-party lab tested for purity and potency ✔ Made with premium hemp-derived extract How to Use Start with one gummy and wait 30–60 minutes to understand the effects before consuming more.",39.99,"gummies","< 0.3% THC","20mg","","15 Gummy Pack; 30 Gummy Value Pack","Vegan-friendly, delicious real fruit berry juices; Deep body soothing relaxation and tranquil alignment; Consistent dosage block in every bite","99.8%","Farm Bill Compliant Phytocannabinoid Profile","Barney's Botanicals – Delta 8 Gummy – 20mg, 30ct","Barney's Botanicals – Delta 8 Gummy – 20mg, 30ct brings smooth, clear-headed relaxation through precisely dosed Delta-8 THC gummies in a delicious mixed fruit candy flavor. What's Inside • 0mg Delta-8 THC per gummy • Delicious mixed fruit candy flavor • Precisely dosed for consistent effects • 30-count pack • Third-party lab tested","","Barney's Botanicals – Delta 8 Gummy – 20mg, 30ct",FALSE,FALSE,"167","barneys-botanicals-delta-8-gummy-20-mg-30-count"
"Primo Vibes Daily CBD Gummies 50mg","Primo Vibes Daily CBD Gummies 50mg supports everyday wellness — now available at TwoBudz in Flower Mound, TX and calm balance through precisely dosed CBD gummies in a delicious light mixed fruit flavor. What's Inside • 50mg total CBD • Delicious light mixed fruit flavor • Precisely dosed for consistent effects • 50mg total • Third-party lab tested","About This Product Primo Vibes Daily CBD Gummies 50mg supports daily balance and wellbeing through a thoughtfully formulated CBD gummy formula. Every gummy is carefully dosed for consistent, dependable results. Available in a delicious light mixed fruit flavor, these gummies make adding cannabinoids to your daily routine simple and enjoyable — perfect for relaxing after a long day, supporting sleep, or enhancing your overall sense of wellbeing. Made with premium hemp-derived ingredients and rigorously tested for purity and potency, Primo Vibes Daily CBD Gummies 50mg is a trusted choice at TwoBudz, Flower Mound's premier hemp shop. Browse more CBD products in our CBD Products collection at TwoBudz in Flower Mound. Taste & Aroma • Light mixed fruit flavor • Gentle sweet taste • Smooth clean finish Why Choose This Product ✔ 50mg total CBD ✔ Delicious light mixed fruit flavor ✔ Precisely dosed for consistent, reliable effects ✔ 50mg total ✔ Third-party lab tested for purity and potency ✔ Made with premium hemp-derived extract How to Use Start with one gummy and wait 30–60 minutes to understand the effects before consuming more.",49.99,"gummies","< 0.3% THC","50mg","","15 Gummy Pack; 30 Gummy Value Pack","Vegan-friendly, delicious real fruit berry juices; Deep body soothing relaxation and tranquil alignment; Consistent dosage block in every bite","99.8%","Farm Bill Compliant Phytocannabinoid Profile","Primo Vibes Daily CBD Gummies 50mg","Primo Vibes Daily CBD Gummies 50mg supports everyday wellness — now available at TwoBudz in Flower Mound, TX and calm balance through precisely dosed CBD gummies in a delicious light mixed fruit flavor. What's Inside • 50mg total CBD • Delicious light mixed fruit flavor • Precisely dosed for consistent effects • 50mg total • Third-party lab tested","","Primo Vibes Daily CBD Gummies 50mg",FALSE,FALSE,"35","primo-vibes-daily-cbd-gummies-50-mg"
"Proleve CBD 2000 Warming Roll On","CBD Roll-On Warming 2000mg provides targeted soothing warmth for muscle aches and tension through a convenient roll-on applicator with 2000mg CBD. What's Inside • 2000mg CBD per roll-on • Warming sensation formula • Easy roll-on applicator • Fast-acting topical CBD • Non-greasy formula","About This Product CBD Roll-On Warming 2000mg delivers soothing warmth for muscle aches and tension using a convenient roll-on applicator. Infused with 2000mg of premium hemp-derived CBD, this topical is designed for targeted application directly to areas of discomfort, providing localized relief without systemic effects. The warming formula provides a noticeable warming sensation that helps soothe muscles and joints after exercise, physical activity, or daily wear. The roll-on design makes application clean, mess-free, and portable. Available at TwoBudz, this CBD roll-on is ideal for athletes, active individuals, and anyone seeking targeted relief. Taste & Aroma • Warming sensation on skin • Light herbal CBD notes • Non-greasy, fast-absorbing formula Why Choose This Product ✔ 2000mg CBD per roll-on ✔ Warming sensation formula ✔ Convenient roll-on applicator ✔ Fast-acting topical CBD ✔ Non-greasy and portable ✔ Third-party lab tested How to Use Apply directly to the affected area and massage in gently. Use as needed. For external use only — avoid contact with eyes and broken skin.",39.99,"topicals","< 0.3% THC","2000mg","","3 oz Active Pump; 6 oz Active Tube","Deep-tissue muscle warming, non-greasy lotion; Fast cellular hydration for targeted relief; Pure natural botanical oils of eucalyptus/aloe","99.8%","Farm Bill Compliant Phytocannabinoid Profile","Proleve CBD 2000 Warming Roll On","Shop CBD Roll-On Warming 2000mg. Premium hemp-derived CBD topical with a soothing warming sensation for everyday wellness and targeted comfort.","CBD Roll-On, Warming Roll-On, 2000mg CBD, CBD Topical, Hemp-Derived, Warming Gel, CBD Relief, Muscle Relief, Wellness, Premium CBD, Topical CBD","CBD Roll-On Warming 2000mg hemp-derived CBD topical roll-on bottle",FALSE,FALSE,"140","proleve-cbd-2000-warming-roll-on"
"Urb Delta 9 Gummies 10mg – Dragonfruit Paradi","Urb Delta 9 Gummies 10mg – Dragonfruit Paradi provides balanced relaxation and euphoria through precisely dosed Delta-9 THC gummies in a delicious exotic dragonfruit flavor. What's Inside • 10mg total Delta-9 THC • Delicious exotic dragonfruit flavor • Precisely dosed for consistent effects • 10mg total • Third-party lab tested","About This Product Urb Delta 9 Gummies 10mg – Dragonfruit Paradi provides balanced relaxation and euphoria through a carefully crafted Delta-9 THC gummy formula. Every gummy is carefully dosed for consistent, dependable results. Available in a delicious exotic dragonfruit flavor, these gummies make adding cannabinoids to your daily routine simple and enjoyable — perfect for relaxing after a long day, supporting sleep, or enhancing your overall sense of wellbeing. Made with premium hemp-derived ingredients and rigorously tested for purity and potency, Urb Delta 9 Gummies 10mg – Dragonfruit Paradi is a trusted choice at TwoBudz, Flower Mound's premier hemp shop. Browse more Delta-9 THC products in our Delta 9 Products collection at TwoBudz in Flower Mound. Taste & Aroma • Exotic dragonfruit candy flavor • Mildly sweet tropical taste • Smooth clean finish Why Choose This Product ✔ 10mg total Delta-9 THC ✔ Delicious exotic dragonfruit flavor ✔ Precisely dosed for consistent, reliable effects ✔ 10mg total ✔ Third-party lab tested for purity and potency ✔ Made with premium hemp-derived extract How to Use Start with one gummy and wait 30–60 minutes to understand the effects before consuming more.",46.99,"gummies","< 0.3% THC","10mg","","15 Gummy Pack; 30 Gummy Value Pack","Vegan-friendly, delicious real fruit berry juices; Deep body soothing relaxation and tranquil alignment; Consistent dosage block in every bite","99.8%","Farm Bill Compliant Phytocannabinoid Profile","Urb Delta 9 Gummies 10mg – Dragonfruit Paradi","Urb Delta 9 Gummies 10mg – Dragonfruit Paradi provides balanced relaxation and euphoria through precisely dosed Delta-9 THC gummies in a delicious exotic dragonfruit flavor. What's Inside • 10mg total Delta-9 THC • Delicious exotic dragonfruit flavor • Precisely dosed for consistent effects • 10mg total • Third-party lab tested","","Urb Delta 9 Gummies 10mg – Dragonfruit Paradi",FALSE,FALSE,"47","urb-delta-9-gummies-10mg-dragonfruit-paradi"
"Road Trip Desert Stardust Mushroom Chocolate Bar – Strawberry Crunch","Desert Stardust Mushroom Chocolate Bar – Strawberry Crunch is a premium mushroom-infused chocolate bar available at TwoBudz in Flower Mound, TX. What's Inside Premium mushroom-infused formula Third-party lab tested for quality and consistency Precisely crafted for reliable serving consistency Available exclusively at TwoBudz, Flower Mound","About This Product Desert Stardust Mushroom Chocolate Bar – Strawberry Crunch is a carefully crafted mushroom-infused chocolate bar available at TwoBudz in Flower Mound, TX. Every bar is third-party lab tested to help ensure quality, consistency, and purity. TwoBudz is Flower Mound's trusted source for premium wellness products and specialty items. We carefully select brands that meet high standards for quality and transparency. Why Choose This Product ✔ Premium mushroom-infused formula ✔ Third-party lab tested for quality and consistency ✔ Crafted for reliable serving consistency ✔ Available at TwoBudz, Flower Mound, TX How to Use Follow the serving instructions provided on the product packaging. If you're trying this product for the first time, begin with a low serving and wait before consuming more to assess your individual response. If you have questions about whether this product is appropriate for you, consult a qualified healthcare professional.",24.99,"edibles","< 0.3% THC","500mg CBD","","","","99.8%","Farm Bill Compliant Phytocannabinoid Profile","Road Trip Desert Stardust Mushroom Chocolate Bar – Strawberry Crunch","Shop Desert Stardust Strawberry Crunch Mushroom Chocolate Bar. Premium mushroom-infused chocolate with a sweet strawberry crunch flavor in every bite.","Desert Stardust, Mushroom Chocolate, Strawberry Crunch, Chocolate Bar, Mushroom-Infused, Gourmet Chocolate, Edibles, Premium Chocolate, Strawberry Flavor, Wellness, Chocolate Edible, Mushroom Bar","Desert Stardust Strawberry Crunch mushroom-infused chocolate bar packaging",FALSE,FALSE,"170","road-trip-desert-stardust-mushroom-chocolate-bar-strawberry-crunch"
"Veggie Combo – 12g","Veggie Combo – 12g delivers a healthy, satisfying veggie snack in a convenient 12g pack ready-to-enjoy format. What's Inside • Premium veggie snack combo • Crisp fresh vegetables flavor • 12g pack • No refrigeration needed • Perfect on-the-go snack","About This Product Veggie Combo – 12g is a premium veggie snack combo offering a healthy, satisfying veggie snack in a convenient, portable format. With crisp fresh vegetables flavors, this snack is ideal for busy days, travel, or whenever hunger strikes. Made with quality ingredients for great taste and convenience. Available at TwoBudz as part of our specialty snack selection. Taste & Aroma • Crisp fresh vegetables • Bold and satisfying taste • Clean finish Why Choose This Product ✔ Premium veggie snack combo ✔ Crisp fresh vegetables flavor ✔ 12g pack ✔ Portable and easy to enjoy ✔ No refrigeration required How to Use Enjoy at room temperature as a standalone snack or pair with your favorite beverage.",41.99,"cbd-oils","< 0.3% THC","500mg CBD","","30ml Dropper Bottle; 60ml Value Pack","High-potency sublingual absorption profile; Organically cured cold-pressed MCT compound base; Fast restorative action to manage daily tension","99.8%","Farm Bill Compliant Phytocannabinoid Profile","Veggie Combo – 12g","Veggie Combo – 12g delivers a healthy, satisfying veggie snack in a convenient 12g pack ready-to-enjoy format. What's Inside • Premium veggie snack combo • Crisp fresh vegetables flavor • 12g pack • No refrigeration needed • Perfect on-the-go snack","","Veggie Combo – 12g",FALSE,FALSE,"146","veggie-combo-12g"
"Drink Delta D9 Water – Maui Wowie Passion Fruit 20mg","Drink Delta D9 Water – Maui Wowie Passion Fruit 20mg delivers a refreshing tropical and exotic sweetness flavor infused with hemp-derived cannabinoids, offering a balanced and enjoyable cannabis beverage experience. What's Inside • 20mg Delta-9 THC per can • Tropical and exotic sweetness flavor • Sparkling Delta-9 THC beverage • Sold individually or by pack","About This Product Drink Delta D9 Water – Maui Wowie Passion Fruit 20mg combines the bold flavor of Maui Wowie-inspired passion fruit with hemp-derived cannabinoids to create a refreshing sparkling cannabis beverage. Each can contains 20mg of hemp-derived Delta-9 THC, crafted for those seeking a more robust cannabis experience in a refreshing sparkling format. The tropical and exotic sweetness pairs perfectly with crisp carbonation, delivering a refreshing drink that can be enjoyed chilled or served as a mocktail alternative. This Delta-9 THC beverage provides a flavorful way to unwind without alcohol. Made with natural fruit juice and hemp extract, this beverage is crafted to deliver consistent quality and smooth effects for social gatherings or relaxing evenings. Browse more Delta-9 THC-infused beverages in our THC Drinks collection at TwoBudz in Flower Mound. Taste & Aroma • Tropical passion fruit flavor • Exotic floral notes • Clean refreshing finish Why Choose This Product ✔ 20mg Delta-9 THC per can ✔ Sparkling cannabis beverage ✔ Alcohol-free relaxation drink ✔ Tropical and exotic sweetness flavor ✔ Vegan, gluten-free, and non-GMO How to Use Start with one can and wait about 30–60 minutes to understand the effects before consuming more.",6.99,"beverages","10mg Delta-9 THC","20mg","","4-Pack Cans; Single Can","Sparkling organic carbonated hydration; Fast acting nano-emulsified active cannabinoids; Zero high-fructose corn syrups or artificial color","99.8%","Farm Bill Compliant Phytocannabinoid Profile","Drink Delta D9 Water Maui Wowie Passion Fruit 20mg","Enjoy Drink Delta D9 Water Maui Wowie Passion Fruit 20mg. A premium hemp-derived Delta 9 beverage with tropical passion fruit flavor for refreshing enjoyment.","Drink Delta D9 Water, Delta 9 Water, Maui Wowie, Passion Fruit, 20mg Delta 9, THC Beverage, Hemp Beverage, Hemp-Derived, Delta 9 Drink, Infused Water, Cannabis Drink, Wellness","Drink Delta D9 Water Maui Wowie Passion Fruit 20mg hemp-derived Delta 9 beverage bottle",FALSE,FALSE,"95","drink-delta-d9-water-maui-wowie-passion-fruit-20mg"
"Drink Delta D9 Water – Wedding Cake Blood Orange 20mg","Drink Delta D9 Water – Wedding Cake Blood Orange 20mg delivers a refreshing rich citrus with sweet berry undertones flavor infused with hemp-derived cannabinoids, offering a balanced and enjoyable cannabis beverage experience. What's Inside • 20mg Delta-9 THC per can • Rich citrus with sweet berry undertones flavor • Sparkling Delta-9 THC beverage • Sold individually or by pack","About This Product Drink Delta D9 Water – Wedding Cake Blood Orange 20mg combines the bold flavor of vibrant blood orange with hemp-derived cannabinoids to create a refreshing sparkling cannabis beverage. Each can contains 20mg of hemp-derived Delta-9 THC, crafted for those seeking a more robust cannabis experience in a refreshing sparkling format. The rich citrus with sweet berry undertones pairs perfectly with crisp carbonation, delivering a refreshing drink that can be enjoyed chilled or served as a mocktail alternative. This Delta-9 THC beverage provides a flavorful way to unwind without alcohol. Made with natural fruit juice and hemp extract, this beverage is crafted to deliver consistent quality and smooth effects for social gatherings or relaxing evenings. Browse more Delta-9 THC-infused beverages in our THC Drinks collection at TwoBudz in Flower Mound. Taste & Aroma • Bold blood orange flavor • Sweet-tart citrus notes • Crisp sparkling finish Why Choose This Product ✔ 20mg Delta-9 THC per can ✔ Sparkling cannabis beverage ✔ Alcohol-free relaxation drink ✔ Rich citrus with sweet berry undertones flavor ✔ Vegan, gluten-free, and non-GMO How to Use Start with one can and wait about 30–60 minutes to understand the effects before consuming more.",6.99,"beverages","10mg Delta-9 THC","20mg","","4-Pack Cans; Single Can","Sparkling organic carbonated hydration; Fast acting nano-emulsified active cannabinoids; Zero high-fructose corn syrups or artificial color","99.8%","Farm Bill Compliant Phytocannabinoid Profile","Drink Delta D9 Water Wedding Cake Blood Orange 20mg","Enjoy Drink Delta D9 Water Wedding Cake Blood Orange 20mg. A premium hemp-derived Delta 9 beverage with refreshing blood orange flavor and smooth taste.","Drink Delta D9 Water, Delta 9 Water, Wedding Cake, Blood Orange, 20mg Delta 9, THC Beverage, Hemp Beverage, Hemp-Derived, Delta 9 Drink, Infused Water, Cannabis Drink, Wellness","Drink Delta D9 Water Wedding Cake Blood Orange 20mg hemp-derived Delta 9 beverage bottle",FALSE,FALSE,"94","drink-delta-d9-water-wedding-cake-blood-orange-20mg"
"Enjoy Live Rosin Chill Delta 9 Gummies 600mg","Enjoy Live Rosin Chill Delta 9 Gummies 600mg provides balanced relaxation and euphoria through precisely dosed Delta-9 THC gummies in a delicious cool mixed fruit flavor. What's Inside • 600mg total Delta-9 THC • Delicious cool mixed fruit flavor • Precisely dosed for consistent effects • 600mg total • Third-party lab tested","About This Product Enjoy Live Rosin Chill Delta 9 Gummies 600mg provides balanced relaxation and euphoria through a carefully crafted Delta-9 THC gummy formula. These gummies are crafted with premium live rosin extract for superior terpene preservation and authentic full-plant flavor. Every gummy is carefully dosed for consistent, dependable results. Available in a delicious cool mixed fruit flavor, these gummies make adding cannabinoids to your daily routine simple and enjoyable — perfect for relaxing after a long day, supporting sleep, or enhancing your overall sense of wellbeing. Made with premium hemp-derived ingredients and rigorously tested for purity and potency, Enjoy Live Rosin Chill Delta 9 Gummies 600mg is a trusted choice at TwoBudz, Flower Mound's premier hemp shop. Browse more Delta-9 THC products in our Delta 9 Products collection at TwoBudz in Flower Mound. Taste & Aroma • Mixed fruit candy flavor • Cool smooth taste • Smooth clean finish Why Choose This Product ✔ 600mg total Delta-9 THC ✔ Delicious cool mixed fruit flavor ✔ Precisely dosed for consistent, reliable effects ✔ 600mg total ✔ Third-party lab tested for purity and potency ✔ Made with premium hemp-derived extract How to Use Start with one gummy and wait 30–60 minutes to understand the effects before consuming more.",74.99,"gummies","< 0.3% THC","600mg","","Full size is 40 gummies","Vegan-friendly, delicious real fruit berry juices; Deep body soothing relaxation and tranquil alignment; Consistent dosage block in every bite","99.8%","Farm Bill Compliant Phytocannabinoid Profile","Enjoy Live Rosin Chill Delta 9 Gummies 600mg","Shop Enjoy Live Rosin Chill Delta 9 Gummies 600mg. Premium hemp-derived Delta 9 gummies made with live rosin for a flavorful and convenient edible experience.","Enjoy Hemp, Live Rosin Gummies, Delta 9 Gummies, 600mg Delta 9, Hemp-Derived, THC Gummies, Live Rosin, Hemp Gummies, Edibles, Premium Gummies, Cannabis Gummies, Wellness","Enjoy Live Rosin Chill Delta 9 Gummies 600mg hemp-derived live rosin gummy package",FALSE,FALSE,"126","enjoy-live-rosin-chill-delta-9-gummies-600mg"
"Mighty Kind Delta 9 Seltzer – Banana Kush 10mg","Mighty Kind Delta 9 Seltzer – Banana Kush 10mg delivers a refreshing smooth tropical sweetness flavor infused with hemp-derived cannabinoids, offering a balanced and enjoyable cannabis beverage experience. What's Inside • 10mg Delta-9 THC per can • Smooth tropical sweetness flavor • Sparkling Delta-9 THC beverage • Sold individually or by pack","About This Product Mighty Kind Delta 9 Seltzer – Banana Kush 10mg combines the bold flavor of ripe banana with kush terpenes with hemp-derived cannabinoids to create a refreshing sparkling cannabis beverage. Each can contains 10mg of hemp-derived Delta-9 THC, providing a balanced cannabis experience designed for relaxation and enjoyment. The smooth tropical sweetness pairs perfectly with crisp carbonation, delivering a refreshing drink that can be enjoyed chilled or served as a mocktail alternative. This Delta-9 THC beverage provides a flavorful way to unwind without alcohol. Made with natural fruit juice and hemp extract, this beverage is crafted to deliver consistent quality and smooth effects for social gatherings or relaxing evenings. Browse more Delta-9 THC-infused beverages in our THC Drinks collection at TwoBudz in Flower Mound. Taste & Aroma • Ripe banana flavor • Smooth tropical notes • Crisp sparkling finish Why Choose This Product ✔ 10mg Delta-9 THC per can ✔ Sparkling cannabis beverage ✔ Alcohol-free relaxation drink ✔ Smooth tropical sweetness flavor ✔ Vegan, gluten-free, and non-GMO How to Use Start with one can and wait about 30–60 minutes to understand the effects before consuming more.",87,"beverages","< 0.3% THC","10mg","","4-Pack Cans; 12-Pack Case","Sparkling organic carbonated hydration; Fast acting nano-emulsified active cannabinoids; Zero high-fructose corn syrups or artificial color","99.8%","Farm Bill Compliant Phytocannabinoid Profile","Mighty Kind Delta 9 Seltzer – Banana Kush 10mg","Mighty Kind Delta 9 Seltzer – Banana Kush 10mg delivers a refreshing smooth tropical sweetness flavor infused with hemp-derived cannabinoids, offering a balanced and enjoyable cannabis beverage experience. What's Inside • 10mg Delta-9 THC per can • Smooth tropical sweetness flavor • Sparkling Delta-9 THC beverage • Sold individually or by pack","","Mighty Kind Delta 9 Seltzer – Banana Kush 10mg",FALSE,FALSE,"66","mighty-kind-delta-9-seltzer-banana-kush"
"Enjoy Live Rosin Delta 9 + CBD Gummies Balance 25ct","Enjoy Live Rosin Delta 9 + CBD Gummies Balance 25ct delivers a balanced experience with 12.5 mg Delta-9 THC and 12.5 mg CBD per gummy, infused with premium live rosin extract and available in a delicious mixed fruit flavor. What's Inside 12.5 mg Delta-9 THC + 12.5 mg CBD per gummy Premium live rosin extract Mixed fruit flavor 25-count pack Third-party lab tested for purity and potency","About This Product Enjoy Live Rosin Delta 9 + CBD Gummies Balance 25ct features a balanced blend of 12.5 mg Delta-9 THC and 12.5 mg CBD in each gummy, crafted with premium live rosin extract to preserve naturally occurring terpenes and deliver an authentic full-spectrum hemp experience. Each gummy is precisely dosed for consistency and comes in a flavorful mixed fruit variety, making it a convenient option for those seeking a balanced cannabinoid product. Made with premium hemp-derived ingredients and independently third-party lab tested for purity and potency, Enjoy Live Rosin Delta 9 + CBD Gummies Balance 25ct is available at TwoBudz, Flower Mound's trusted destination for quality hemp products. Browse more Delta-9 products in the TwoBudz Delta-9 collection. Taste & Aroma Mixed fruit flavor Sweet, fruity taste Smooth, enjoyable finish Why Choose This Product ✔ 12.5 mg Delta-9 THC + 12.5 mg CBD per gummy ✔ Premium live rosin extract ✔ Delicious mixed fruit flavor ✔ Precisely dosed for consistent servings ✔ 25-count pack ✔ Third-party lab tested for purity and potency ✔ Made with premium hemp-derived ingredients How to Use Start with one gummy (12.5 mg Delta-9 THC + 12.5 mg CBD) and wait at least 60–90 minutes before considering an additional serving, especially if you are new to THC edibles. Follow the product label instructions and consume responsibly.",54.99,"gummies","< 0.3% THC","500mg CBD","","15 Gummy Pack; 30 Gummy Value Pack","Vegan-friendly, delicious real fruit berry juices; Deep body soothing relaxation and tranquil alignment; Consistent dosage block in every bite","99.8%","Farm Bill Compliant Phytocannabinoid Profile","Enjoy Live Rosin Delta 9 + CBD Gummies Balance 25ct","Shop Enjoy Live Rosin Delta 9 + CBD Gummies Balance 25ct. Premium hemp-derived gummies with live rosin, Delta 9, and CBD for a balanced edible experience.","Enjoy Hemp, Live Rosin Gummies, Delta 9 Gummies, CBD Gummies, Balance Gummies, 25 Count, Hemp-Derived, Live Rosin, THC Gummies, Edibles, Premium Gummies, Wellness","Enjoy Live Rosin Delta 9 and CBD Gummies Balance 25-count hemp-derived live rosin gummy package",FALSE,FALSE,"120","enjoy-live-rosin-delta-9-cbd-gummies-balance-25ct"
"Wyld CBD Sparkling Water – Grapefruit 20mg CBD + 10mg CBG","Wyld CBD Sparkling Water – Grapefruit is a refreshing sparkling beverage featuring bright grapefruit flavor with tangy citrus notes and subtle sweetness, infused with 20 mg CBD and 10 mg CBG per can. What's Inside 20 mg CBD + 10 mg CBG per can Bright grapefruit flavor with tangy citrus and subtle sweetness Sparkling hemp-derived cannabinoid beverage Sold individually or by pack Third-party lab tested for quality and consistency","About This Product Wyld CBD Sparkling Water – Grapefruit blends the vibrant taste of grapefruit with crisp sparkling water and a balanced cannabinoid profile featuring 20 mg of hemp-derived CBD and 10 mg of hemp-derived CBG per can. Crafted with real fruit flavor and premium hemp-derived cannabinoids, this alcohol-free sparkling beverage offers a refreshing option for those looking to enjoy cannabinoids in a convenient drink format. The bright citrus flavor and light carbonation make it enjoyable straight from the can or served chilled. Made with quality ingredients and independently third-party lab tested for purity and consistency, Wyld CBD Sparkling Water – Grapefruit is available at TwoBudz, Flower Mound's trusted source for premium hemp products. Browse more hemp-infused beverages in the TwoBudz CBD Drinks collection. Taste & Aroma Bright grapefruit citrus flavor Light tart notes with subtle sweetness Crisp, refreshing sparkling finish Why Choose This Product ✔ 20 mg CBD + 10 mg CBG per can ✔ Sparkling hemp-derived cannabinoid beverage ✔ Bright grapefruit flavor ✔ Alcohol-free beverage ✔ Vegan, gluten-free, and non-GMO ✔ Third-party lab tested for quality and consistency How to Use Enjoy one chilled can as directed on the product label. If you're new to cannabinoid beverages, start with one serving and allow sufficient time to assess your individual response before consuming more.",5.99,"beverages","< 0.3% THC","50mg","","Single Can","Sparkling organic carbonated hydration; Fast acting nano-emulsified active cannabinoids; Zero high-fructose corn syrups or artificial color","99.8%","Farm Bill Compliant Phytocannabinoid Profile","Wyld CBD Sparkling Water – Grapefruit 20mg CBD + 10mg CBG","Shop Wyld CBD Sparkling Water Grapefruit 50mg. Premium hemp-derived CBD sparkling water with refreshing grapefruit flavor for everyday wellness.","Wyld, CBD Sparkling Water, Grapefruit, 50mg CBD, CBD Beverage, Hemp-Derived, Sparkling Water, CBD Drink, Wellness, Premium CBD, Ready-to-Drink","Wyld CBD Sparkling Water Grapefruit 50mg hemp-derived CBD beverage can",FALSE,FALSE,"59","wyld-cbd-sparkling-water-grapefruit-20mg-cbd-10mg-cbg"
"Enjoy Live Rosin Delta 9 Gummies 300mg – Bliss","Enjoy Live Rosin Delta 9 Gummies 300mg – Bliss provides balanced relaxation and euphoria through precisely dosed Delta-9 THC gummies in a delicious sweet blissful fruit flavor. What's Inside • 300mg total Delta-9 THC • Delicious sweet blissful fruit flavor • Precisely dosed for consistent effects • 300mg total • Third-party lab tested","About This Product Enjoy Live Rosin Delta 9 Gummies 300mg – Bliss provides balanced relaxation and euphoria through a carefully crafted Delta-9 THC gummy formula. These gummies are crafted with premium live rosin extract for superior terpene preservation and authentic full-plant flavor. Every gummy is carefully dosed for consistent, dependable results. Available in a delicious sweet blissful fruit flavor, these gummies make adding cannabinoids to your daily routine simple and enjoyable — perfect for relaxing after a long day, supporting sleep, or enhancing your overall sense of wellbeing. Made with premium hemp-derived ingredients and rigorously tested for purity and potency, Enjoy Live Rosin Delta 9 Gummies 300mg – Bliss is a trusted choice at TwoBudz, Flower Mound's premier hemp shop. Browse more Delta-9 THC products in our Delta 9 Products collection at TwoBudz in Flower Mound. Taste & Aroma • Sweet mixed fruit flavor • Smooth candy taste • Smooth clean finish Why Choose This Product ✔ 300mg total Delta-9 THC ✔ Delicious sweet blissful fruit flavor ✔ Precisely dosed for consistent, reliable effects ✔ 300mg total ✔ Third-party lab tested for purity and potency ✔ Made with premium hemp-derived extract How to Use Start with one gummy and wait 30–60 minutes to understand the effects before consuming more.",44.99,"gummies","< 0.3% THC","300mg","","25 Gummies Pack","Vegan-friendly, delicious real fruit berry juices; Deep body soothing relaxation and tranquil alignment; Consistent dosage block in every bite","99.8%","Farm Bill Compliant Phytocannabinoid Profile","Enjoy Live Rosin Delta 9 Gummies 300mg Bliss","Shop Enjoy Live Rosin Delta 9 Gummies 300mg Bliss. Premium hemp-derived gummies infused with live rosin and Delta 9 for a flavorful edible experience.","Enjoy Hemp, Live Rosin Gummies, Delta 9 Gummies, 300mg Delta 9, Bliss, Hemp-Derived, THC Gummies, Live Rosin, Hemp Gummies, Edibles, Premium Gummies, Wellness","Enjoy Live Rosin Delta 9 Gummies 300mg Bliss hemp-derived live rosin gummy package",TRUE,FALSE,"27","enjoy-live-rosin-delta-9-gummies-300mg-bliss"
"Green Garden Gold – Delta 8 Blue Cotton Candy 1000mg Gummies","Green Garden Gold – Delta 8 Blue Cotton Candy 1000mg Gummies brings smooth, clear-headed relaxation through precisely dosed Delta-8 THC gummies in a delicious classic blue cotton candy flavor. What's Inside • 1000mg total Delta-8 THC • Delicious classic blue cotton candy flavor • Precisely dosed for consistent effects • 1000mg total • Third-party lab tested","About This Product Green Garden Gold – Delta 8 Blue Cotton Candy 1000mg Gummies provides smooth, clear-headed relaxation through a carefully crafted Delta-8 THC gummy formula. Every gummy is carefully dosed for consistent, dependable results. Available in a delicious classic blue cotton candy flavor, these gummies make adding cannabinoids to your daily routine simple and enjoyable — perfect for relaxing after a long day, supporting sleep, or enhancing your overall sense of wellbeing. Made with premium hemp-derived ingredients and rigorously tested for purity and potency, Green Garden Gold – Delta 8 Blue Cotton Candy 1000mg Gummies is a trusted choice at TwoBudz, Flower Mound's premier hemp shop. Browse more Delta-8 THC products in our Delta 8 Products collection at TwoBudz in Flower Mound. Taste & Aroma • Sweet cotton candy flavor • Light airy sweetness • Smooth clean finish Why Choose This Product ✔ 1000mg total Delta-8 THC ✔ Delicious classic blue cotton candy flavor ✔ Precisely dosed for consistent, reliable effects ✔ 1000mg total ✔ Third-party lab tested for purity and potency ✔ Made with premium hemp-derived extract How to Use Start with one gummy and wait 30–60 minutes to understand the effects before consuming more.",59.99,"gummies","< 0.3% THC","1000mg","","15 Gummy Pack; 30 Gummy Value Pack","Vegan-friendly, delicious real fruit berry juices; Deep body soothing relaxation and tranquil alignment; Consistent dosage block in every bite","99.8%","Farm Bill Compliant Phytocannabinoid Profile","Green Garden Gold – Delta 8 Blue Cotton Candy 1000mg Gummies","Green Garden Gold – Delta 8 Blue Cotton Candy 1000mg Gummies brings smooth, clear-headed relaxation through precisely dosed Delta-8 THC gummies in a delicious classic blue cotton candy flavor. What's Inside • 1000mg total Delta-8 THC • Delicious classic blue cotton candy flavor • Precisely dosed for consistent effects • 1000mg total • Third-party lab tested","","Green Garden Gold – Delta 8 Blue Cotton Candy 1000mg Gummies",FALSE,FALSE,"72","green-garden-gold-delta-8-blue-cotton-candy-1000mg-gummies"
"Enjoy Live Rosin Delta 9 Gummies Euphoria 25ct","Enjoy Live Rosin Delta 9 Gummies Euphoria 25ct provides balanced relaxation and euphoria through precisely dosed Delta-9 THC gummies in a delicious sweet fruity euphoria blend flavor. What's Inside • Delta-9 THC formula • Delicious sweet fruity euphoria blend flavor • Precisely dosed for consistent effects • 25-count pack • Third-party lab tested","About This Product Enjoy Live Rosin Delta 9 Gummies Euphoria 25ct provides balanced relaxation and euphoria through a carefully crafted Delta-9 THC gummy formula. These gummies are crafted with premium live rosin extract for superior terpene preservation and authentic full-plant flavor. Every gummy is carefully dosed for consistent, dependable results. Available in a delicious sweet fruity euphoria blend flavor, these gummies make adding cannabinoids to your daily routine simple and enjoyable — perfect for relaxing after a long day, supporting sleep, or enhancing your overall sense of wellbeing. Made with premium hemp-derived ingredients and rigorously tested for purity and potency, Enjoy Live Rosin Delta 9 Gummies Euphoria 25ct is a trusted choice at TwoBudz, Flower Mound's premier hemp shop. Browse more Delta-9 THC products in our Delta 9 Products collection at TwoBudz in Flower Mound. Taste & Aroma • Sweet fruit candy flavor • Bold festive taste • Smooth clean finish Why Choose This Product ✔Delta-9 THC formula ✔ Delicious sweet fruity euphoria blend flavor ✔ Precisely dosed for consistent, reliable effects ✔ 25-count pack ✔ Third-party lab tested for purity and potency ✔ Made with premium hemp-derived extract How to Use Start with one gummy and wait 30–60 minutes to understand the effects before consuming more.",44.99,"gummies","< 0.3% THC","500mg CBD","","25 Gummies Per Bottle","Vegan-friendly, delicious real fruit berry juices; Deep body soothing relaxation and tranquil alignment; Consistent dosage block in every bite","99.8%","Farm Bill Compliant Phytocannabinoid Profile","Enjoy Live Rosin Delta 9 Gummies Euphoria 25ct","Shop Enjoy Live Rosin Delta 9 Gummies Euphoria 25ct. Premium hemp-derived gummies infused with live rosin and Delta 9 for a flavorful edible experience.","Enjoy Hemp, Live Rosin Gummies, Delta 9 Gummies, Euphoria, 25 Count, Hemp-Derived, THC Gummies, Live Rosin, Hemp Gummies, Edibles, Premium Gummies, Wellness","Enjoy Live Rosin Delta 9 Gummies Euphoria 25-count hemp-derived live rosin gummy package",TRUE,FALSE,"122","enjoy-live-rosin-delta-9-gummies-euphoria-25ct"
"Hometown Hero Delta 9 Cocoa Crisp Cereal Bites","Hometown Hero Delta 9 Cocoa Crisp Cereal Bites provides balanced relaxation and euphoria through precisely dosed Delta-9 THC gummies in a delicious rich cocoa crisp cereal flavor. What's Inside • Delta-9 THC formula • Delicious rich cocoa crisp cereal flavor • Precisely dosed for consistent effects • resealable pack • Third-party lab tested","About This Product Hometown Hero Delta 9 Cocoa Crisp Cereal Bites provides balanced relaxation and euphoria through a carefully crafted Delta-9 THC gummy formula. Every gummy is carefully dosed for consistent, dependable results. Available in a delicious rich cocoa crisp cereal flavor, these gummies make adding cannabinoids to your daily routine simple and enjoyable — perfect for relaxing after a long day, supporting sleep, or enhancing your overall sense of wellbeing. Made with premium hemp-derived ingredients and rigorously tested for purity and potency, Hometown Hero Delta 9 Cocoa Crisp Cereal Bites is a trusted choice at TwoBudz, Flower Mound's premier hemp shop. Browse more Delta-9 THC products in our Delta 9 Products collection at TwoBudz in Flower Mound. Taste & Aroma • Rich cocoa cereal flavor • Chocolatey sweet taste • Smooth clean finish Why Choose This Product ✔ Delta-9 THC formula ✔ Delicious rich cocoa crisp cereal flavor ✔ Precisely dosed for consistent, reliable effects ✔ Resealable pack ✔ Third-party lab tested for purity and potency ✔ Made with premium hemp-derived extract How to Use Start with one gummy and wait 30–60 minutes to understand the effects before consuming more.",49.99,"edibles","< 0.3% THC","300mg CBD","","15 Pieces Per Bag","Vegan-friendly, delicious real fruit berry juices; Deep body soothing relaxation and tranquil alignment; Consistent dosage block in every bite","99.8%","Farm Bill Compliant Phytocannabinoid Profile","Hometown Hero Delta 9 Cocoa Crisp Cereal Bites","Shop Hometown Hero Delta 9 Cocoa Crisp Cereal Bites. Premium hemp-derived Delta 9 cereal bites with rich cocoa flavor for a delicious edible experience.","Hometown Hero, Delta 9, Cocoa Crisp, Cereal Bites, THC Edibles, Hemp-Derived, Delta 9 Edibles, Hemp Snacks, Premium Edibles, Chocolate Flavor, Wellness, Cannabis Edibles","Hometown Hero Delta 9 Cocoa Crisp Cereal Bites hemp-derived edible package",FALSE,FALSE,"74","hometown-hero-delta-9-cocoa-crisp-cereal-bites"
"Just CBD – CBD Gummies 3000mg","Just CBD – CBD Gummies 3000mg supports everyday wellness — now available at TwoBudz in Flower Mound, TX and calm balance through precisely dosed CBD gummies in a delicious mixed fruit candy flavor. What's Inside • 3000mg total CBD • Delicious mixed fruit candy flavor • Precisely dosed for consistent effects • 3000mg total • Third-party lab tested","About This Product Just CBD – CBD Gummies 3000mg provides daily wellness and calm through a carefully crafted CBD gummy formula. Every gummy is carefully dosed for consistent, dependable results. Available in a delicious mixed fruit candy flavor, these gummies make adding cannabinoids to your daily routine simple and enjoyable — perfect for relaxing after a long day, supporting sleep, or enhancing your overall sense of wellbeing. Made with premium hemp-derived ingredients and rigorously tested for purity and potency, Just CBD – CBD Gummies 3000mg is a trusted choice at TwoBudz, Flower Mound's premier hemp shop. Browse more CBD products in our CBD Products collection at TwoBudz in Flower Mound. Taste & Aroma • Mixed fruit candy flavor • Sweet balanced taste • Smooth clean finish Why Choose This Product ✔ 3000mg total CBD ✔ Delicious mixed fruit candy flavor ✔ Precisely dosed for consistent, reliable effects ✔ 3000mg total ✔ Third-party lab tested for purity and potency ✔ Made with premium hemp-derived extract How to Use Start with one gummy and wait 30–60 minutes to understand the effects before consuming more.",85.99,"gummies","< 0.3% THC","3000mg","","15 Gummy Pack; 30 Gummy Value Pack","Vegan-friendly, delicious real fruit berry juices; Deep body soothing relaxation and tranquil alignment; Consistent dosage block in every bite","99.8%","Farm Bill Compliant Phytocannabinoid Profile","Just CBD – CBD Gummies 3000mg","Just CBD – CBD Gummies 3000mg supports everyday wellness — now available at TwoBudz in Flower Mound, TX and calm balance through precisely dosed CBD gummies in a delicious mixed fruit candy flavor. What's Inside • 3000mg total CBD • Delicious mixed fruit candy flavor • Precisely dosed for consistent effects • 3000mg total • Third-party lab tested","","Just CBD – CBD Gummies 3000mg",FALSE,FALSE,"77","just-cbd-cbd-gummies-3000mg"
"Wyld CBD Sparkling Water – Blackberry 50mg CBD","Wyld CBD Sparkling Water – Blackberry 50mg CBD delivers a refreshing bold sweet-tart berry flavor infused with hemp-derived cannabinoids, offering a balanced and enjoyable cannabis beverage experience. What's Inside • 50mg CBD per can • Bold sweet-tart berry flavor • Sparkling CBD beverage • Sold individually or by pack","About This Product Wyld CBD Sparkling Water – Blackberry 50mg combines the bold flavor of ripe blackberries with hemp-derived cannabinoids to create a refreshing sparkling cannabis beverage. Each can contains 50mg of hemp-derived CBD, offering a smooth, non-intoxicating experience perfect for everyday wellness and relaxation. The bold sweet-tart berry pairs perfectly with crisp carbonation, delivering a refreshing drink that can be enjoyed chilled or served as a mocktail alternative. This CBD beverage provides a flavorful way to unwind without alcohol. Made with natural fruit juice and hemp extract, this beverage is crafted to deliver consistent quality and smooth effects for social gatherings or relaxing evenings. Browse more CBD-infused beverages in our CBD Drinks collection at TwoBudz in Flower Mound. Taste & Aroma • Ripe blackberry flavor • Rich berry sweetness • Crisp sparkling finish Why Choose This Product ✔ 50mg CBD per can ✔ Hemp-derived CBD beverage ✔ Alcohol-free wellness drink ✔ Bold sweet-tart berry flavor ✔ Vegan, gluten-free, and non-GMO How to Use Start with one can and wait about 30–60 minutes to understand the effects before consuming more.",5.99,"beverages","< 0.3% THC","500gm CBD","","Single Can; 4-pack","","99.8%","Farm Bill Compliant Phytocannabinoid Profile","Wyld CBD Sparkling Water Blackberry 50mg CBD","Shop Wyld CBD Sparkling Water Blackberry 50mg. Premium hemp-derived CBD sparkling water with refreshing blackberry flavor for everyday wellness.","Wyld, CBD Sparkling Water, Blackberry, 50mg CBD, CBD Beverage, Hemp-Derived, Sparkling Water, CBD Drink, Wellness, Premium CBD, Ready-to-Drink, CBD","Wyld CBD Sparkling Water Blackberry 50mg hemp-derived CBD beverage can",FALSE,FALSE,"63","wyld-cbd-sparkling-water-blackberry-50mg"
"Pear CBD Gummies – Hemp Extract Edibles","Pear CBD Gummies – Hemp Extract Edibles is a premium hemp-derived product available at TwoBudz in Flower Mound, TX. What's Inside • Premium hemp-derived formula • Lab-tested for purity and potency • Consistent, reliable dosing • Available exclusively at TwoBudz, Flower Mound","About This Product Pear CBD Gummies – Hemp Extract Edibles is a carefully crafted hemp product available at TwoBudz in Flower Mound, TX. Every unit is third-party lab tested to ensure purity, potency, and consistency. TwoBudz is Flower Mound's trusted source for premium hemp-derived products including CBD, Delta-8, Delta-9, and specialty wellness items. We carry only brands we believe in, verified for quality at every step. Why Choose This Product ✔ Premium hemp-derived formula ✔ Third-party lab tested for purity and potency ✔ Precisely dosed for consistent, reliable effects ✔ Available at TwoBudz, Flower Mound, TX How to Use Follow the product label instructions. Start low and go slow, especially if new to hemp products. Consult a healthcare professional if you have any questions about dosage or interactions.",64.99,"gummies","< 0.3% THC","500mg CBD","","15 Gummy Pack; 30 Gummy Value Pack","Vegan-friendly, delicious real fruit berry juices; Deep body soothing relaxation and tranquil alignment; Consistent dosage block in every bite","99.8%","Farm Bill Compliant Phytocannabinoid Profile","Pear CBD Gummies – Hemp Extract Edibles","Shop Pear CBD Gummies made with premium hemp extract. Delicious CBD edibles crafted for everyday wellness in a convenient gummy form.","Pear CBD Gummies, Hemp Extract, CBD Gummies, Hemp Gummies, CBD Edibles, Pear Flavor, Hemp-Derived, Wellness, Premium CBD, Daily Wellness, Edibles, CBD","Pear CBD Gummies made with premium hemp extract in gummy package",FALSE,FALSE,"186","pear-cbd-gummies"
"Hometown Hero Live Rosin Delta 9 Caramels 400mg","Hometown Hero Live Rosin Delta 9 Caramels 400mg provides balanced relaxation and euphoria through precisely dosed Delta-9 THC gummies in a delicious rich buttery caramel flavor. What's Inside • 400mg total Delta-9 THC • Delicious rich buttery caramel flavor • Precisely dosed for consistent effects • 400mg total • Third-party lab tested","About This Product Hometown Hero Live Rosin Delta 9 Caramels 400mg provides balanced relaxation and euphoria through a carefully crafted Delta-9 THC gummy formula. These gummies are crafted with premium live rosin extract for superior terpene preservation and authentic full-plant flavor. Every gummy is carefully dosed for consistent, dependable results. Available in a delicious rich buttery caramel flavor, these gummies make adding cannabinoids to your daily routine simple and enjoyable — perfect for relaxing after a long day, supporting sleep, or enhancing your overall sense of wellbeing. Made with premium hemp-derived ingredients and rigorously tested for purity and potency, Hometown Hero Live Rosin Delta 9 Caramels 400mg is a trusted choice at TwoBudz, Flower Mound's premier hemp shop. Browse more Delta-9 THC products in our Delta 9 Products collection at TwoBudz in Flower Mound. Taste & Aroma • Rich buttery caramel flavor • Sweet indulgent taste • Smooth clean finish Why Choose This Product ✔ 400mg total Delta-9 THC ✔ Delicious rich buttery caramel flavor ✔ Precisely dosed for consistent, reliable effects ✔ 400mg total ✔ Third-party lab tested for purity and potency ✔ Made with premium hemp-derived extract How to Use Start with one gummy and wait 30–60 minutes to understand the effects before consuming more.",74.99,"gummies","< 0.3% THC","400mg","","15 Gummy Pack; 30 Gummy Value Pack","Vegan-friendly, delicious real fruit berry juices; Deep body soothing relaxation and tranquil alignment; Consistent dosage block in every bite","99.8%","Farm Bill Compliant Phytocannabinoid Profile","Hometown Hero Live Rosin Delta 9 Caramels 400mg","Hometown Hero Live Rosin Delta 9 Caramels 400mg provides balanced relaxation and euphoria through precisely dosed Delta-9 THC gummies in a delicious rich buttery caramel flavor. What's Inside • 400mg total Delta-9 THC • Delicious rich buttery caramel flavor • Precisely dosed for consistent effects • 400mg total • Third-party lab tested","","Hometown Hero Live Rosin Delta 9 Caramels 400mg",FALSE,FALSE,"76","hometown-hero-live-rosin-delta-9-caramels-400mg"
"Proleve – CBD Daily Gummies – 1500mg, 30 Count","Proleve – CBD Daily Gummies – 50 mg, 30 Count supports everyday wellness — now available at TwoBudz in Flower Mound, TX and calm balance through precisely dosed CBD gummies in a delicious light mixed fruit flavor. What's Inside • 50mg total CBD • Delicious light mixed fruit flavor • Precisely dosed for consistent effects • 50mg total • Third-party lab tested","About This Product Proleve – CBD Daily Gummies – 50 mg, 30 Count supports daily balance and wellbeing through a thoughtfully formulated CBD gummy formula. Every gummy is carefully dosed for consistent, dependable results. Available in a delicious light mixed fruit flavor, these gummies make adding cannabinoids to your daily routine simple and enjoyable — perfect for relaxing after a long day, supporting sleep, or enhancing your overall sense of wellbeing. Made with premium hemp-derived ingredients and rigorously tested for purity and potency, Proleve – CBD Daily Gummies – 50 mg, 30 Count is a trusted choice at TwoBudz, Flower Mound's premier hemp shop. Browse more CBD products in our CBD Products collection at TwoBudz in Flower Mound. Taste & Aroma • Light mixed fruit flavor • Gentle sweet taste • Smooth clean finish Why Choose This Product ✔ 50mg total CBD ✔ Delicious light mixed fruit flavor ✔ Precisely dosed for consistent, reliable effects ✔ 50mg total ✔ Third-party lab tested for purity and potency ✔ Made with premium hemp-derived extract How to Use Start with one gummy and wait 30–60 minutes to understand the effects before consuming more.",64.99,"gummies","< 0.3% THC","1500mg CBD (50mg per gummy)","","30 Per Bottle","Vegan-friendly, delicious real fruit berry juices; Deep body soothing relaxation and tranquil alignment; Consistent dosage block in every bite","99.8%","Farm Bill Compliant Phytocannabinoid Profile","Proleve CBD Daily Gummies 50mg 30 Count","Shop Proleve CBD Daily Gummies 50mg, 30 Count. Premium hemp-derived CBD gummies crafted for everyday wellness in a convenient and delicious edible form.","Proleve, CBD Gummies, Daily Gummies, 50mg CBD, 30 Count, Hemp-Derived, CBD Edibles, Wellness, Premium CBD, Hemp Gummies, Daily Wellness, CBD","Proleve CBD Daily Gummies 50mg 30-count hemp-derived CBD gummy bottle",FALSE,FALSE,"158","proleve-cbd-daily-gummies-50-mg-30-count"
"Wyld CBD Sparkling Water – Blood Orange 50mg","Wyld CBD Sparkling Water – Blood Orange 50mg delivers a refreshing rich citrus with sweet berry undertones flavor infused with hemp-derived cannabinoids, offering a balanced and enjoyable cannabis beverage experience. What's Inside • 50mg CBD per can • Rich citrus with sweet berry undertones flavor • Sparkling CBD beverage • Sold individually or by pack","About This Product Wyld CBD Sparkling Water – Blood Orange 50mg combines the bold flavor of vibrant blood orange with hemp-derived cannabinoids to create a refreshing sparkling cannabis beverage. Each can contains 50mg of hemp-derived CBD, offering a smooth, non-intoxicating experience perfect for everyday wellness and relaxation. The rich citrus with sweet berry undertones pairs perfectly with crisp carbonation, delivering a refreshing drink that can be enjoyed chilled or served as a mocktail alternative. This CBD beverage provides a flavorful way to unwind without alcohol. Made with natural fruit juice and hemp extract, this beverage is crafted to deliver consistent quality and smooth effects for social gatherings or relaxing evenings. Browse more CBD-infused beverages in our CBD Drinks collection at TwoBudz in Flower Mound. Taste & Aroma • Bold blood orange flavor • Sweet-tart citrus notes • Crisp sparkling finish Why Choose This Product ✔ 50mg CBD per can ✔ Hemp-derived CBD beverage ✔ Alcohol-free wellness drink ✔ Rich citrus with sweet berry undertones flavor ✔ Vegan, gluten-free, and non-GMO How to Use Start with one can and wait about 30–60 minutes to understand the effects before consuming more.",5.99,"beverages","< 0.3% THC","50mg","","Single Can; 4-Pack Cans","Sparkling organic carbonated hydration; Fast acting nano-emulsified active cannabinoids; Zero high-fructose corn syrups or artificial color","99.8%","Farm Bill Compliant Phytocannabinoid Profile","Wyld CBD Sparkling Water Blood Orange 50mg","Shop Wyld CBD Sparkling Water Blood Orange 50mg. Premium hemp-derived CBD sparkling water with refreshing blood orange flavor for everyday wellness.","Wyld, CBD Sparkling Water, Blood Orange, 50mg CBD, CBD Beverage, Hemp-Derived, Sparkling Water, CBD Drink, Wellness, Premium CBD, Ready-to-Drink, CBD","Wyld CBD Sparkling Water Blood Orange 50mg hemp-derived CBD beverage can",FALSE,FALSE,"60","wyld-cbd-sparkling-water-blood-orange-50mg"
"Hyper-Relief 1000mg CBD Muscle Tuba","Hyper-absorbing, ice-cool relief cream designed to soothe deeply fatigued joints and sore muscles instantly.","Target soreness directly where it counts. Our Hyper-Relief CBD Cream pairs 1000mg of highly refined broad spectrum CBD with stimulating botanical extracts of organic Menthol, Camphor, Aloe Vera, and Arnica Montana. Formulated for quick absorption, it penetrates deep skin layers, transforming sore spasms into cooling comfort in minutes.",49.99,"topicals","0.0% THC (Zero THC)","1000mg Broad Spectrum","","3 oz (85g) Pump Bottle; 6 oz (170g) Value Pack","Instant dual action: cooling then soothing warmth; Non-greasy, pleasant natural eucalyptus botanical aroma; Perfect for post-workout recover or arthritic relief","99.5%","Zero THC Broad-Spectrum Extracted","Hyper-Relief 1000mg CBD Muscle Tuba","Hyper-absorbing, ice-cool relief cream designed to soothe deeply fatigued joints and sore muscles instantly.","","Hyper-Relief 1000mg CBD Muscle Tuba",FALSE,FALSE,"cbd-cream-muscle-relief","hyper-relief-1000mg-cbd-muscle-tuba"
"Cycling Frog Delta 9 Seltzer Black Currant 5mg","Cycling Frog Delta 9 Seltzer Black Currant 5mg delivers a refreshing sweet-tart berry flavor infused with hemp-derived cannabinoids, offering a balanced and enjoyable cannabis beverage experience. What's Inside • 5mg Delta-9 THC + 10mg CBD per can (2:1 CBD:THC ratio) • Sweet-tart berry flavor • Sparkling Delta-9 THC beverage • Sold individually or by pack","About This Product Cycling Frog Delta 9 Seltzer Black Currant 5mg combines the bold flavor of black currant berries with hemp-derived cannabinoids to create a refreshing sparkling cannabis beverage. Each can contains 5mg Delta-9 THC and 10mg CBD, providing a balanced cannabinoid ratio designed for relaxation and enjoyment. The sweet-tart berry pairs perfectly with crisp carbonation, delivering a refreshing drink that can be enjoyed chilled or served as a mocktail alternative. This Delta-9 THC beverage provides a flavorful way to unwind without alcohol. Made with natural fruit juice and hemp extract, this beverage is crafted to deliver consistent quality and smooth effects for social gatherings or relaxing evenings. Browse more Delta-9 THC-infused beverages in our THC Drinks collection at TwoBudz in Flower Mound. Taste & Aroma • Sweet black currant berry flavor • Tart fruity notes • Crisp sparkling finish Why Choose This Product ✔ 5mg Delta-9 THC + 10mg CBD per can ✔ Sparkling cannabis beverage ✔ Alcohol-free relaxation drink ✔ Sweet-tart berry flavor ✔ Vegan, gluten-free, and non-GMO How to Use Start with one can and wait about 30–60 minutes to understand the effects before consuming more.",59.99,"beverages","< 0.3% THC","5mg","","4-Pack Cans; 12-Pack Case","Sparkling organic carbonated hydration; Fast acting nano-emulsified active cannabinoids; Zero high-fructose corn syrups or artificial color","99.8%","Farm Bill Compliant Phytocannabinoid Profile","Cycling Frog Delta 9 Seltzer Black Currant 5mg","Cycling Frog Delta 9 Seltzer Black Currant 5mg delivers a refreshing sweet-tart berry flavor infused with hemp-derived cannabinoids, offering a balanced and enjoyable cannabis beverage experience. What's Inside • 5mg Delta-9 THC + 10mg CBD per can (2:1 CBD:THC ratio) • Sweet-tart berry flavor • Sparkling Delta-9 THC beverage • Sold individually or by pack","","Cycling Frog Delta 9 Seltzer Black Currant 5mg",FALSE,FALSE,"85","cycling-frog-delta-9-seltzer-black-currant-5mg"
"Happy Tailz CBD Pet Wellness Care","Vet-approved calming bacon-flavored tincture formulated to ease separation anxiety, joint pain, and restlessness.","Keep your furry companion happy, flexible, and calm. Sourced from organic, pet-friendly ingredients, our Happy Tailz Pet Drops offer 500mg of pure organic broad-spectrum CBD, gently blended in natural wild Alaskan salmon and smoky bacon lard extract. Safe, non-toxic, and simple to dose over kibble or directly in mouth.",29.99,"pets","0.0% THC (Absolutely Safe)","5000mg CBD Formula","","500mg (30ml) Dropper","Significantly reduces thunder, spark, and separation anxiety; Lubricates and supports senior pet hip and joint mobility; Crafted with organic salmon oil for a radiant coat","99.9%","Non-Psychoactive Pet-Formulated Extract","Happy Tailz CBD Pet Wellness Care","Vet-approved calming bacon-flavored tincture formulated to ease separation anxiety, joint pain, and restlessness.","","Happy Tailz CBD Pet Wellness Care",FALSE,FALSE,"cbd-pet-tincture","happy-tailz-cbd-pet-wellness-care"
"Cycling Frog Delta 9 Seltzer Passionfruit 2mg","Cycling Frog Delta 9 Seltzer Passionfruit 2mg delivers a refreshing tropical sweetness flavor infused with hemp-derived cannabinoids, offering a balanced and enjoyable cannabis beverage experience. What's Inside • 2mg Delta-9 THC per can • Tropical sweetness flavor • Sparkling Delta-9 THC beverage • Sold individually or by pack","About This Product Cycling Frog Delta 9 Seltzer Passionfruit 2mg combines the bold flavor of exotic passionfruit with hemp-derived cannabinoids to create a refreshing sparkling cannabis beverage. Each can contains 2mg of hemp-derived Delta-9 THC — a gentle, approachable dose ideal for first-time cannabis beverage drinkers or microdosing. The tropical sweetness pairs perfectly with crisp carbonation, delivering a refreshing drink that can be enjoyed chilled or served as a mocktail alternative. This Delta-9 THC beverage provides a flavorful way to unwind without alcohol. Made with natural fruit juice and hemp extract, this beverage is crafted to deliver consistent quality and smooth effects for social gatherings or relaxing evenings. Browse more Delta-9 THC-infused beverages in our THC Drinks collection at TwoBudz in Flower Mound. Taste & Aroma • Exotic passionfruit flavor • Tropical floral notes • Crisp sparkling finish Why Choose This Product ✔ 2mg Delta-9 THC per can ✔ Sparkling cannabis beverage ✔ Alcohol-free relaxation drink ✔ Tropical sweetness flavor ✔ Vegan, gluten-free, and non-GMO How to Use Start with one can and wait about 30–60 minutes to understand the effects before consuming more.",54.99,"beverages","< 0.3% THC","2mg","","4-Pack Cans; 12-Pack Case","Sparkling organic carbonated hydration; Fast acting nano-emulsified active cannabinoids; Zero high-fructose corn syrups or artificial color","99.8%","Farm Bill Compliant Phytocannabinoid Profile","Cycling Frog Delta 9 Seltzer Passionfruit 2mg","Cycling Frog Delta 9 Seltzer Passionfruit 2mg delivers a refreshing tropical sweetness flavor infused with hemp-derived cannabinoids, offering a balanced and enjoyable cannabis beverage experience. What's Inside • 2mg Delta-9 THC per can • Tropical sweetness flavor • Sparkling Delta-9 THC beverage • Sold individually or by pack","","Cycling Frog Delta 9 Seltzer Passionfruit 2mg",FALSE,FALSE,"88","cycling-frog-delta-9-seltzer-passionfruit-2mg"
"Zen Elixir Botanically Infused Sparkling Water","Light, sparkling herbal botanical beverage infused with 15mg nano-CBD and broad terpene profile.","Refresh your body and lock in deep botanical harmony. Our Zen Elixir Sparkling Water is packed with 15mg of fast-acting nano-emulsified broad-spectrum CBD, organic hibiscus extract, and a pinch of pure lime. Crafted specifically for Flower Mound residents seeking a healthy wellness soda alternative that calms the nerves instantly.",19.99,"beverages","0.0% THC (Absolutely Clean)","15mg Nano CBD","","4-Pack Cans; 12-Pack Cans Value","Nano-technology for ultra-fast refreshing assimilation; No synthetic flavorings or high-fructose corn syrups; Clean, refreshing hydration blended with natural botanicals","100.0% Pure Water Base","Water-Soluble Broad Spectrum profile","Zen Elixir Botanically Infused Sparkling Water","Light, sparkling herbal botanical beverage infused with 15mg nano-CBD and broad terpene profile.","","Zen Elixir Botanically Infused Sparkling Water",FALSE,TRUE,"zen-elixir-beverage","zen-elixir-botanically-infused-sparkling-water"
"Primo Vibes CBD Nano Water Soluble 1500mg – Vanilla","Primo Vibes CBD Nano Water Soluble 1500mg – Vanilla delivers fast-absorbing nano CBD technology in a vanilla flavor — perfect for mixing into any beverage. What's Inside • 1500mg CBD per bottle • Nano water-soluble technology • Vanilla flavor • Enhanced bioavailability vs. standard oils • Mix into any drink","About This Product Primo Vibes CBD Nano Water Soluble 1500mg – Vanilla harnesses advanced nano water-soluble technology to deliver CBD more efficiently than traditional oil tinctures. By breaking CBD into nano-sized particles, this formula offers enhanced bioavailability and faster onset — so you get more from every serving. With a vanilla flavor, it can be taken directly or easily mixed into water, juice, coffee, or any favorite beverage for a seamless wellness routine. Available at TwoBudz, this nano CBD formula is ideal for those who want flexible, effective CBD support throughout the day. Taste & Aroma • Vanilla flavor • Water-soluble nano CBD • Fast-absorbing formula Why Choose This Product ✔ 1500mg CBD per bottle ✔ Nano water-soluble technology ✔ Vanilla flavor ✔ Enhanced bioavailability vs. standard CBD oils ✔ Versatile — mix into any beverage or take directly ✔ Third-party lab tested How to Use Add desired amount to water or take directly under the tongue. Start with a small serving and adjust based on your needs.",120,"beverages","< 0.3% THC","1500mg","","4-Pack Cans; 12-Pack Case","Sparkling organic carbonated hydration; Fast acting nano-emulsified active cannabinoids; Zero high-fructose corn syrups or artificial color","99.8%","Farm Bill Compliant Phytocannabinoid Profile","Primo Vibes CBD Nano Water Soluble 1500mg – Vanilla","Primo Vibes CBD Nano Water Soluble 1500mg – Vanilla delivers fast-absorbing nano CBD technology in a vanilla flavor — perfect for mixing into any beverage. What's Inside • 1500mg CBD per bottle • Nano water-soluble technology • Vanilla flavor • Enhanced bioavailability vs. standard oils • Mix into any drink","","Primo Vibes CBD Nano Water Soluble 1500mg – Vanilla",FALSE,FALSE,"38","primo-vibes-cbd-nano-water-soluble-1500mg-vanilla"
"Barney's Botanicals 30mg Delta 9 Gummies 30ct","Barney's Botanicals 30mg Delta 9 Gummies 30ct provides balanced relaxation and euphoria through precisely dosed Delta-9 THC gummies in a delicious mixed fruit candy flavor. What's Inside • 1mg Delta-9 THC per gummy • Delicious mixed fruit candy flavor • Precisely dosed for consistent effects • 30-count pack • Third-party lab tested","About This Product Barney's Botanicals 30mg Delta 9 Gummies 30ct provides balanced relaxation and euphoria through a carefully crafted Delta-9 THC gummy formula. Every gummy is carefully dosed for consistent, dependable results. Available in a delicious mixed fruit candy flavor, these gummies make adding cannabinoids to your daily routine simple and enjoyable — perfect for relaxing after a long day, supporting sleep, or enhancing your overall sense of wellbeing. Made with premium hemp-derived ingredients and rigorously tested for purity and potency, Barney's Botanicals 30mg Delta 9 Gummies 30ct is a trusted choice at TwoBudz, Flower Mound's premier hemp shop. Browse more Delta-9 THC products in our Delta 9 Products collection at TwoBudz in Flower Mound. Taste & Aroma • Mixed fruit candy flavor • Sweet balanced taste • Smooth clean finish Why Choose This Product ✔ 1mg Delta-9 THC per gummy ✔ Delicious mixed fruit candy flavor ✔ Precisely dosed for consistent, reliable effects ✔ 30-count pack ✔ Third-party lab tested for purity and potency ✔ Made with premium hemp-derived extract How to Use Start with one gummy and wait 30–60 minutes to understand the effects before consuming more.",74.99,"gummies","< 0.3% THC","30mg","","30 Count","Vegan-friendly, delicious real fruit berry juices; Deep body soothing relaxation and tranquil alignment; Consistent dosage block in every bite","99.8%","Farm Bill Compliant Phytocannabinoid Profile","Barney's Botanicals 30mg Delta 9 Gummies | 30 Count","Shop Barney's Botanicals 30mg Delta 9 Gummies, 30-count. Enjoy premium hemp-derived Delta 9 gummies with delicious flavor and consistent quality.","Barney's Botanicals 30mg Delta 9 Gummies, Delta 9 gummies, hemp Delta 9 gummies, THC gummies, 30mg Delta 9, hemp-derived THC gummies, Delta 9 edibles, Barney's Botanicals gummies, premium Delta 9 gummies, 30 count gummies","Barney's Botanicals 30mg Delta 9 Gummies 30ct",FALSE,FALSE,"98","barneys-botanical-30mg-delta-9-gummies-30ct"
"Barney's Botanicals 30mg Delta 9 Gummies 4ct","Barney's Botanicals 30mg Delta 9 Gummies 4ct provides balanced relaxation and euphoria through precisely dosed Delta-9 THC gummies in a delicious mixed fruit candy flavor. What's Inside • 7mg Delta-9 THC per gummy • Delicious mixed fruit candy flavor • Precisely dosed for consistent effects • 4-count pack • Third-party lab tested","About This Product Barney's Botanicals 30mg Delta 9 Gummies 4ct provides balanced relaxation and euphoria through a carefully crafted Delta-9 THC gummy formula. Every gummy is carefully dosed for consistent, dependable results. Available in a delicious mixed fruit candy flavor, these gummies make adding cannabinoids to your daily routine simple and enjoyable — perfect for relaxing after a long day, supporting sleep, or enhancing your overall sense of wellbeing. Made with premium hemp-derived ingredients and rigorously tested for purity and potency, Barney's Botanicals 30mg Delta 9 Gummies 4ct is a trusted choice at TwoBudz, Flower Mound's premier hemp shop. Browse more Delta-9 THC products in our Delta 9 Products collection at TwoBudz in Flower Mound. Taste & Aroma • Mixed fruit candy flavor • Sweet balanced taste • Smooth clean finish Why Choose This Product ✔ 7mg Delta-9 THC per gummy ✔ Delicious mixed fruit candy flavor ✔ Precisely dosed for consistent, reliable effects ✔ 4-count pack ✔ Third-party lab tested for purity and potency ✔ Made with premium hemp-derived extract How to Use Start with one gummy and wait 30–60 minutes to understand the effects before consuming more.",22.99,"gummies","< 0.3% THC","30mg","","15 Gummy Pack; 30 Gummy Value Pack","Vegan-friendly, delicious real fruit berry juices; Deep body soothing relaxation and tranquil alignment; Consistent dosage block in every bite","99.8%","Farm Bill Compliant Phytocannabinoid Profile","Barney's Botanicals 30mg Delta 9 Gummies 4ct","Barney's Botanicals 30mg Delta 9 Gummies 4ct provides balanced relaxation and euphoria through precisely dosed Delta-9 THC gummies in a delicious mixed fruit candy flavor. What's Inside • 7mg Delta-9 THC per gummy • Delicious mixed fruit candy flavor • Precisely dosed for consistent effects • 4-count pack • Third-party lab tested","","Barney's Botanicals 30mg Delta 9 Gummies 4ct",FALSE,FALSE,"97","barneys-botanical-30mg-delta-9-gummies-4ct"
"Enjoy 300mg D9 Boost Gummies","Enjoy 300mg D9 Boost Gummies provides balanced relaxation and euphoria through precisely dosed Delta-9 THC gummies in a delicious energizing mixed fruit flavor. What's Inside • 300mg total Delta-9 THC • Delicious energizing mixed fruit flavor • Precisely dosed for consistent effects • 300mg total • Third-party lab tested","About This Product Enjoy 300mg D9 Boost Gummies provides balanced relaxation and euphoria through a carefully crafted Delta-9 THC gummy formula. Every gummy is carefully dosed for consistent, dependable results. Available in a delicious energizing mixed fruit flavor, these gummies make adding cannabinoids to your daily routine simple and enjoyable — perfect for relaxing after a long day, supporting sleep, or enhancing your overall sense of wellbeing. Made with premium hemp-derived ingredients and rigorously tested for purity and potency, Enjoy 300mg D9 Boost Gummies is a trusted choice at TwoBudz, Flower Mound's premier hemp shop. Browse more Delta-9 THC products in our Delta 9 Products collection at TwoBudz in Flower Mound. Taste & Aroma • Mixed fruit candy flavor • Bright sweet taste • Smooth clean finish Why Choose This Product ✔ 300mg total Delta-9 THC ✔ Delicious energizing mixed fruit flavor ✔ Precisely dosed for consistent, reliable effects ✔ 300mg total ✔ Third-party lab tested for purity and potency ✔ Made with premium hemp-derived extract How to Use Start with one gummy and wait 30–60 minutes to understand the effects before consuming more.",59.99,"gummies","10mg Delta-9 THC","300mg","","15 Gummy Pack; 30 Gummy Value Pack","Vegan-friendly, delicious real fruit berry juices; Deep body soothing relaxation and tranquil alignment; Consistent dosage block in every bite","99.8%","Farm Bill Compliant Phytocannabinoid Profile","Enjoy 300mg D9 Boost Gummies","Enjoy 300mg D9 Boost Gummies provides balanced relaxation and euphoria through precisely dosed Delta-9 THC gummies in a delicious energizing mixed fruit flavor. What's Inside • 300mg total Delta-9 THC • Delicious energizing mixed fruit flavor • Precisely dosed for consistent effects • 300mg total • Third-party lab tested","","Enjoy 300mg D9 Boost Gummies",FALSE,FALSE,"135","enjoy-300mg-d9-boost-gummies"
"JustCBD CBD Dog Treats 100mg – Bacon & Cheese Strips","JustCBD CBD Dog Treats 100mg – Bacon & Cheese Strips provides daily wellness and calm behavior for your dog in a delicious bacon and cheese treat they'll love. What's Inside • 100mg CBD per package • Bacon and cheese flavor • Soft chew treat format • Pet-safe hemp-derived CBD • Third-party lab tested","About This Product JustCBD CBD Dog Treats 100mg – Bacon & Cheese Strips offers a tasty, convenient way to support your dog's daily wellness and calm behavior. Made with premium hemp-derived CBD and crafted specifically for dogs, these treats make it easy to incorporate cannabinoids into your pet's daily routine. Each treat is formulated with pet-safe ingredients and comes in a bacon and cheese flavor that dogs enjoy, making daily dosing stress-free for both you and your pet. Available at TwoBudz, these CBD dog treats are lab tested and trusted by pet owners. Taste & Aroma • Bacon and cheese flavor dogs love • Soft and easy to chew • Made with pet-safe ingredients Why Choose This Product ✔ 100mg CBD per package ✔ Bacon and cheese flavor dogs love ✔ Supports daily wellness and calm behavior ✔ Soft, easy-to-chew treat format ✔ Pet-safe hemp-derived CBD ✔ Third-party lab tested for purity How to Use Give your dog the recommended number of treats based on their weight. Consult your veterinarian before adding any supplement to your pet's diet.",19.99,"pets","< 0.3% THC","100mg","","30ml Dropper Bottle","Vet-approved 100% safe broad-spectrum base; Delectable natural flavors pet easily swallows; Relief from thunder storms and joint stiffness","99.8%","Farm Bill Compliant Phytocannabinoid Profile","JustCBD CBD Dog Treats 100mg – Bacon & Cheese Strips","JustCBD CBD Dog Treats 100mg – Bacon & Cheese Strips provides daily wellness and calm behavior for your dog in a delicious bacon and cheese treat they'll love. What's Inside • 100mg CBD per package • Bacon and cheese flavor • Soft chew treat format • Pet-safe hemp-derived CBD • Third-party lab tested","","JustCBD CBD Dog Treats 100mg – Bacon & Cheese Strips",FALSE,FALSE,"9","justcbd-cbd-dog-treats-100mg-bacon-cheese-strips"
"Primo Vibes CBD Nano Water Soluble 500mg – Mint","Primo Vibes CBD Nano Water Soluble 500mg – Mint delivers fast-absorbing nano CBD technology in a mint flavor — perfect for mixing into any beverage. What's Inside • 500mg CBD per bottle • Nano water-soluble technology • Mint flavor • Enhanced bioavailability vs. standard oils • Mix into any drink","About This Product Primo Vibes CBD Nano Water Soluble 500mg – Mint harnesses advanced nano water-soluble technology to deliver CBD more efficiently than traditional oil tinctures. By breaking CBD into nano-sized particles, this formula offers enhanced bioavailability and faster onset — so you get more from every serving. With a mint flavor, it can be taken directly or easily mixed into water, juice, coffee, or any favorite beverage for a seamless wellness routine. Available at TwoBudz, this nano CBD formula is ideal for those who want flexible, effective CBD support throughout the day. Taste & Aroma • Mint flavor • Water-soluble nano CBD • Fast-absorbing formula Why Choose This Product ✔ 500mg CBD per bottle ✔ Nano water-soluble technology ✔ Mint flavor ✔ Enhanced bioavailability vs. standard CBD oils ✔ Versatile — mix into any beverage or take directly ✔ Third-party lab tested How to Use Add desired amount to water or take directly under the tongue. Start with a small serving and adjust based on your needs.",60,"beverages","< 0.3% THC","500mg","","4-Pack Cans; 12-Pack Case","Sparkling organic carbonated hydration; Fast acting nano-emulsified active cannabinoids; Zero high-fructose corn syrups or artificial color","99.8%","Farm Bill Compliant Phytocannabinoid Profile","Primo Vibes CBD Nano Water Soluble 500mg – Mint","Primo Vibes CBD Nano Water Soluble 500mg – Mint delivers fast-absorbing nano CBD technology in a mint flavor — perfect for mixing into any beverage. What's Inside • 500mg CBD per bottle • Nano water-soluble technology • Mint flavor • Enhanced bioavailability vs. standard oils • Mix into any drink","","Primo Vibes CBD Nano Water Soluble 500mg – Mint",FALSE,FALSE,"40","primo-vibes-cbd-nano-water-soluble-500mg-mint"
"Primo Vibes CBD Nano Water Soluble 500mg – Natural","Primo Vibes CBD Nano Water Soluble 500mg – Natural delivers fast-absorbing nano CBD technology in a natural flavor — perfect for mixing into any beverage. What's Inside • 500mg CBD per bottle • Nano water-soluble technology • Natural flavor • Enhanced bioavailability vs. standard oils • Mix into any drink","About This Product Primo Vibes CBD Nano Water Soluble 500mg – Natural harnesses advanced nano water-soluble technology to deliver CBD more efficiently than traditional oil tinctures. By breaking CBD into nano-sized particles, this formula offers enhanced bioavailability and faster onset — so you get more from every serving. With a natural flavor, it can be taken directly or easily mixed into water, juice, coffee, or any favorite beverage for a seamless wellness routine. Available at TwoBudz, this nano CBD formula is ideal for those who want flexible, effective CBD support throughout the day. Taste & Aroma • Natural flavor • Water-soluble nano CBD • Fast-absorbing formula Why Choose This Product ✔ 500mg CBD per bottle ✔ Nano water-soluble technology ✔ Natural flavor ✔ Enhanced bioavailability vs. standard CBD oils ✔ Versatile — mix into any beverage or take directly ✔ Third-party lab tested How to Use Add desired amount to water or take directly under the tongue. Start with a small serving and adjust based on your needs.",60,"beverages","< 0.3% THC","500mg","","4-Pack Cans; 12-Pack Case","Sparkling organic carbonated hydration; Fast acting nano-emulsified active cannabinoids; Zero high-fructose corn syrups or artificial color","99.8%","Farm Bill Compliant Phytocannabinoid Profile","Primo Vibes CBD Nano Water Soluble 500mg – Natural","Primo Vibes CBD Nano Water Soluble 500mg – Natural delivers fast-absorbing nano CBD technology in a natural flavor — perfect for mixing into any beverage. What's Inside • 500mg CBD per bottle • Nano water-soluble technology • Natural flavor • Enhanced bioavailability vs. standard oils • Mix into any drink","","Primo Vibes CBD Nano Water Soluble 500mg – Natural",FALSE,FALSE,"42","primo-vibes-cbd-nano-water-soluble-500mg-natural"
"Enjoy Live Rosin THCP + D9 + D8 Gummies 3000mg – Jet Fuel","Enjoy Live Rosin THCP + D9 + D8 Gummies 3000mg – Jet Fuel delivers a potent, multi-layered euphoric experience through precisely dosed THCP + Delta-9 THC + Delta-8 THC gummies in a delicious tropical citrus flavor. What's Inside • 3000mg total THCP + D9 + D8 • Delicious tropical citrus flavor • Precisely dosed for consistent effects • 3000mg total • Third-party lab tested","About This Product Enjoy Live Rosin THCP + D9 + D8 Gummies 3000mg – Jet Fuel provides a potent, multi-layered euphoric experience through a carefully crafted THCP + Delta-9 THC + Delta-8 THC gummy formula. These gummies are crafted with premium live rosin extract for superior terpene preservation and authentic full-plant flavor. Every gummy is carefully dosed for consistent, dependable results. Available in a delicious tropical citrus flavor, these gummies make adding cannabinoids to your daily routine simple and enjoyable — perfect for relaxing after a long day, supporting sleep, or enhancing your overall sense of wellbeing. Made with premium hemp-derived ingredients and rigorously tested for purity and potency, Enjoy Live Rosin THCP + D9 + D8 Gummies 3000mg – Jet Fuel is a trusted choice at TwoBudz, Flower Mound's premier hemp shop. Browse more THCP + Delta-9 THC + Delta-8 THC products in our Delta 9 Products collection at TwoBudz in Flower Mound. Taste & Aroma • Tropical citrus candy flavor • Bold sweet-tart taste • Smooth clean finish Why Choose This Product ✔ 3000mg total THCP + D9 + D8 ✔ Delicious tropical citrus flavor ✔ Precisely dosed for consistent, reliable effects ✔ 3000mg total ✔ Third-party lab tested for purity and potency ✔ Made with premium hemp-derived extract How to Use Start with one gummy and wait 30–60 minutes to understand the effects before consuming more.",69.99,"gummies","10mg Delta-9 THC","3000mg","","15 Gummy Pack; 30 Gummy Value Pack","Vegan-friendly, delicious real fruit berry juices; Deep body soothing relaxation and tranquil alignment; Consistent dosage block in every bite","99.8%","Farm Bill Compliant Phytocannabinoid Profile","Enjoy Live Rosin THCP + D9 + D8 Gummies 3000mg – Jet Fuel","Enjoy Live Rosin THCP + D9 + D8 Gummies 3000mg – Jet Fuel delivers a potent, multi-layered euphoric experience through precisely dosed THCP + Delta-9 THC + Delta-8 THC gummies in a delicious tropical citrus flavor. What's Inside • 3000mg total THCP + D9 + D8 • Delicious tropical citrus flavor • Precisely dosed for consistent effects • 3000mg total • Third-party lab tested","","Enjoy Live Rosin THCP + D9 + D8 Gummies 3000mg – Jet Fuel",FALSE,FALSE,"29","enjoy-live-rosin-thcp-d9-d8-gummies-3000mg-jet-fuel"
"3CHI True Strains Gummies – Cyclone","3CHI True Strains Gummies – Cyclone supports everyday wellness — now available at TwoBudz in Flower Mound, TX and calm balance through precisely dosed CBD gummies in a delicious bold mixed fruit cyclone flavor. What's Inside • CBD formula • Delicious bold mixed fruit cyclone flavor • Precisely dosed for consistent effects • resealable pack • Third-party lab tested","About This Product 3CHI True Strains Gummies – Cyclone supports daily balance and wellbeing through a thoughtfully formulated CBD gummy formula. Every gummy is carefully dosed for consistent, dependable results. Available in a delicious bold mixed fruit cyclone flavor, these gummies make adding cannabinoids to your daily routine simple and enjoyable — perfect for relaxing after a long day, supporting sleep, or enhancing your overall sense of wellbeing. Made with premium hemp-derived ingredients and rigorously tested for purity and potency, 3CHI True Strains Gummies – Cyclone is a trusted choice at TwoBudz, Flower Mound's premier hemp shop. Browse more CBD products in our CBD Products collection at TwoBudz in Flower Mound. Taste & Aroma • Bold mixed fruit flavor • Intense sweet-tart taste • Smooth clean finish Why Choose This Product ✔ CBD formula ✔ Delicious bold mixed fruit cyclone flavor ✔ Precisely dosed for consistent, reliable effects ✔ Resealable pack ✔ Third-party lab tested for purity and potency ✔ Made with premium hemp-derived extract How to Use Start with one gummy and wait 30–60 minutes to understand the effects before consuming more.",44.99,"gummies","< 0.3% THC","500mg CBD","","15 Gummy Pack; 30 Gummy Value Pack","Vegan-friendly, delicious real fruit berry juices; Deep body soothing relaxation and tranquil alignment; Consistent dosage block in every bite","99.8%","Farm Bill Compliant Phytocannabinoid Profile","3CHI True Strains Gummies – Cyclone","3CHI True Strains Gummies – Cyclone supports everyday wellness — now available at TwoBudz in Flower Mound, TX and calm balance through precisely dosed CBD gummies in a delicious bold mixed fruit cyclone flavor. What's Inside • CBD formula • Delicious bold mixed fruit cyclone flavor • Precisely dosed for consistent effects • resealable pack • Third-party lab tested","","3CHI True Strains Gummies – Cyclone",FALSE,FALSE,"104","true-strains-gummies-cyclone"
"Enjoy CBD + Intimacy Gummies 1500mg – Sex","Enjoy CBD + Intimacy Gummies 1500mg – Sex delivers relaxation and enhanced intimate connection through precisely dosed CBD gummies in a delicious mixed berry and botanical flavor. What's Inside • 1500mg total CBD • Delicious mixed berry and botanical flavor • Precisely dosed for consistent effects • 1500mg total • Third-party lab tested","About This Product Enjoy CBD + Intimacy Gummies 1500mg – Sex provides relaxation and enhanced intimate connection through a carefully crafted CBD gummy formula. Every gummy is carefully dosed for consistent, dependable results. Available in a delicious mixed berry and botanical flavor, these gummies make adding cannabinoids to your daily routine simple and enjoyable — perfect for relaxing after a long day, supporting sleep, or enhancing your overall sense of wellbeing. Made with premium hemp-derived ingredients and rigorously tested for purity and potency, Enjoy CBD + Intimacy Gummies 1500mg – Sex is a trusted choice at TwoBudz, Flower Mound's premier hemp shop. Browse more CBD products in our CBD Products collection at TwoBudz in Flower Mound. Taste & Aroma • Mixed berry and botanical flavor • Sweet and aromatic taste • Smooth clean finish Why Choose This Product ✔ 1500mg total CBD ✔ Delicious mixed berry and botanical flavor ✔ Precisely dosed for consistent, reliable effects ✔ 1500mg total ✔ Third-party lab tested for purity and potency ✔ Made with premium hemp-derived extract How to Use Start with one gummy and wait 30–60 minutes to understand the effects before consuming more.",69.99,"gummies","< 0.3% THC","1500mg","","15 Gummy Pack; 30 Gummy Value Pack","Vegan-friendly, delicious real fruit berry juices; Deep body soothing relaxation and tranquil alignment; Consistent dosage block in every bite","99.8%","Farm Bill Compliant Phytocannabinoid Profile","Enjoy CBD + Intimacy Gummies 1500mg – Sex","Enjoy CBD + Intimacy Gummies 1500mg – Sex delivers relaxation and enhanced intimate connection through precisely dosed CBD gummies in a delicious mixed berry and botanical flavor. What's Inside • 1500mg total CBD • Delicious mixed berry and botanical flavor • Precisely dosed for consistent effects • 1500mg total • Third-party lab tested","","Enjoy CBD + Intimacy Gummies 1500mg – Sex",FALSE,FALSE,"31","enjoy-cbd-intimacy-gummies-1500mg-sex"
"Mighty Kind Delta 9 Seltzer Mango Dream 10mg","Mighty Kind Delta 9 Seltzer Mango Dream 10mg delivers a refreshing sweet juicy mango flavor infused with hemp-derived cannabinoids, offering a balanced and enjoyable cannabis beverage experience. What's Inside • 10mg Delta-9 THC per can • Sweet juicy mango flavor • Sparkling Delta-9 THC beverage • Sold individually or by pack","About This Product Mighty Kind Delta 9 Seltzer Mango Dream 10mg combines the bold flavor of lush tropical mango with hemp-derived cannabinoids to create a refreshing sparkling cannabis beverage. Each can contains 10mg of hemp-derived Delta-9 THC, providing a balanced cannabis experience designed for relaxation and enjoyment. The sweet juicy mango pairs perfectly with crisp carbonation, delivering a refreshing drink that can be enjoyed chilled or served as a mocktail alternative. This Delta-9 THC beverage provides a flavorful way to unwind without alcohol. Made with natural fruit juice and hemp extract, this beverage is crafted to deliver consistent quality and smooth effects for social gatherings or relaxing evenings. Browse more Delta-9 THC-infused beverages in our THC Drinks collection at TwoBudz in Flower Mound. Taste & Aroma • Tropical mango flavor • Sweet juicy notes • Crisp sparkling finish Why Choose This Product ✔ 10mg Delta-9 THC per can ✔ Sparkling cannabis beverage ✔ Alcohol-free relaxation drink ✔ Sweet juicy mango flavor ✔ Vegan, gluten-free, and non-GMO How to Use Start with one can and wait about 30–60 minutes to understand the effects before consuming more.",95.99,"beverages","< 0.3% THC","10mg","","4-Pack Cans; 12-Pack Case","Sparkling organic carbonated hydration; Fast acting nano-emulsified active cannabinoids; Zero high-fructose corn syrups or artificial color","99.8%","Farm Bill Compliant Phytocannabinoid Profile","Mighty Kind Delta 9 Seltzer Mango Dream 10mg","Mighty Kind Delta 9 Seltzer Mango Dream 10mg delivers a refreshing sweet juicy mango flavor infused with hemp-derived cannabinoids, offering a balanced and enjoyable cannabis beverage experience. What's Inside • 10mg Delta-9 THC per can • Sweet juicy mango flavor • Sparkling Delta-9 THC beverage • Sold individually or by pack","","Mighty Kind Delta 9 Seltzer Mango Dream 10mg",FALSE,FALSE,"91","mighty-kind-delta-9-seltzer-mango-dream-10mg"
"Mighty Kind Delta 9 Seltzer Peach Buzz 10mg","Mighty Kind Delta 9 Seltzer Peach Buzz 10mg delivers a refreshing sweet and velvety peach flavor infused with hemp-derived cannabinoids, offering a balanced and enjoyable cannabis beverage experience. What's Inside • 10mg Delta-9 THC per can • Sweet and velvety peach flavor • Sparkling Delta-9 THC beverage • Sold individually or by pack","About This Product Mighty Kind Delta 9 Seltzer Peach Buzz 10mg combines the bold flavor of ripe summer peach with hemp-derived cannabinoids to create a refreshing sparkling cannabis beverage. Each can contains 10mg of hemp-derived Delta-9 THC, providing a balanced cannabis experience designed for relaxation and enjoyment. The sweet and velvety peach pairs perfectly with crisp carbonation, delivering a refreshing drink that can be enjoyed chilled or served as a mocktail alternative. This Delta-9 THC beverage provides a flavorful way to unwind without alcohol. Made with natural fruit juice and hemp extract, this beverage is crafted to deliver consistent quality and smooth effects for social gatherings or relaxing evenings. Browse more Delta-9 THC-infused beverages in our THC Drinks collection at TwoBudz in Flower Mound. Taste & Aroma • Ripe peach flavor • Sweet fruity notes • Crisp sparkling finish Why Choose This Product ✔ 10mg Delta-9 THC per can ✔ Sparkling cannabis beverage ✔ Alcohol-free relaxation drink ✔ Sweet and velvety peach flavor ✔ Vegan, gluten-free, and non-GMO How to Use Start with one can and wait about 30–60 minutes to understand the effects before consuming more.",95.99,"beverages","< 0.3% THC","10mg","","4-Pack Cans; 12-Pack Case","Sparkling organic carbonated hydration; Fast acting nano-emulsified active cannabinoids; Zero high-fructose corn syrups or artificial color","99.8%","Farm Bill Compliant Phytocannabinoid Profile","Mighty Kind Delta 9 Seltzer Peach Buzz 10mg","Mighty Kind Delta 9 Seltzer Peach Buzz 10mg delivers a refreshing sweet and velvety peach flavor infused with hemp-derived cannabinoids, offering a balanced and enjoyable cannabis beverage experience. What's Inside • 10mg Delta-9 THC per can • Sweet and velvety peach flavor • Sparkling Delta-9 THC beverage • Sold individually or by pack","","Mighty Kind Delta 9 Seltzer Peach Buzz 10mg",FALSE,FALSE,"92","mighty-kind-delta-9-seltzer-peach-buzz-10mg"
"Primo Vibes Delta 9 Tincture 88mg – Euphoria","Primo Vibes Delta 9 Tincture 88mg – Euphoria delivers an uplifting euphoric experience through a precision-dosed 88mg Delta-9 THC tincture. What's Inside • 88mg Delta-9 THC per bottle • Euphoria blend formula • Hemp-derived Delta-9 THC • Easy-to-use dropper • Third-party lab tested","About This Product Primo Vibes Delta 9 Tincture 88mg – Euphoria is formulated to deliver an uplifting euphoric experience through a premium hemp-derived Delta-9 THC tincture. Every bottle holds 88mg of Delta-9 THC, carefully dosed for a controlled and enjoyable experience. The Euphoria formula is crafted for those who want a measured, approachable way to enjoy Delta-9 THC in tincture form. Use the precision dropper to customize your serving. Available at TwoBudz, this Delta-9 tincture is a quality choice for experienced users. Taste & Aroma • Natural hemp flavor • Smooth oil texture • Clean earthy finish Why Choose This Product ✔ 88mg Delta-9 THC per bottle ✔ Euphoria blend formula ✔ Hemp-derived Delta-9 THC ✔ Easy-to-use precision dropper ✔ Third-party lab tested How to Use Start with 0.5ml under the tongue, hold for 60 seconds, then swallow. Wait 30–60 minutes before consuming more.",39.99,"cbd-oils","< 0.3% THC","88mg","","30ml Dropper Bottle; 60ml Value Pack","High-potency sublingual absorption profile; Organically cured cold-pressed MCT compound base; Fast restorative action to manage daily tension","99.8%","Farm Bill Compliant Phytocannabinoid Profile","Primo Vibes Delta 9 Tincture 88mg – Euphoria","Primo Vibes Delta 9 Tincture 88mg – Euphoria delivers an uplifting euphoric experience through a precision-dosed 88mg Delta-9 THC tincture. What's Inside • 88mg Delta-9 THC per bottle • Euphoria blend formula • Hemp-derived Delta-9 THC • Easy-to-use dropper • Third-party lab tested","","Primo Vibes Delta 9 Tincture 88mg – Euphoria",FALSE,FALSE,"44","primo-vibes-delta-9-tincture-88mg-euphoria"
"Charlotte's Web Full-Spectrum Hemp Extract Drops For Dogs Unflavored 17mg","Charlotte's Web Full-Spectrum Hemp Extract Drops For Dogs Unflavored 17mg offers precise CBD support for your dog's health and wellness with an unflavored flavor dogs love. What's Inside • 17mg CBD per bottle • Unflavored flavor dogs love • Easy-to-use dropper • Full-spectrum hemp CBD • Third-party lab tested","About This Product Charlotte's Web Full-Spectrum Hemp Extract Drops For Dogs Unflavored 17mg gives dog owners a simple, trusted way to support their pet's overall wellness. Made with premium full-spectrum hemp-derived CBD, this tincture features an unflavored flavor that dogs find irresistible, making it easy to incorporate into daily routines. Every bottle holds 17mg of high-quality CBD with a precision dropper for easy, consistent dosing tailored to your dog's size and needs. Available at TwoBudz, this dog CBD oil is a trusted, third-party tested product for caring pet owners. Taste & Aroma • Unflavored flavor • Palatable for dogs • Smooth oil finish Why Choose This Product ✔ 17mg CBD per bottle ✔ Unflavored flavor dogs love ✔ Easy-to-use precision dropper ✔ Full-spectrum hemp-derived CBD ✔ Pet-safe formula ✔ Third-party lab tested for purity How to Use Add the recommended serving to your dog's food or directly to their mouth based on their body weight. Consult your veterinarian before use.",149.99,"pets","< 0.3% THC","17mg","","30ml Dropper Bottle","Vet-approved 100% safe broad-spectrum base; Delectable natural flavors pet easily swallows; Relief from thunder storms and joint stiffness","99.8%","Farm Bill Compliant Phytocannabinoid Profile","Charlotte's Web Full-Spectrum Hemp Extract Drops For Dogs Unflavored 17mg","Charlotte's Web Full-Spectrum Hemp Extract Drops For Dogs Unflavored 17mg offers precise CBD support for your dog's health and wellness with an unflavored flavor dogs love. What's Inside • 17mg CBD per bottle • Unflavored flavor dogs love • Easy-to-use dropper • Full-spectrum hemp CBD • Third-party lab tested","","Charlotte's Web Full-Spectrum Hemp Extract Drops For Dogs Unflavored 17mg",FALSE,FALSE,"111","charlottes-web-full-spectrum-hemp-extract-drops-for-dogs-unflavored-17mg"
"Urb Delta 9 Gummies 10mg – Sour Blueberry","Urb Delta 9 Gummies 10mg – Sour Blueberry provides balanced relaxation and euphoria through precisely dosed Delta-9 THC gummies in a delicious sour blueberry flavor. What's Inside • 10mg total Delta-9 THC • Delicious sour blueberry flavor • Precisely dosed for consistent effects • 10mg total • Third-party lab tested","About This Product Urb Delta 9 Gummies 10mg – Sour Blueberry provides balanced relaxation and euphoria through a carefully crafted Delta-9 THC gummy formula. Every gummy is carefully dosed for consistent, dependable results. Available in a delicious sour blueberry flavor, these gummies make adding cannabinoids to your daily routine simple and enjoyable — perfect for relaxing after a long day, supporting sleep, or enhancing your overall sense of wellbeing. Made with premium hemp-derived ingredients and rigorously tested for purity and potency, Urb Delta 9 Gummies 10mg – Sour Blueberry is a trusted choice at TwoBudz, Flower Mound's premier hemp shop. Browse more Delta-9 THC products in our Delta 9 Products collection at TwoBudz in Flower Mound. Taste & Aroma • Sour blueberry candy flavor • Tart berry bite • Smooth clean finish Why Choose This Product ✔ 10mg total Delta-9 THC ✔ Delicious sour blueberry flavor ✔ Precisely dosed for consistent, reliable effects ✔ 10mg total ✔ Third-party lab tested for purity and potency ✔ Made with premium hemp-derived extract How to Use Start with one gummy and wait 30–60 minutes to understand the effects before consuming more.",46.99,"gummies","< 0.3% THC","10mg","","15 Gummy Pack; 30 Gummy Value Pack","Vegan-friendly, delicious real fruit berry juices; Deep body soothing relaxation and tranquil alignment; Consistent dosage block in every bite","99.8%","Farm Bill Compliant Phytocannabinoid Profile","Urb Delta 9 Gummies 10mg – Sour Blueberry","Urb Delta 9 Gummies 10mg – Sour Blueberry provides balanced relaxation and euphoria through precisely dosed Delta-9 THC gummies in a delicious sour blueberry flavor. What's Inside • 10mg total Delta-9 THC • Delicious sour blueberry flavor • Precisely dosed for consistent effects • 10mg total • Third-party lab tested","","Urb Delta 9 Gummies 10mg – Sour Blueberry",FALSE,FALSE,"48","urb-delta-9-gummies-10mg-sour-blueberry"
"Barney's Botanicals Delta 8 Gummies Blue Dream 30ct","Barney's Botanicals Delta 8 Gummies Blue Dream 30ct brings smooth, clear-headed relaxation through precisely dosed Delta-8 THC gummies in a delicious sweet blueberry and vanilla flavor. What's Inside • Delta-8 THC formula • Delicious sweet blueberry and vanilla flavor • Precisely dosed for consistent effects • 30-count pack • Third-party lab tested","About This Product Barney's Botanicals Delta 8 Gummies Blue Dream 30ct provides smooth, clear-headed relaxation through a carefully crafted Delta-8 THC gummy formula. Every gummy is carefully dosed for consistent, dependable results. Available in a delicious sweet blueberry and vanilla flavor, these gummies make adding cannabinoids to your daily routine simple and enjoyable — perfect for relaxing after a long day, supporting sleep, or enhancing your overall sense of wellbeing. Made with premium hemp-derived ingredients and rigorously tested for purity and potency, Barney's Botanicals Delta 8 Gummies Blue Dream 30ct is a trusted choice at TwoBudz, Flower Mound's premier hemp shop. Browse more Delta-8 THC products in our Delta 8 Products collection at TwoBudz in Flower Mound. Taste & Aroma • Sweet blueberry and vanilla flavor • Light floral notes • Smooth clean finish Why Choose This Product ✔ Delta-8 THC formula ✔ Delicious sweet blueberry and vanilla flavor ✔ Precisely dosed for consistent, reliable effects ✔ 30-count pack ✔ Third-party lab tested for purity and potency ✔ Made with premium hemp-derived extract How to Use Start with one gummy and wait 30–60 minutes to understand the effects before consuming more.",64.99,"gummies","< 0.3% THC","500mg CBD","","15 Gummy Pack; 30 Gummy Value Pack","Vegan-friendly, delicious real fruit berry juices; Deep body soothing relaxation and tranquil alignment; Consistent dosage block in every bite","99.8%","Farm Bill Compliant Phytocannabinoid Profile","Barney's Botanicals Delta 8 Gummies Blue Dream 30ct","Barney's Botanicals Delta 8 Gummies Blue Dream 30ct brings smooth, clear-headed relaxation through precisely dosed Delta-8 THC gummies in a delicious sweet blueberry and vanilla flavor. What's Inside • Delta-8 THC formula • Delicious sweet blueberry and vanilla flavor • Precisely dosed for consistent effects • 30-count pack • Third-party lab tested","","Barney's Botanicals Delta 8 Gummies Blue Dream 30ct",FALSE,FALSE,"114","barneys-botanicals-delta-8-gummies-blue-dream-30ct"
"TRĒ House Magic Mushroom Chocolate Bar – Fruity Cereal","TRĒ House Magic Mushroom Chocolate Bar – Fruity Cereal delivers a unique, mind-expanding mushroom experience through a premium fruity cereal and chocolate chocolate bar infused with functional mushroom blend featuring Amanita muscaria. What's Inside • Infused with functional mushroom blend featuring Amanita muscaria • Fruity cereal and chocolate chocolate bar • Precisely portioned segments • Shareable format • Premium quality ingredients","About This Product TRĒ House Magic Mushroom Chocolate Bar – Fruity Cereal combines the indulgence of premium nostalgic fruity cereal flavor in a rich chocolate base with the benefits of functional mushroom blend featuring Amanita muscaria. Each bar is crafted for those who want to enjoy their cannabinoids in a delicious, discreet, and convenient edible format. Infused for consistent dosing across each segment, this chocolate bar provides a unique, mind-expanding mushroom experience without sacrificing on flavor. Whether enjoyed as a personal treat or shared, it delivers a premium experience from start to finish. Browse more edibles in our Mushroom Products collection at TwoBudz in Flower Mound. Taste & Aroma • Nostalgic fruity cereal flavor • Sweet chocolate base • Fun and indulgent taste Why Choose This Product ✔ Infused with functional mushroom blend featuring Amanita muscaria ✔ Delicious fruity cereal and chocolate chocolate ✔ Precisely portioned segments for consistent dosing ✔ Discreet and shareable format ✔ Premium quality ingredients How to Use Start with one or two segments and wait 30–60 minutes before consuming more to understand the effects.",34.99,"gummies","< 0.3% THC","500mg CBD","","15 Gummy Pack; 30 Gummy Value Pack","Vegan-friendly, delicious real fruit berry juices; Deep body soothing relaxation and tranquil alignment; Consistent dosage block in every bite","99.8%","Farm Bill Compliant Phytocannabinoid Profile","TRĒ House Magic Mushroom Chocolate Bar – Fruity Cereal","TRĒ House Magic Mushroom Chocolate Bar – Fruity Cereal delivers a unique, mind-expanding mushroom experience through a premium fruity cereal and chocolate chocolate bar infused with functional mushroom blend featuring Amanita muscaria. What's Inside • Infused with functional mushroom blend featuring Amanita muscaria • Fruity cereal and chocolate chocolate bar • Precisely portioned segments • Shareable format • Premium quality ingredients","","TRĒ House Magic Mushroom Chocolate Bar – Fruity Cereal",FALSE,FALSE,"52","tre-house-magic-mushroom-chocolate-bar-fruity-cereal"
"Green Garden Gold – D9 Cloud 9 Strawberry Lemonade 600mg Gummies","Green Garden Gold – D9 Cloud 9 Strawberry Lemonade 600mg Gummies provides balanced relaxation and euphoria through precisely dosed Delta-9 THC gummies in a delicious sweet strawberry lemonade flavor. What's Inside • 600mg total Delta-9 THC • Delicious sweet strawberry lemonade flavor • Precisely dosed for consistent effects • 600mg total • Third-party lab tested","About This Product Green Garden Gold – D9 Cloud 9 Strawberry Lemonade 600mg Gummies provides balanced relaxation and euphoria through a carefully crafted Delta-9 THC gummy formula. Every gummy is carefully dosed for consistent, dependable results. Available in a delicious sweet strawberry lemonade flavor, these gummies make adding cannabinoids to your daily routine simple and enjoyable — perfect for relaxing after a long day, supporting sleep, or enhancing your overall sense of wellbeing. Made with premium hemp-derived ingredients and rigorously tested for purity and potency, Green Garden Gold – D9 Cloud 9 Strawberry Lemonade 600mg Gummies is a trusted choice at TwoBudz, Flower Mound's premier hemp shop. Browse more Delta-9 THC products in our Delta 9 Products collection at TwoBudz in Flower Mound. Taste & Aroma • Sweet strawberry lemonade flavor • Fruity tart balance • Smooth clean finish Why Choose This Product ✔ 600mg total Delta-9 THC ✔ Delicious sweet strawberry lemonade flavor ✔ Precisely dosed for consistent, reliable effects ✔ 600mg total ✔ Third-party lab tested for purity and potency ✔ Made with premium hemp-derived extract How to Use Start with one gummy and wait 30–60 minutes to understand the effects before consuming more.",79.99,"gummies","10mg Delta-9 THC","600mg","","15 Gummy Pack; 30 Gummy Value Pack","Vegan-friendly, delicious real fruit berry juices; Deep body soothing relaxation and tranquil alignment; Consistent dosage block in every bite","99.8%","Farm Bill Compliant Phytocannabinoid Profile","Green Garden Gold – D9 Cloud 9 Strawberry Lemonade 600mg Gummies","Green Garden Gold – D9 Cloud 9 Strawberry Lemonade 600mg Gummies provides balanced relaxation and euphoria through precisely dosed Delta-9 THC gummies in a delicious sweet strawberry lemonade flavor. What's Inside • 600mg total Delta-9 THC • Delicious sweet strawberry lemonade flavor • Precisely dosed for consistent effects • 600mg total • Third-party lab tested","","Green Garden Gold – D9 Cloud 9 Strawberry Lemonade 600mg Gummies",FALSE,FALSE,"67","green-garden-gold-d9-cloud-9-strawberry-lemonade-600mg-gummies"
"Barney's Botanicals Delta 8 Gummies Pineapple Express 5ct","Barney's Botanicals Delta 8 Gummies Pineapple Express 5ct brings smooth, clear-headed relaxation through precisely dosed Delta-8 THC gummies in a delicious tropical pineapple flavor. What's Inside • Delta-8 THC formula • Delicious tropical pineapple flavor • Precisely dosed for consistent effects • 5-count pack • Third-party lab tested","About This Product Barney's Botanicals Delta 8 Gummies Pineapple Express 5ct provides smooth, clear-headed relaxation through a carefully crafted Delta-8 THC gummy formula. Every gummy is carefully dosed for consistent, dependable results. Available in a delicious tropical pineapple flavor, these gummies make adding cannabinoids to your daily routine simple and enjoyable — perfect for relaxing after a long day, supporting sleep, or enhancing your overall sense of wellbeing. Made with premium hemp-derived ingredients and rigorously tested for purity and potency, Barney's Botanicals Delta 8 Gummies Pineapple Express 5ct is a trusted choice at TwoBudz, Flower Mound's premier hemp shop. Browse more Delta-8 THC products in our Delta 8 Products collection at TwoBudz in Flower Mound. Taste & Aroma • Tropical pineapple candy flavor • Sweet juicy taste • Smooth clean finish Why Choose This Product ✔ Delta-8 THC formula ✔ Delicious tropical pineapple flavor ✔ Precisely dosed for consistent, reliable effects ✔ 5-count pack ✔ Third-party lab tested for purity and potency ✔ Made with premium hemp-derived extract How to Use Start with one gummy and wait 30–60 minutes to understand the effects before consuming more.",22.99,"gummies","< 0.3% THC","500mg CBD","","15 Gummy Pack; 30 Gummy Value Pack","Vegan-friendly, delicious real fruit berry juices; Deep body soothing relaxation and tranquil alignment; Consistent dosage block in every bite","99.8%","Farm Bill Compliant Phytocannabinoid Profile","Barney's Botanicals Delta 8 Gummies Pineapple Express 5ct","Barney's Botanicals Delta 8 Gummies Pineapple Express 5ct brings smooth, clear-headed relaxation through precisely dosed Delta-8 THC gummies in a delicious tropical pineapple flavor. What's Inside • Delta-8 THC formula • Delicious tropical pineapple flavor • Precisely dosed for consistent effects • 5-count pack • Third-party lab tested","","Barney's Botanicals Delta 8 Gummies Pineapple Express 5ct",FALSE,FALSE,"100","barneys-botanicals-delta-8-gummies-pineapple-express-5ct"
"Hometown Hero Delta 9 Live Rosin Gummies Grand Daddy Purple 10ct","Hometown Hero Delta 9 Live Rosin Gummies Grand Daddy Purple 10ct provides balanced relaxation and euphoria through precisely dosed Delta-9 THC gummies in a delicious sweet grape and berry flavor. What's Inside • Delta-9 THC formula • Delicious sweet grape and berry flavor • Precisely dosed for consistent effects • 10-count pack • Third-party lab tested","About This Product Hometown Hero Delta 9 Live Rosin Gummies Grand Daddy Purple 10ct provides balanced relaxation and euphoria through a carefully crafted Delta-9 THC gummy formula. These gummies are crafted with premium live rosin extract for superior terpene preservation and authentic full-plant flavor. Every gummy is carefully dosed for consistent, dependable results. Available in a delicious sweet grape and berry flavor, these gummies make adding cannabinoids to your daily routine simple and enjoyable — perfect for relaxing after a long day, supporting sleep, or enhancing your overall sense of wellbeing. Made with premium hemp-derived ingredients and rigorously tested for purity and potency, Hometown Hero Delta 9 Live Rosin Gummies Grand Daddy Purple 10ct is a trusted choice at TwoBudz, Flower Mound's premier hemp shop. Browse more Delta-9 THC products in our Delta 9 Products collection at TwoBudz in Flower Mound. Taste & Aroma • Rich grape and berry flavor • Sweet fruity taste • Smooth clean finish Why Choose This Product ✔ Delta-9 THC formula ✔ Delicious sweet grape and berry flavor ✔ Precisely dosed for consistent, reliable effects ✔ 10-count pack ✔ Third-party lab tested for purity and potency ✔ Made with premium hemp-derived extract How to Use Start with one gummy and wait 30–60 minutes to understand the effects before consuming more.",69.99,"gummies","< 0.3% THC","500mg CBD","","10-Count Package","Vegan-friendly, delicious real fruit berry juices; Deep body soothing relaxation and tranquil alignment; Consistent dosage block in every bite","99.8%","Farm Bill Compliant Phytocannabinoid Profile","Hometown Hero Delta 9 Live Rosin Gummies Grand Daddy Purple 10ct","Shop Hometown Hero Delta 9 Live Rosin Gummies Grand Daddy Purple 10ct. Premium hemp-derived gummies infused with live rosin and Delta 9 for a flavorful edible experience.","Hometown Hero, Live Rosin Gummies, Delta 9 Gummies, Grand Daddy Purple, 10 Count, Hemp-Derived, THC Gummies, Live Rosin, Hemp Gummies, Edibles, Premium Gummies, Wellness","Hometown Hero Delta 9 Live Rosin Gummies Grand Daddy Purple 10-count hemp-derived gummy package",TRUE,FALSE,"117","hometown-hero-delta-9-live-rosin-gummies-grand-daddy-purple-10ct"
"Organic 'Bubba Kush' CBD Hemp Flower","Dense, sticky pine-scented buds cured to perfection. Delivers instant calming cerebral relaxation.","Our award-winning 'Bubba Kush' CBD flower is hand-trimmed and slow-cured for 60 days to lock in a rich earthy flavor profile containing deep notes of cacao and coffee. Sourced from pristine Texas organic farms, this indica-dominant hemp strain is heavily frosted with sparkling trichomes, perfect for vaporizing or rolling.",34.99,"flower","< 0.2% Delta-9 THC","18% Active CBDa","","3.5 Grams (1/8 oz); 7 Grams (1/4 oz); 14 Grams (1/2 oz)","Ultra-fast action for acute discomfort; Unmatched relaxation, great for wind-down hours; Rich aromatic terpene complex with zero harshness","100.0% Raw Flower","High-Terpene Infused CBD profile","Organic 'Bubba Kush' CBD Hemp Flower","Dense, sticky pine-scented buds cured to perfection. Delivers instant calming cerebral relaxation.","","Organic 'Bubba Kush' CBD Hemp Flower",FALSE,FALSE,"cbd-flower-bubba-kush","organic-bubba-kush-cbd-hemp-flower"
"Two Budz Delta-9 THC Infused Wellness Gummies","Precisely dosed, organic fruit-flavored gummies offering relaxation and blissful calm in every bite.","Taste natural bliss with Two Budz Delta-9 Gummies. Expertly crafted in a GMP-certified facility, each gummy delivers a crisp, consistent dose of premium hemp-derived Delta-9 THC. Made with natural vegan ingredients, fruit purees, and organic cane sugar, they offer a smooth body-balancing elevation without artificial colors or synthetic additives.",44.99,"gummies","10mg Delta-9 THC","25mg Full Spectrum CBD","","15 Gummies Pack; 30 Gummies Pack","Deep mental euphoria and peaceful physical ease; Long-lasting systemic comfort and tranquility; Perfect for evening relief or weekend relaxation","98.7%","Hemp-derived THC + CBD Profile","Two Budz Delta-9 THC Infused Wellness Gummies","Precisely dosed, organic fruit-flavored gummies offering relaxation and blissful calm in every bite.","","Two Budz Delta-9 THC Infused Wellness Gummies",FALSE,TRUE,"gummies-delta9-thc","two-budz-delta-9-thc-infused-wellness-gummies"
"Full Spectrum Premium CBD Tincture","Sourced from organic Texas hemp to deliver high-dose daily wellness, pain relief, and calmness.","Our signature Full Spectrum CBD Tincture represents the pinnacle of Two Budz craftsmanship. Formulated with pure full-spectrum hemp extract and cold-pressed organic coconut MCT oil, it retains vital cannabinoids and terpenes that amplify the Entourage Effect. Our users in Flower Mound swear by its rapid bioavailability and gentle, restorative onset.",64.99,"cbd-oils","< 0.3% THC","2000mg CBD","","1000mg (30ml); 2000mg (30ml); 4000mg (60ml)","Deep daily stress and anxiety relief; Soothes systemic muscle and joint stiffness; Restores natural sleep cycles and overall mood support","99.8%","100% Active Farm-Bill Compliant Hemp","Full Spectrum Premium CBD Tincture","Sourced from organic Texas hemp to deliver high-dose daily wellness, pain relief, and calmness.","","Full Spectrum Premium CBD Tincture",FALSE,FALSE,"cbd-oil-premium-full-spectrum","full-spectrum-premium-cbd-tincture"
"Holistapet CBD Dog Treats – Calming Soft Chews","Holistapet CBD Dog Treats – Calming Soft Chews provides calm behavior and stress relief for your dog in a delicious natural soft chew treat they'll love. What's Inside • 100mg CBD per package • Natural soft chew flavor • Soft chew treat format • Pet-safe hemp-derived CBD • Third-party lab tested","About This Product Holistapet CBD Dog Treats – Calming Soft Chews offers a tasty, convenient way to support your dog's calm behavior and stress relief. Made with premium hemp-derived CBD and crafted specifically for dogs, these treats make it easy to incorporate cannabinoids into your pet's daily routine. Each treat is formulated with pet-safe ingredients and comes in a natural soft chew flavor that dogs enjoy, making daily dosing stress-free for both you and your pet. Available at TwoBudz, these CBD dog treats are lab tested and trusted by pet owners. Taste & Aroma • Natural soft chew flavor dogs love • Soft and easy to chew • Made with pet-safe ingredients Why Choose This Product ✔ 100mg CBD per package ✔ Natural soft chew flavor dogs love ✔ Supports calm behavior and stress relief ✔ Soft, easy-to-chew treat format ✔ Pet-safe hemp-derived CBD ✔ Third-party lab tested for purity How to Use Give your dog the recommended number of treats based on their weight. Consult your veterinarian before adding any supplement to your pet's diet.",44.99,"pets","< 0.3% THC","500mg CBD","","30ml Dropper Bottle","Vet-approved 100% safe broad-spectrum base; Delectable natural flavors pet easily swallows; Relief from thunder storms and joint stiffness","99.8%","Farm Bill Compliant Phytocannabinoid Profile","Holistapet CBD Dog Treats – Calming Soft Chews","Holistapet CBD Dog Treats – Calming Soft Chews provides calm behavior and stress relief for your dog in a delicious natural soft chew treat they'll love. What's Inside • 100mg CBD per package • Natural soft chew flavor • Soft chew treat format • Pet-safe hemp-derived CBD • Third-party lab tested","","Holistapet CBD Dog Treats – Calming Soft Chews",FALSE,FALSE,"23","holistapet-cbd-dog-treats-calming-soft-chews"
"Green Garden Gold – Delta 8 Blue Cotton Candy 2000mg Gummies","Green Garden Gold – Delta 8 Blue Cotton Candy 2000mg Gummies brings smooth, clear-headed relaxation through precisely dosed Delta-8 THC gummies in a delicious classic blue cotton candy flavor. What's Inside • 2000mg total Delta-8 THC • Delicious classic blue cotton candy flavor • Precisely dosed for consistent effects • 2000mg total • Third-party lab tested","About This Product Green Garden Gold – Delta 8 Blue Cotton Candy 2000mg Gummies provides smooth, clear-headed relaxation through a carefully crafted Delta-8 THC gummy formula. Every gummy is carefully dosed for consistent, dependable results. Available in a delicious classic blue cotton candy flavor, these gummies make adding cannabinoids to your daily routine simple and enjoyable — perfect for relaxing after a long day, supporting sleep, or enhancing your overall sense of wellbeing. Made with premium hemp-derived ingredients and rigorously tested for purity and potency, Green Garden Gold – Delta 8 Blue Cotton Candy 2000mg Gummies is a trusted choice at TwoBudz, Flower Mound's premier hemp shop. Browse more Delta-8 THC products in our Delta 8 Products collection at TwoBudz in Flower Mound. Taste & Aroma • Sweet cotton candy flavor • Light airy sweetness • Smooth clean finish Why Choose This Product ✔ 2000mg total Delta-8 THC ✔ Delicious classic blue cotton candy flavor ✔ Precisely dosed for consistent, reliable effects ✔ 2000mg total ✔ Third-party lab tested for purity and potency ✔ Made with premium hemp-derived extract How to Use Start with one gummy and wait 30–60 minutes to understand the effects before consuming more.",74.99,"gummies","< 0.3% THC","2000mg","","15 Gummy Pack; 30 Gummy Value Pack","Vegan-friendly, delicious real fruit berry juices; Deep body soothing relaxation and tranquil alignment; Consistent dosage block in every bite","99.8%","Farm Bill Compliant Phytocannabinoid Profile","Green Garden Gold – Delta 8 Blue Cotton Candy 2000mg Gummies","Green Garden Gold – Delta 8 Blue Cotton Candy 2000mg Gummies brings smooth, clear-headed relaxation through precisely dosed Delta-8 THC gummies in a delicious classic blue cotton candy flavor. What's Inside • 2000mg total Delta-8 THC • Delicious classic blue cotton candy flavor • Precisely dosed for consistent effects • 2000mg total • Third-party lab tested","","Green Garden Gold – Delta 8 Blue Cotton Candy 2000mg Gummies",FALSE,FALSE,"71","green-garden-gold-delta-8-blue-cotton-candy-2000mg-gummies"
"Barney's Botanicals Delta 8 Gummies Watermelon Zkittles 5ct","Barney's Botanicals Delta 8 Gummies Watermelon Zkittles 5ct brings smooth, clear-headed relaxation through precisely dosed Delta-8 THC gummies in a delicious sweet watermelon zkittles flavor. What's Inside • Delta-8 THC formula • Delicious sweet watermelon zkittles flavor • Precisely dosed for consistent effects • 5-count pack • Third-party lab tested","About This Product Barney's Botanicals Delta 8 Gummies Watermelon Zkittles 5ct provides smooth, clear-headed relaxation through a carefully crafted Delta-8 THC gummy formula. Every gummy is carefully dosed for consistent, dependable results. Available in a delicious sweet watermelon zkittles flavor, these gummies make adding cannabinoids to your daily routine simple and enjoyable — perfect for relaxing after a long day, supporting sleep, or enhancing your overall sense of wellbeing. Made with premium hemp-derived ingredients and rigorously tested for purity and potency, Barney's Botanicals Delta 8 Gummies Watermelon Zkittles 5ct is a trusted choice at TwoBudz, Flower Mound's premier hemp shop. Browse more Delta-8 THC products in our Delta 8 Products collection at TwoBudz in Flower Mound. Taste & Aroma • Watermelon candy flavor • Sweet tropical notes • Smooth clean finish Why Choose This Product ✔ Delta-8 THC formula ✔ Delicious sweet watermelon zkittles flavor ✔ Precisely dosed for consistent, reliable effects ✔ 5-count pack ✔ Third-party lab tested for purity and potency ✔ Made with premium hemp-derived extract How to Use Start with one gummy and wait 30–60 minutes to understand the effects before consuming more.",22.99,"gummies","< 0.3% THC","500mg CBD","","15 Gummy Pack; 30 Gummy Value Pack","Vegan-friendly, delicious real fruit berry juices; Deep body soothing relaxation and tranquil alignment; Consistent dosage block in every bite","99.8%","Farm Bill Compliant Phytocannabinoid Profile","Barney's Botanicals Delta 8 Gummies Watermelon Zkittles 5ct","Barney's Botanicals Delta 8 Gummies Watermelon Zkittles 5ct brings smooth, clear-headed relaxation through precisely dosed Delta-8 THC gummies in a delicious sweet watermelon zkittles flavor. What's Inside • Delta-8 THC formula • Delicious sweet watermelon zkittles flavor • Precisely dosed for consistent effects • 5-count pack • Third-party lab tested","","Barney's Botanicals Delta 8 Gummies Watermelon Zkittles 5ct",FALSE,FALSE,"105","barneys-botanicals-delta-8-gummies-watermelon-zkittles-5ct"
"Hometown Hero Live Rosin Delta 9 Caramels 200mg","Hometown Hero Live Rosin Delta 9 Caramels 200mg provides balanced relaxation and euphoria through precisely dosed Delta-9 THC gummies in a delicious rich buttery caramel flavor. What's Inside • 200mg total Delta-9 THC • Delicious rich buttery caramel flavor • Precisely dosed for consistent effects • 200mg total • Third-party lab tested","About This Product Hometown Hero Live Rosin Delta 9 Caramels 200mg provides balanced relaxation and euphoria through a carefully crafted Delta-9 THC gummy formula. These gummies are crafted with premium live rosin extract for superior terpene preservation and authentic full-plant flavor. Every gummy is carefully dosed for consistent, dependable results. Available in a delicious rich buttery caramel flavor, these gummies make adding cannabinoids to your daily routine simple and enjoyable — perfect for relaxing after a long day, supporting sleep, or enhancing your overall sense of wellbeing. Made with premium hemp-derived ingredients and rigorously tested for purity and potency, Hometown Hero Live Rosin Delta 9 Caramels 200mg is a trusted choice at TwoBudz, Flower Mound's premier hemp shop. Browse more Delta-9 THC products in our Delta 9 Products collection at TwoBudz in Flower Mound. Taste & Aroma • Rich buttery caramel flavor • Sweet indulgent taste • Smooth clean finish Why Choose This Product ✔ 200mg total Delta-9 THC ✔ Delicious rich buttery caramel flavor ✔ Precisely dosed for consistent, reliable effects ✔ 200mg total ✔ Third-party lab tested for purity and potency ✔ Made with premium hemp-derived extract How to Use Start with one gummy and wait 30–60 minutes to understand the effects before consuming more.",49.99,"gummies","< 0.3% THC","200mg","","15 Gummy Pack; 30 Gummy Value Pack","Vegan-friendly, delicious real fruit berry juices; Deep body soothing relaxation and tranquil alignment; Consistent dosage block in every bite","99.8%","Farm Bill Compliant Phytocannabinoid Profile","Hometown Hero Live Rosin Delta 9 Caramels 200mg","Hometown Hero Live Rosin Delta 9 Caramels 200mg provides balanced relaxation and euphoria through precisely dosed Delta-9 THC gummies in a delicious rich buttery caramel flavor. What's Inside • 200mg total Delta-9 THC • Delicious rich buttery caramel flavor • Precisely dosed for consistent effects • 200mg total • Third-party lab tested","","Hometown Hero Live Rosin Delta 9 Caramels 200mg",FALSE,FALSE,"75","hometown-hero-live-rosin-delta-9-caramels-200mg"
"Cycling Frog Delta 9 Seltzer Ruby Grapefruit 5mg","Cycling Frog Delta 9 Seltzer Ruby Grapefruit 5mg delivers a refreshing bright citrus and subtle tartness flavor infused with hemp-derived cannabinoids, offering a balanced and enjoyable cannabis beverage experience. What's Inside • 5mg Delta-9 THC + 10mg CBD per can (2:1 CBD:THC ratio) • Bright citrus and subtle tartness flavor • Sparkling Delta-9 THC beverage • Sold individually or by pack","About This Product Cycling Frog Delta 9 Seltzer Ruby Grapefruit 5mg combines the bold flavor of fresh ruby grapefruit with hemp-derived cannabinoids to create a refreshing sparkling cannabis beverage. Each can contains 5mg Delta-9 THC and 10mg CBD, providing a balanced cannabinoid ratio designed for relaxation and enjoyment. The bright citrus and subtle tartness pairs perfectly with crisp carbonation, delivering a refreshing drink that can be enjoyed chilled or served as a mocktail alternative. This Delta-9 THC beverage provides a flavorful way to unwind without alcohol. Made with natural fruit juice and hemp extract, this beverage is crafted to deliver consistent quality and smooth effects for social gatherings or relaxing evenings. Browse more Delta-9 THC-infused beverages in our THC Drinks collection at TwoBudz in Flower Mound. Taste & Aroma • Bold ruby grapefruit flavor • Light bitter citrus notes • Crisp sparkling finish Why Choose This Product ✔ 5mg Delta-9 THC + 10mg CBD per can ✔ Sparkling cannabis beverage ✔ Alcohol-free relaxation drink ✔ Bright citrus and subtle tartness flavor ✔ Vegan, gluten-free, and non-GMO How to Use Start with one can and wait about 30–60 minutes to understand the effects before consuming more.",59.99,"beverages","< 0.3% THC","5mg","","4-Pack Cans; 12-Pack Case","Sparkling organic carbonated hydration; Fast acting nano-emulsified active cannabinoids; Zero high-fructose corn syrups or artificial color","99.8%","Farm Bill Compliant Phytocannabinoid Profile","Cycling Frog Delta 9 Seltzer Ruby Grapefruit 5mg","Cycling Frog Delta 9 Seltzer Ruby Grapefruit 5mg delivers a refreshing bright citrus and subtle tartness flavor infused with hemp-derived cannabinoids, offering a balanced and enjoyable cannabis beverage experience. What's Inside • 5mg Delta-9 THC + 10mg CBD per can (2:1 CBD:THC ratio) • Bright citrus and subtle tartness flavor • Sparkling Delta-9 THC beverage • Sold individually or by pack","","Cycling Frog Delta 9 Seltzer Ruby Grapefruit 5mg",FALSE,FALSE,"84","cycling-frog-delta-9-seltzer-ruby-grapefruit-5mg"
"Drink Delta D9 Water – Tropical Mango 5mg","Drink Delta D9 Water – Tropical Mango 5mg delivers a refreshing sweet juicy tropical mango flavor infused with hemp-derived cannabinoids, offering a balanced and enjoyable cannabis beverage experience. What's Inside • 5mg Delta-9 THC + 10mg CBD per can (2:1 CBD:THC ratio) • Sweet juicy tropical mango flavor • Sparkling Delta-9 THC beverage • Sold individually or by pack","About This Product Drink Delta D9 Water – Tropical Mango 5mg combines the bold flavor of tropical mango with hemp-derived cannabinoids to create a refreshing sparkling cannabis beverage. Each can contains 5mg Delta-9 THC and 10mg CBD, providing a balanced cannabinoid ratio designed for relaxation and enjoyment. The sweet juicy tropical mango pairs perfectly with crisp carbonation, delivering a refreshing drink that can be enjoyed chilled or served as a mocktail alternative. This Delta-9 THC beverage provides a flavorful way to unwind without alcohol. Made with natural fruit juice and hemp extract, this beverage is crafted to deliver consistent quality and smooth effects for social gatherings or relaxing evenings. Browse more Delta-9 THC-infused beverages in our THC Drinks collection at TwoBudz in Flower Mound. Taste & Aroma • Tropical mango flavor • Sweet exotic notes • Clean refreshing finish Why Choose This Product ✔ 5mg Delta-9 THC + 10mg CBD per can ✔ Sparkling cannabis beverage ✔ Alcohol-free relaxation drink ✔ Sweet juicy tropical mango flavor ✔ Vegan, gluten-free, and non-GMO How to Use Start with one can and wait about 30–60 minutes to understand the effects before consuming more.",59.99,"beverages","10mg Delta-9 THC","5mg","","4-Pack Cans; 12-Pack Case","Sparkling organic carbonated hydration; Fast acting nano-emulsified active cannabinoids; Zero high-fructose corn syrups or artificial color","99.8%","Farm Bill Compliant Phytocannabinoid Profile","Drink Delta D9 Water – Tropical Mango 5mg","Drink Delta D9 Water – Tropical Mango 5mg delivers a refreshing sweet juicy tropical mango flavor infused with hemp-derived cannabinoids, offering a balanced and enjoyable cannabis beverage experience. What's Inside • 5mg Delta-9 THC + 10mg CBD per can (2:1 CBD:THC ratio) • Sweet juicy tropical mango flavor • Sparkling Delta-9 THC beverage • Sold individually or by pack","","Drink Delta D9 Water – Tropical Mango 5mg",FALSE,FALSE,"93","drink-delta-d9-water-tropical-mango-5mg"
"Holistapet CBD Dog Treats – Calming Soft Chews","JustCBD CBD Gummies 3000mg – Sour Worms supports everyday wellness — now available at TwoBudz in Flower Mound, TX and calm through precisely dosed CBD gummies in a delicious sour fruity worm flavor. What's Inside • 3000mg total CBD • Delicious sour fruity worm flavor • Precisely dosed for consistent effects • 3000mg total • Third-party lab tested","About This Product JustCBD CBD Gummies 3000mg – Sour Worms provides daily wellness and calm through a carefully crafted CBD gummy formula. Every gummy is carefully dosed for consistent, dependable results. Available in a delicious sour fruity worm flavor, these gummies make adding cannabinoids to your daily routine simple and enjoyable — perfect for relaxing after a long day, supporting sleep, or enhancing your overall sense of wellbeing. Made with premium hemp-derived ingredients and rigorously tested for purity and potency, JustCBD CBD Gummies 3000mg – Sour Worms is a trusted choice at TwoBudz, Flower Mound's premier hemp shop. Browse more CBD products in our CBD Products collection at TwoBudz in Flower Mound. Taste & Aroma • Sour candy worm flavor • Tart and sweet balance • Smooth clean finish Why Choose This Product ✔ 3000mg total CBD ✔ Delicious sour fruity worm flavor ✔ Precisely dosed for consistent, reliable effects ✔ 3000mg total ✔ Third-party lab tested for purity and potency ✔ Made with premium hemp-derived extract How to Use Start with one gummy and wait 30–60 minutes to understand the effects before consuming more.",99,"pets","< 0.3% THC","500mg CBD","","30ml Dropper Bottle","Vet-approved 100% safe broad-spectrum base; Delectable natural flavors pet easily swallows; Relief from thunder storms and joint stiffness","99.8%","Farm Bill Compliant Phytocannabinoid Profile","Holistapet CBD Dog Treats – Calming Soft Chews","JustCBD CBD Gummies 3000mg – Sour Worms supports everyday wellness — now available at TwoBudz in Flower Mound, TX and calm through precisely dosed CBD gummies in a delicious sour fruity worm flavor. What's Inside • 3000mg total CBD • Delicious sour fruity worm flavor • Precisely dosed for consistent effects • 3000mg total • Third-party lab tested","","Holistapet CBD Dog Treats – Calming Soft Chews",FALSE,FALSE,"21","justcbd-cbd-gummies-3000mg-sour-worms"
"Ruby Oasis THC Lemonade – 25mg Delta-9 Drink","Ruby Oasis THC Lemonade – 25mg Delta-9 Drink is a premium hemp-derived product available at TwoBudz in Flower Mound, TX. What's Inside • Premium hemp-derived formula • Lab-tested for purity and potency • Consistent, reliable dosing • Available exclusively at TwoBudz, Flower Mound","About This Product Ruby Oasis THC Lemonade – 25mg Delta-9 Drink is a carefully crafted hemp product available at TwoBudz in Flower Mound, TX. Every unit is third-party lab tested to ensure purity, potency, and consistency. TwoBudz is Flower Mound's trusted source for premium hemp-derived products including CBD, Delta-8, Delta-9, and specialty wellness items. We carry only brands we believe in, verified for quality at every step. Why Choose This Product ✔ Premium hemp-derived formula ✔ Third-party lab tested for purity and potency ✔ Precisely dosed for consistent, reliable effects ✔ Available at TwoBudz, Flower Mound, TX How to Use Follow the product label instructions. Start low and go slow, especially if new to hemp products. Consult a healthcare professional if you have any questions about dosage or interactions.",9.99,"beverages","10mg Delta-9 THC","25mg","","4-Pack Cans; 12-Pack Case","Sparkling organic carbonated hydration; Fast acting nano-emulsified active cannabinoids; Zero high-fructose corn syrups or artificial color","99.8%","Farm Bill Compliant Phytocannabinoid Profile","Ruby Oasis THC Lemonade – 25mg Delta-9 Drink","Ruby Oasis THC Lemonade – 25mg Delta-9 Drink is a premium hemp-derived product available at TwoBudz in Flower Mound, TX. What's Inside • Premium hemp-derived formula • Lab-tested for purity and potency • Consistent, reliable dosing • Available exclusively at TwoBudz, Flower Mound","","Ruby Oasis THC Lemonade – 25mg Delta-9 Drink",FALSE,FALSE,"188","ruby-oasis-thc-lemonade-25mg"
"PuffCo Peak Pro v2 – Flourish","PuffCo Peak Pro v2 – Flourish — PuffCo's flagship smart rig with advanced temperature control and premium vapor quality, engineered for premium hemp concentrate enjoyment. What's Inside • Premium PuffCo Peak Pro v2 • Advanced heat technology • Flourish limited edition design • Easy to use and maintain • For concentrate enthusiasts","About This Product The PuffCo Peak Pro v2 – Flourish by PuffCo is PuffCo's flagship smart rig with advanced temperature control and premium vapor quality. The limited edition Flourish design features an exclusive aesthetic that sets it apart, combining premium visual design with industry-leading vaporizer performance. Whether you're an experienced concentrate user or upgrading your setup, this PuffCo device delivers consistent, high-quality vapor from your favorite hemp extracts and concentrates. Available at TwoBudz, the Peak Pro v2 is a premium choice for discerning enthusiasts. Why Choose This Product ✔ Premium PuffCo Peak Pro v2 ✔ Advanced temperature control technology ✔ Limited edition Flourish design ✔ Consistent, high-quality vapor production ✔ Easy to use and maintain ✔ Designed for hemp extracts and concentrates How to Use Load your preferred hemp concentrate into the bowl, select your desired heat setting, and enjoy. Clean regularly for best performance. Follow all manufacturer guidelines.",420,"cbd-oils","< 0.3% THC","500mg CBD","","30ml Dropper Bottle; 60ml Value Pack","High-potency sublingual absorption profile; Organically cured cold-pressed MCT compound base; Fast restorative action to manage daily tension","99.8%","Farm Bill Compliant Phytocannabinoid Profile","PuffCo Peak Pro v2 – Flourish","PuffCo Peak Pro v2 – Flourish — PuffCo's flagship smart rig with advanced temperature control and premium vapor quality, engineered for premium hemp concentrate enjoyment. What's Inside • Premium PuffCo Peak Pro v2 • Advanced heat technology • Flourish limited edition design • Easy to use and maintain • For concentrate enthusiasts","","PuffCo Peak Pro v2 – Flourish",FALSE,FALSE,"25","puffco-peak-pro-v2-flourish"
"Enjoy Delta 8 THC/CBD Gummies 1200mg – Balance","Enjoy Delta 8 THC/CBD Gummies 1200mg – Balance delivers smooth relaxation and calm balance through precisely dosed Delta-8 THC + CBD gummies in a delicious balanced mixed fruit flavor. What's Inside • 1200mg total D8 + CBD • Delicious balanced mixed fruit flavor • Precisely dosed for consistent effects • 1200mg total • Third-party lab tested","About This Product Enjoy Delta 8 THC/CBD Gummies 1200mg – Balance provides smooth relaxation and calm balance through a carefully crafted Delta-8 THC + CBD gummy formula. Every gummy is carefully dosed for consistent, dependable results. Available in a delicious balanced mixed fruit flavor, these gummies make adding cannabinoids to your daily routine simple and enjoyable — perfect for relaxing after a long day, supporting sleep, or enhancing your overall sense of wellbeing. Made with premium hemp-derived ingredients and rigorously tested for purity and potency, Enjoy Delta 8 THC/CBD Gummies 1200mg – Balance is a trusted choice at TwoBudz, Flower Mound's premier hemp shop. Browse more Delta-8 THC + CBD products in our Delta 8 Products collection at TwoBudz in Flower Mound. Taste & Aroma • Balanced mixed fruit flavor • Sweet and smooth taste • Smooth clean finish Why Choose This Product ✔ 1200mg total D8 + CBD ✔ Delicious balanced mixed fruit flavor ✔ Precisely dosed for consistent, reliable effects ✔ 1200mg total ✔ Third-party lab tested for purity and potency ✔ Made with premium hemp-derived extract How to Use Start with one gummy and wait 30–60 minutes to understand the effects before consuming more.",89.99,"gummies","< 0.3% THC","1200mg","","15 Gummy Pack; 30 Gummy Value Pack","Vegan-friendly, delicious real fruit berry juices; Deep body soothing relaxation and tranquil alignment; Consistent dosage block in every bite","99.8%","Farm Bill Compliant Phytocannabinoid Profile","Enjoy Delta 8 THC/CBD Gummies 1200mg – Balance","Enjoy Delta 8 THC/CBD Gummies 1200mg – Balance delivers smooth relaxation and calm balance through precisely dosed Delta-8 THC + CBD gummies in a delicious balanced mixed fruit flavor. What's Inside • 1200mg total D8 + CBD • Delicious balanced mixed fruit flavor • Precisely dosed for consistent effects • 1200mg total • Third-party lab tested","","Enjoy Delta 8 THC/CBD Gummies 1200mg – Balance",FALSE,FALSE,"33","enjoy-delta-8-thc-cbd-gummies-1200mg-balance"
"JustCBD CBD Cat Treats 100mg – Mixed Flavors","JustCBD CBD Cat Treats 100mg – Mixed Flavors provides overall health and daily wellness for your cat in a delicious mixed flavors treat they'll love. What's Inside • 100mg CBD per package • Mixed flavors flavor • Soft chew treat format • Pet-safe hemp-derived CBD • Third-party lab tested","About This Product JustCBD CBD Cat Treats 100mg – Mixed Flavors offers a tasty, convenient way to support your cat's overall health and daily wellness. Made with premium hemp-derived CBD and crafted specifically for cats, these treats make it easy to incorporate cannabinoids into your pet's daily routine. Each treat is formulated with pet-safe ingredients and comes in a mixed flavors flavor that cats enjoy, making daily dosing stress-free for both you and your pet. Available at TwoBudz, these CBD cat treats are lab tested and trusted by pet owners. Taste & Aroma • Mixed flavors flavor cats love • Soft and easy to chew • Made with pet-safe ingredients Why Choose This Product ✔ 100mg CBD per package ✔ Mixed flavors flavor cats love ✔ Supports overall health and daily wellness ✔ Soft, easy-to-chew treat format ✔ Pet-safe hemp-derived CBD ✔ Third-party lab tested for purity How to Use Give your cat the recommended number of treats based on their weight. Consult your veterinarian before adding any supplement to your pet's diet.",19.99,"pets","< 0.3% THC","100mg","","30ml Dropper Bottle","Vet-approved 100% safe broad-spectrum base; Delectable natural flavors pet easily swallows; Relief from thunder storms and joint stiffness","99.8%","Farm Bill Compliant Phytocannabinoid Profile","JustCBD CBD Cat Treats 100mg – Mixed Flavors","JustCBD CBD Cat Treats 100mg – Mixed Flavors provides overall health and daily wellness for your cat in a delicious mixed flavors treat they'll love. What's Inside • 100mg CBD per package • Mixed flavors flavor • Soft chew treat format • Pet-safe hemp-derived CBD • Third-party lab tested","","JustCBD CBD Cat Treats 100mg – Mixed Flavors",FALSE,FALSE,"7","justcbd-cbd-cat-treats-100mg-mixed-flavors"
"JustCBD CBD Dog Treats 100mg – Steak Bites","JustCBD CBD Dog Treats 100mg – Steak Bites provides daily wellness and a healthy coat for your dog in a delicious savory steak treat they'll love. What's Inside • 100mg CBD per package • Savory steak flavor • Soft chew treat format • Pet-safe hemp-derived CBD • Third-party lab tested","About This Product JustCBD CBD Dog Treats 100mg – Steak Bites offers a tasty, convenient way to support your dog's daily wellness and a healthy coat. Made with premium hemp-derived CBD and crafted specifically for dogs, these treats make it easy to incorporate cannabinoids into your pet's daily routine. Each treat is formulated with pet-safe ingredients and comes in a savory steak flavor that dogs enjoy, making daily dosing stress-free for both you and your pet. Available at TwoBudz, these CBD dog treats are lab tested and trusted by pet owners. Taste & Aroma • Savory steak flavor dogs love • Soft and easy to chew • Made with pet-safe ingredients Why Choose This Product ✔ 100mg CBD per package ✔ Savory steak flavor dogs love ✔ Supports daily wellness and a healthy coat ✔ Soft, easy-to-chew treat format ✔ Pet-safe hemp-derived CBD ✔ Third-party lab tested for purity How to Use Give your dog the recommended number of treats based on their weight. Consult your veterinarian before adding any supplement to your pet's diet.",19.99,"pets","< 0.3% THC","100mg","","30ml Dropper Bottle","Vet-approved 100% safe broad-spectrum base; Delectable natural flavors pet easily swallows; Relief from thunder storms and joint stiffness","99.8%","Farm Bill Compliant Phytocannabinoid Profile","JustCBD CBD Dog Treats 100mg – Steak Bites","JustCBD CBD Dog Treats 100mg – Steak Bites provides daily wellness and a healthy coat for your dog in a delicious savory steak treat they'll love. What's Inside • 100mg CBD per package • Savory steak flavor • Soft chew treat format • Pet-safe hemp-derived CBD • Third-party lab tested","","JustCBD CBD Dog Treats 100mg – Steak Bites",FALSE,FALSE,"8","justcbd-cbd-dog-treats-100mg-steak-bites"
"Barney's Botanicals Delta 8 Gummies Cherry Pie 5ct","Barney's Botanicals Delta 8 Gummies Cherry Pie 5ct brings smooth, clear-headed relaxation through precisely dosed Delta-8 THC gummies in a delicious sweet cherry pie flavor. What's Inside • Delta-8 THC formula • Delicious sweet cherry pie flavor • Precisely dosed for consistent effects • 5-count pack • Third-party lab tested","About This Product Barney's Botanicals Delta 8 Gummies Cherry Pie 5ct provides smooth, clear-headed relaxation through a carefully crafted Delta-8 THC gummy formula. Every gummy is carefully dosed for consistent, dependable results. Available in a delicious sweet cherry pie flavor, these gummies make adding cannabinoids to your daily routine simple and enjoyable — perfect for relaxing after a long day, supporting sleep, or enhancing your overall sense of wellbeing. Made with premium hemp-derived ingredients and rigorously tested for purity and potency, Barney's Botanicals Delta 8 Gummies Cherry Pie 5ct is a trusted choice at TwoBudz, Flower Mound's premier hemp shop. Browse more Delta-8 THC products in our Delta 8 Products collection at TwoBudz in Flower Mound. Taste & Aroma • Sweet cherry pie flavor • Fruity dessert notes • Smooth clean finish Why Choose This Product ✔ Delta-8 THC formula ✔ Delicious sweet cherry pie flavor ✔ Precisely dosed for consistent, reliable effects ✔ 5-count pack ✔ Third-party lab tested for purity and potency ✔ Made with premium hemp-derived extract How to Use Start with one gummy and wait 30–60 minutes to understand the effects before consuming more.",22.99,"gummies","< 0.3% THC","500mg CBD","","15 Gummy Pack; 30 Gummy Value Pack","Vegan-friendly, delicious real fruit berry juices; Deep body soothing relaxation and tranquil alignment; Consistent dosage block in every bite","99.8%","Farm Bill Compliant Phytocannabinoid Profile","Barney's Botanicals Delta 8 Gummies Cherry Pie 5ct","Barney's Botanicals Delta 8 Gummies Cherry Pie 5ct brings smooth, clear-headed relaxation through precisely dosed Delta-8 THC gummies in a delicious sweet cherry pie flavor. What's Inside • Delta-8 THC formula • Delicious sweet cherry pie flavor • Precisely dosed for consistent effects • 5-count pack • Third-party lab tested","","Barney's Botanicals Delta 8 Gummies Cherry Pie 5ct",FALSE,FALSE,"99","barneys-botanicals-delta-8-gummies-cherry-pie-5ct"
"JustCBD CBD Gummies For Sleep 3000mg – Gummy Bears","JustCBD CBD Gummies For Sleep 3000mg – Gummy Bears delivers restful sleep and nighttime relaxation through precisely dosed CBD gummies in a delicious classic fruity gummy bear flavor. What's Inside • 3000mg total CBD • Delicious classic fruity gummy bear flavor • Precisely dosed for consistent effects • 3000mg total • Third-party lab tested","About This Product JustCBD CBD Gummies For Sleep 3000mg – Gummy Bears provides restful sleep and nighttime relaxation through a carefully crafted CBD gummy formula. Every gummy is carefully dosed for consistent, dependable results. Available in a delicious classic fruity gummy bear flavor, these gummies make adding cannabinoids to your daily routine simple and enjoyable — perfect for relaxing after a long day, supporting sleep, or enhancing your overall sense of wellbeing. Made with premium hemp-derived ingredients and rigorously tested for purity and potency, JustCBD CBD Gummies For Sleep 3000mg – Gummy Bears is a trusted choice at TwoBudz, Flower Mound's premier hemp shop. Browse more CBD products in our CBD Products collection at TwoBudz in Flower Mound. Taste & Aroma • Classic gummy bear candy flavor • Sweet fruity taste • Smooth clean finish Why Choose This Product ✔ 3000mg total CBD ✔ Delicious classic fruity gummy bear flavor ✔ Precisely dosed for consistent, reliable effects ✔ 3000mg total ✔ Third-party lab tested for purity and potency ✔ Made with premium hemp-derived extract How to Use Start with one gummy and wait 30–60 minutes to understand the effects before consuming more.",99,"gummies","< 0.3% THC","3000mg","","15 Gummy Pack; 30 Gummy Value Pack","Vegan-friendly, delicious real fruit berry juices; Deep body soothing relaxation and tranquil alignment; Consistent dosage block in every bite","99.8%","Farm Bill Compliant Phytocannabinoid Profile","JustCBD CBD Gummies For Sleep 3000mg – Gummy Bears","JustCBD CBD Gummies For Sleep 3000mg – Gummy Bears delivers restful sleep and nighttime relaxation through precisely dosed CBD gummies in a delicious classic fruity gummy bear flavor. What's Inside • 3000mg total CBD • Delicious classic fruity gummy bear flavor • Precisely dosed for consistent effects • 3000mg total • Third-party lab tested","","JustCBD CBD Gummies For Sleep 3000mg – Gummy Bears",FALSE,FALSE,"18","justcbd-cbd-gummies-for-sleep-3000mg-gummy-bears"
"CBD/CBN Gummies 3300mg – Sleep","Enjoy CBD/CBN Gummies 3300mg – Sleep delivers deep relaxation and restful sleep through precisely dosed CBD + CBN gummies in a delicious calming mixed berry flavor. What's Inside • 3300mg total CBD + CBN • Delicious calming mixed berry flavor • Precisely dosed for consistent effects • 3300mg total • Third-party lab tested","About This Product Enjoy CBD/CBN Gummies 3300mg – Sleep provides deep relaxation and restful sleep through a carefully crafted CBD + CBN gummy formula. Every gummy is carefully dosed for consistent, dependable results. Available in a delicious calming mixed berry flavor, these gummies make adding cannabinoids to your daily routine simple and enjoyable — perfect for relaxing after a long day, supporting sleep, or enhancing your overall sense of wellbeing. Made with premium hemp-derived ingredients and rigorously tested for purity and potency, Enjoy CBD/CBN Gummies 3300mg – Sleep is a trusted choice at TwoBudz, Flower Mound's premier hemp shop. Browse more CBD + CBN products in our CBD Products collection at TwoBudz in Flower Mound. Taste & Aroma • Calming mixed berry flavor • Subtle sweet notes • Smooth clean finish Why Choose This Product ✔ 3300mg total CBD + CBN ✔ Delicious calming mixed berry flavor ✔ Precisely dosed for consistent, reliable effects ✔ 3300mg total ✔ Third-party lab tested for purity and potency ✔ Made with premium hemp-derived extract How to Use Start with one gummy and wait 30–60 minutes to understand the effects before consuming more.",79.99,"gummies","< 0.3% THC","3300mg","","15 Gummy Pack; 30 Gummy Value Pack","Vegan-friendly, delicious real fruit berry juices; Deep body soothing relaxation and tranquil alignment; Consistent dosage block in every bite","99.8%","Farm Bill Compliant Phytocannabinoid Profile","Enjoy CBD/CBN Gummies 3300mg for Sleep","Shop Enjoy CBD/CBN Gummies 3300mg for Sleep. Premium full-spectrum hemp gummies with CBD and CBN to support your nighttime wellness routine.","Enjoy Hemp, CBD Gummies, CBN Gummies, 3300mg CBD, Full Spectrum CBD, Sleep Gummies, Hemp-Derived, Nighttime Support, Wellness, CBD Edibles, Premium Gummies, Mixed Fruit","Enjoy CBD/CBN Gummies 3300mg Sleep full-spectrum hemp gummies bottle",FALSE,FALSE,"32","cbd-cbn-gummies-3300mg-sleep"
"3CHI Delta 8 THC Gummies – Watermelon 25mg","3CHI Delta 8 THC Gummies – Watermelon 25mg brings smooth, clear-headed relaxation through precisely dosed Delta-8 THC gummies in a delicious juicy watermelon flavor. What's Inside • 25mg total Delta-8 THC • Delicious juicy watermelon flavor • Precisely dosed for consistent effects • 25mg total • Third-party lab tested","About This Product 3CHI Delta 8 THC Gummies – Watermelon 25mg provides smooth, clear-headed relaxation through a carefully crafted Delta-8 THC gummy formula. Every gummy is carefully dosed for consistent, dependable results. Available in a delicious juicy watermelon flavor, these gummies make adding cannabinoids to your daily routine simple and enjoyable — perfect for relaxing after a long day, supporting sleep, or enhancing your overall sense of wellbeing. Made with premium hemp-derived ingredients and rigorously tested for purity and potency, 3CHI Delta 8 THC Gummies – Watermelon 25mg is a trusted choice at TwoBudz, Flower Mound's premier hemp shop. Browse more Delta-8 THC products in our Delta 8 Products collection at TwoBudz in Flower Mound. Taste & Aroma • Juicy watermelon candy flavor • Sweet summer taste • Smooth clean finish Why Choose This Product ✔ 25mg total Delta-8 THC ✔ Delicious juicy watermelon flavor ✔ Precisely dosed for consistent, reliable effects ✔ 25mg total ✔ Third-party lab tested for purity and potency ✔ Made with premium hemp-derived extract How to Use Start with one gummy and wait 30–60 minutes to understand the effects before consuming more.",39.99,"gummies","< 0.3% THC","25mg","","15 Gummy Pack; 30 Gummy Value Pack","Vegan-friendly, delicious real fruit berry juices; Deep body soothing relaxation and tranquil alignment; Consistent dosage block in every bite","99.8%","Farm Bill Compliant Phytocannabinoid Profile","3CHI Delta 8 THC Gummies – Watermelon 25mg","3CHI Delta 8 THC Gummies – Watermelon 25mg brings smooth, clear-headed relaxation through precisely dosed Delta-8 THC gummies in a delicious juicy watermelon flavor. What's Inside • 25mg total Delta-8 THC • Delicious juicy watermelon flavor • Precisely dosed for consistent effects • 25mg total • Third-party lab tested","","3CHI Delta 8 THC Gummies – Watermelon 25mg",FALSE,FALSE,"110","3chi-delta-8-thc-gummies-watermelon-25mg"
"Peach Buzz THC Seltzer – 10mg Delta-9 Drink","Peach Buzz THC Seltzer – 10mg Delta-9 Drink is a premium hemp-derived product available at TwoBudz in Flower Mound, TX. What's Inside • Premium hemp-derived formula • Lab-tested for purity and potency • Consistent, reliable dosing • Available exclusively at TwoBudz, Flower Mound","About This Product Peach Buzz THC Seltzer – 10mg Delta-9 Drink is a carefully crafted hemp product available at TwoBudz in Flower Mound, TX. Every unit is third-party lab tested to ensure purity, potency, and consistency. TwoBudz is Flower Mound's trusted source for premium hemp-derived products including CBD, Delta-8, Delta-9, and specialty wellness items. We carry only brands we believe in, verified for quality at every step. Why Choose This Product ✔ Premium hemp-derived formula ✔ Third-party lab tested for purity and potency ✔ Precisely dosed for consistent, reliable effects ✔ Available at TwoBudz, Flower Mound, TX How to Use Follow the product label instructions. Start low and go slow, especially if new to hemp products. Consult a healthcare professional if you have any questions about dosage or interactions.",8.99,"beverages","10mg Delta-9 THC","10mg","","4-Pack Cans; 12-Pack Case","Sparkling organic carbonated hydration; Fast acting nano-emulsified active cannabinoids; Zero high-fructose corn syrups or artificial color","99.8%","Farm Bill Compliant Phytocannabinoid Profile","Peach Buzz THC Seltzer – 10mg Delta-9 Drink","Peach Buzz THC Seltzer – 10mg Delta-9 Drink is a premium hemp-derived product available at TwoBudz in Flower Mound, TX. What's Inside • Premium hemp-derived formula • Lab-tested for purity and potency • Consistent, reliable dosing • Available exclusively at TwoBudz, Flower Mound","","Peach Buzz THC Seltzer – 10mg Delta-9 Drink",FALSE,FALSE,"180","peach-buzz-thc-seltzer-10mg"
"Mighty Kind Delta 9 Seltzer – Root Beer 5mg","Mighty Kind Delta 9 Seltzer – Root Beer 5mg delivers a refreshing nostalgic vanilla-herb sweetness flavor infused with hemp-derived cannabinoids, offering a balanced and enjoyable cannabis beverage experience. What's Inside • 5mg Delta-9 THC + 10mg CBD per can (2:1 CBD:THC ratio) • Nostalgic vanilla-herb sweetness flavor • Sparkling Delta-9 THC beverage • Sold individually or by pack","About This Product Mighty Kind Delta 9 Seltzer – Root Beer 5mg combines the bold flavor of classic root beer with hemp-derived cannabinoids to create a refreshing sparkling cannabis beverage. Each can contains 5mg Delta-9 THC and 10mg CBD, providing a balanced cannabinoid ratio designed for relaxation and enjoyment. The nostalgic vanilla-herb sweetness pairs perfectly with crisp carbonation, delivering a refreshing drink that can be enjoyed chilled or served as a mocktail alternative. This Delta-9 THC beverage provides a flavorful way to unwind without alcohol. Made with natural fruit juice and hemp extract, this beverage is crafted to deliver consistent quality and smooth effects for social gatherings or relaxing evenings. Browse more Delta-9 THC-infused beverages in our THC Drinks collection at TwoBudz in Flower Mound. Taste & Aroma • Classic root beer flavor • Vanilla and herbal notes • Crisp sparkling finish Why Choose This Product ✔ 5mg Delta-9 THC + 10mg CBD per can ✔ Sparkling cannabis beverage ✔ Alcohol-free relaxation drink ✔ Nostalgic vanilla-herb sweetness flavor ✔ Vegan, gluten-free, and non-GMO How to Use Start with one can and wait about 30–60 minutes to understand the effects before consuming more.",68,"beverages","< 0.3% THC","5mg","","4-Pack Cans; 12-Pack Case","Sparkling organic carbonated hydration; Fast acting nano-emulsified active cannabinoids; Zero high-fructose corn syrups or artificial color","99.8%","Farm Bill Compliant Phytocannabinoid Profile","Mighty Kind Delta 9 Seltzer – Root Beer 5mg","Mighty Kind Delta 9 Seltzer – Root Beer 5mg delivers a refreshing nostalgic vanilla-herb sweetness flavor infused with hemp-derived cannabinoids, offering a balanced and enjoyable cannabis beverage experience. What's Inside • 5mg Delta-9 THC + 10mg CBD per can (2:1 CBD:THC ratio) • Nostalgic vanilla-herb sweetness flavor • Sparkling Delta-9 THC beverage • Sold individually or by pack","","Mighty Kind Delta 9 Seltzer – Root Beer 5mg",FALSE,FALSE,"64","mighty-kind-delta-9-seltzer-root-beer"
"Barney's Botanicals Delta 8 Gummies Watermelon Zkittles 30ct","Barney's Botanicals Delta 8 Gummies Watermelon Zkittles 30ct brings smooth, clear-headed relaxation through precisely dosed Delta-8 THC gummies in a delicious sweet watermelon zkittles flavor. What's Inside • Delta-8 THC formula • Delicious sweet watermelon zkittles flavor • Precisely dosed for consistent effects • 30-count pack • Third-party lab tested","About This Product Barney's Botanicals Delta 8 Gummies Watermelon Zkittles 30ct provides smooth, clear-headed relaxation through a carefully crafted Delta-8 THC gummy formula. Every gummy is carefully dosed for consistent, dependable results. Available in a delicious sweet watermelon zkittles flavor, these gummies make adding cannabinoids to your daily routine simple and enjoyable — perfect for relaxing after a long day, supporting sleep, or enhancing your overall sense of wellbeing. Made with premium hemp-derived ingredients and rigorously tested for purity and potency, Barney's Botanicals Delta 8 Gummies Watermelon Zkittles 30ct is a trusted choice at TwoBudz, Flower Mound's premier hemp shop. Browse more Delta-8 THC products in our Delta 8 Products collection at TwoBudz in Flower Mound. Taste & Aroma • Watermelon candy flavor • Sweet tropical notes • Smooth clean finish Why Choose This Product ✔ Delta-8 THC formula ✔ Delicious sweet watermelon zkittles flavor ✔ Precisely dosed for consistent, reliable effects ✔ 30-count pack ✔ Third-party lab tested for purity and potency ✔ Made with premium hemp-derived extract How to Use Start with one gummy and wait 30–60 minutes to understand the effects before consuming more.",64.99,"gummies","< 0.3% THC","500mg CBD","","15 Gummy Pack; 30 Gummy Value Pack","Vegan-friendly, delicious real fruit berry juices; Deep body soothing relaxation and tranquil alignment; Consistent dosage block in every bite","99.8%","Farm Bill Compliant Phytocannabinoid Profile","Barney's Botanicals Delta 8 Gummies Watermelon Zkittles 30ct","Barney's Botanicals Delta 8 Gummies Watermelon Zkittles 30ct brings smooth, clear-headed relaxation through precisely dosed Delta-8 THC gummies in a delicious sweet watermelon zkittles flavor. What's Inside • Delta-8 THC formula • Delicious sweet watermelon zkittles flavor • Precisely dosed for consistent effects • 30-count pack • Third-party lab tested","","Barney's Botanicals Delta 8 Gummies Watermelon Zkittles 30ct",FALSE,FALSE,"108","barneys-botanicals-delta-8-gummies-watermelon-zkittles-30ct"
"Lemon THC Light Seltzer – 6 Pack","Lemon THC Light Seltzer – 6 Pack is a premium hemp-derived product available at TwoBudz in Flower Mound, TX. What's Inside • Premium hemp-derived formula • Lab-tested for purity and potency • Consistent, reliable dosing • Available exclusively at TwoBudz, Flower Mound","About This Product Lemon THC Light Seltzer – 6 Pack is a carefully crafted hemp product available at TwoBudz in Flower Mound, TX. Every unit is third-party lab tested to ensure purity, potency, and consistency. TwoBudz is Flower Mound's trusted source for premium hemp-derived products including CBD, Delta-8, Delta-9, and specialty wellness items. We carry only brands we believe in, verified for quality at every step. Why Choose This Product ✔ Premium hemp-derived formula ✔ Third-party lab tested for purity and potency ✔ Precisely dosed for consistent, reliable effects ✔ Available at TwoBudz, Flower Mound, TX How to Use Follow the product label instructions. Start low and go slow, especially if new to hemp products. Consult a healthcare professional if you have any questions about dosage or interactions.",3.99,"beverages","< 0.3% THC","500mg CBD","","4-Pack Cans; 12-Pack Case","Sparkling organic carbonated hydration; Fast acting nano-emulsified active cannabinoids; Zero high-fructose corn syrups or artificial color","99.8%","Farm Bill Compliant Phytocannabinoid Profile","Lemon THC Light Seltzer – 6 Pack","Lemon THC Light Seltzer – 6 Pack is a premium hemp-derived product available at TwoBudz in Flower Mound, TX. What's Inside • Premium hemp-derived formula • Lab-tested for purity and potency • Consistent, reliable dosing • Available exclusively at TwoBudz, Flower Mound","","Lemon THC Light Seltzer – 6 Pack",FALSE,FALSE,"172","lemon-thc-light-seltzer-6-pack"
"Enjoy Live Rosin Delta 9 Gummies Cloud Nine 25ct","Enjoy Live Rosin Delta 9 Gummies Cloud Nine 25ct provides balanced relaxation and euphoria through precisely dosed Delta-9 THC gummies in a delicious dreamy tropical fruit flavor. What's Inside • Delta-9 THC formula • Delicious dreamy tropical fruit flavor • Precisely dosed for consistent effects • 25-count pack • Third-party lab tested","About This Product Enjoy Live Rosin Delta 9 Gummies Cloud Nine 25ct provides balanced relaxation and euphoria through a carefully crafted Delta-9 THC gummy formula. These gummies are crafted with premium live rosin extract for superior terpene preservation and authentic full-plant flavor. Every gummy is carefully dosed for consistent, dependable results. Available in a delicious dreamy tropical fruit flavor, these gummies make adding cannabinoids to your daily routine simple and enjoyable — perfect for relaxing after a long day, supporting sleep, or enhancing your overall sense of wellbeing. Made with premium hemp-derived ingredients and rigorously tested for purity and potency, Enjoy Live Rosin Delta 9 Gummies Cloud Nine 25ct is a trusted choice at TwoBudz, Flower Mound's premier hemp shop. Browse more Delta-9 THC products in our Delta 9 Products collection at TwoBudz in Flower Mound. Taste & Aroma • Tropical fruit candy flavor • Sweet dreamy taste • Smooth clean finish Why Choose This Product ✔ Delta-9 THC formula ✔ Delicious dreamy tropical fruit flavor ✔ Precisely dosed for consistent, reliable effects ✔ 25-count pack ✔ Third-party lab tested for purity and potency ✔ Made with premium hemp-derived extract How to Use Start with one gummy and wait 30–60 minutes to understand the effects before consuming more.",59.99,"gummies","< 0.3% THC","500mg CBD","","15 Gummy Pack; 30 Gummy Value Pack","Vegan-friendly, delicious real fruit berry juices; Deep body soothing relaxation and tranquil alignment; Consistent dosage block in every bite","99.8%","Farm Bill Compliant Phytocannabinoid Profile","Enjoy Live Rosin Delta 9 Gummies Cloud Nine 25ct","Enjoy Live Rosin Delta 9 Gummies Cloud Nine 25ct provides balanced relaxation and euphoria through precisely dosed Delta-9 THC gummies in a delicious dreamy tropical fruit flavor. What's Inside • Delta-9 THC formula • Delicious dreamy tropical fruit flavor • Precisely dosed for consistent effects • 25-count pack • Third-party lab tested","","Enjoy Live Rosin Delta 9 Gummies Cloud Nine 25ct",FALSE,FALSE,"113","enjoy-live-rosin-delta-9-gummies-cloud-nine-25ct"
"Hometown Hero Delta 9 Live Rosin Gummies Blue Dream 10ct","Hometown Hero Delta 9 Live Rosin Gummies Blue Dream 10ct provides balanced relaxation and euphoria through precisely dosed Delta-9 THC gummies in a delicious sweet blueberry and vanilla flavor. What's Inside • Delta-9 THC formula • Delicious sweet blueberry and vanilla flavor • Precisely dosed for consistent effects • 10-count pack • Third-party lab tested","About This Product Hometown Hero Delta 9 Live Rosin Gummies Blue Dream 10ct provides balanced relaxation and euphoria through a carefully crafted Delta-9 THC gummy formula. These gummies are crafted with premium live rosin extract for superior terpene preservation and authentic full-plant flavor. Every gummy is carefully dosed for consistent, dependable results. Available in a delicious sweet blueberry and vanilla flavor, these gummies make adding cannabinoids to your daily routine simple and enjoyable — perfect for relaxing after a long day, supporting sleep, or enhancing your overall sense of wellbeing. Made with premium hemp-derived ingredients and rigorously tested for purity and potency, Hometown Hero Delta 9 Live Rosin Gummies Blue Dream 10ct is a trusted choice at TwoBudz, Flower Mound's premier hemp shop. Browse more Delta-9 THC products in our Delta 9 Products collection at TwoBudz in Flower Mound. Taste & Aroma • Sweet blueberry and vanilla flavor • Light floral notes • Smooth clean finish Why Choose This Product ✔ Delta-9 THC formula ✔ Delicious sweet blueberry and vanilla flavor ✔ Precisely dosed for consistent, reliable effects ✔ 10-count pack ✔ Third-party lab tested for purity and potency ✔ Made with premium hemp-derived extract How to Use Start with one gummy and wait 30–60 minutes to understand the effects before consuming more.",69.99,"gummies","< 0.3% THC","500mg CBD","","10 Gummy Pack","Vegan-friendly, delicious real fruit berry juices; Deep body soothing relaxation and tranquil alignment; Consistent dosage block in every bite","99.8%","Farm Bill Compliant Phytocannabinoid Profile","Hometown Hero Delta 9 Live Rosin Gummies Blue Dream 10ct","Shop Hometown Hero Delta 9 Live Rosin Gummies Blue Dream 10ct. Premium hemp-derived gummies infused with live rosin and Delta 9 for a flavorful edible experience.","Hometown Hero, Live Rosin Gummies, Delta 9 Gummies, Blue Dream, 10 Count, Hemp-Derived, THC Gummies, Live Rosin, Hemp Gummies, Edibles, Premium Gummies, Wellness","Hometown Hero Delta 9 Live Rosin Gummies Blue Dream 10-count hemp-derived gummy package",FALSE,FALSE,"119","hometown-hero-delta-9-live-rosin-gummies-blue-dream-10ct"
"Urb D8/D9 THC Gummies 3500mg – Sour Waterberry","Urb D8/D9 THC Gummies 3500mg – Sour Waterberry provides balanced relaxation and euphoria through precisely dosed Delta-9 THC gummies in a delicious sour waterberry flavor. What's Inside • 3500mg total Delta-9 THC • Delicious sour waterberry flavor • Precisely dosed for consistent effects • 3500mg total • Third-party lab tested","About This Product Urb D8/D9 THC Gummies 3500mg – Sour Waterberry provides balanced relaxation and euphoria through a carefully crafted Delta-9 THC gummy formula. Every gummy is carefully dosed for consistent, dependable results. Available in a delicious sour waterberry flavor, these gummies make adding cannabinoids to your daily routine simple and enjoyable — perfect for relaxing after a long day, supporting sleep, or enhancing your overall sense of wellbeing. Made with premium hemp-derived ingredients and rigorously tested for purity and potency, Urb D8/D9 THC Gummies 3500mg – Sour Waterberry is a trusted choice at TwoBudz, Flower Mound's premier hemp shop. Browse more Delta-9 THC products in our Delta 9 Products collection at TwoBudz in Flower Mound. Taste & Aroma • Sour waterberry flavor • Tart refreshing taste • Smooth clean finish Why Choose This Product ✔ 3500mg total Delta-9 THC ✔ Delicious sour waterberry flavor ✔ Precisely dosed for consistent, reliable effects ✔ 3500mg total ✔ Third-party lab tested for purity and potency ✔ Made with premium hemp-derived extract How to Use Start with one gummy and wait 30–60 minutes to understand the effects before consuming more.",47.99,"gummies","10mg Delta-9 THC","3500mg","","15 Gummy Pack; 30 Gummy Value Pack","Vegan-friendly, delicious real fruit berry juices; Deep body soothing relaxation and tranquil alignment; Consistent dosage block in every bite","99.8%","Farm Bill Compliant Phytocannabinoid Profile","Urb D8/D9 THC Gummies 3500mg – Sour Waterberry","Urb D8/D9 THC Gummies 3500mg – Sour Waterberry provides balanced relaxation and euphoria through precisely dosed Delta-9 THC gummies in a delicious sour waterberry flavor. What's Inside • 3500mg total Delta-9 THC • Delicious sour waterberry flavor • Precisely dosed for consistent effects • 3500mg total • Third-party lab tested","","Urb D8/D9 THC Gummies 3500mg – Sour Waterberry",FALSE,FALSE,"50","urb-d8-d9-thc-gummies-3500mg-sour-waterberry"
"Barney's Botanicals Delta 9 Gummies 12mg","Barney's Botanicals Delta 9 Gummies 12mg provides balanced relaxation and euphoria through precisely dosed Delta-9 THC gummies in a delicious mixed fruit candy flavor. What's Inside • 12mg total Delta-9 THC • Delicious mixed fruit candy flavor • Precisely dosed for consistent effects • 12mg total • Third-party lab tested","About This Product Barney's Botanicals Delta 9 Gummies 12mg provides balanced relaxation and euphoria through a carefully crafted Delta-9 THC gummy formula. Every gummy is carefully dosed for consistent, dependable results. Available in a delicious mixed fruit candy flavor, these gummies make adding cannabinoids to your daily routine simple and enjoyable — perfect for relaxing after a long day, supporting sleep, or enhancing your overall sense of wellbeing. Made with premium hemp-derived ingredients and rigorously tested for purity and potency, Barney's Botanicals Delta 9 Gummies 12mg is a trusted choice at TwoBudz, Flower Mound's premier hemp shop. Browse more Delta-9 THC products in our Delta 9 Products collection at TwoBudz in Flower Mound. Taste & Aroma • Mixed fruit candy flavor • Sweet balanced taste • Smooth clean finish Why Choose This Product ✔ 12mg total Delta-9 THC ✔ Delicious mixed fruit candy flavor ✔ Precisely dosed for consistent, reliable effects ✔ 12mg total ✔ Third-party lab tested for purity and potency ✔ Made with premium hemp-derived extract How to Use Start with one gummy and wait 30–60 minutes to understand the effects before consuming more.",37.99,"gummies","< 0.3% THC","12mg","","15 Gummy Pack; 30 Gummy Value Pack","Vegan-friendly, delicious real fruit berry juices; Deep body soothing relaxation and tranquil alignment; Consistent dosage block in every bite","99.8%","Farm Bill Compliant Phytocannabinoid Profile","Barney's Botanicals Delta 9 Gummies 12mg","Barney's Botanicals Delta 9 Gummies 12mg provides balanced relaxation and euphoria through precisely dosed Delta-9 THC gummies in a delicious mixed fruit candy flavor. What's Inside • 12mg total Delta-9 THC • Delicious mixed fruit candy flavor • Precisely dosed for consistent effects • 12mg total • Third-party lab tested","","Barney's Botanicals Delta 9 Gummies 12mg",FALSE,FALSE,"125","barneys-botanicals-delta-9-gummies-12mg"
"Zig-Zag Papers","Zig-Zag Papers — quality Zig-Zag rolling papers for a smooth, even burn with your favorite hemp or herbal blend. What's Inside • Zig-Zag brand rolling papers • Thin, even burn • Natural plant-based materials • Easy to roll • Affordable everyday essential","About This Product Zig-Zag Papers from Zig-Zag are a staple rolling accessory for hemp and herbal enthusiasts. Crafted for a smooth, consistent burn and easy rolling, these papers are made from natural plant-based materials that complement your preferred blend without altering its flavor. Thin, light, and consistently cut, Zig-Zag papers are trusted by users worldwide for their reliability and quality at an unbeatable price point. Available at TwoBudz as a convenient add-on to your accessories collection. Why Choose This Product ✔ Zig-Zag brand rolling papers ✔ Thin for a smooth, even burn ✔ Natural plant-based materials ✔ Easy-to-roll design ✔ Affordable everyday essential How to Use Use with your preferred hemp flower or herbal blend. Roll evenly and enjoy responsibly.",2.99,"cbd-oils","< 0.3% THC","500mg CBD","","30ml Dropper Bottle; 60ml Value Pack","High-potency sublingual absorption profile; Organically cured cold-pressed MCT compound base; Fast restorative action to manage daily tension","99.8%","Farm Bill Compliant Phytocannabinoid Profile","Zig-Zag Papers","Zig-Zag Papers — quality Zig-Zag rolling papers for a smooth, even burn with your favorite hemp or herbal blend. What's Inside • Zig-Zag brand rolling papers • Thin, even burn • Natural plant-based materials • Easy to roll • Affordable everyday essential","","Zig-Zag Papers",FALSE,FALSE,"149","zig-zag-papers"
"Enjoy – Delta 8 Gummy Blue Raspberry Euphoria – 50mg","Enjoy – Delta 8 Gummy Blue Raspberry Euphoria – 50mg brings smooth, clear-headed relaxation through precisely dosed Delta-8 THC gummies in a delicious bold blue raspberry flavor. What's Inside • 50mg total Delta-8 THC • Delicious bold blue raspberry flavor • Precisely dosed for consistent effects • 50mg total • Third-party lab tested","About This Product Enjoy – Delta 8 Gummy Blue Raspberry Euphoria – 50mg provides smooth, clear-headed relaxation through a carefully crafted Delta-8 THC gummy formula. Every gummy is carefully dosed for consistent, dependable results. Available in a delicious bold blue raspberry flavor, these gummies make adding cannabinoids to your daily routine simple and enjoyable — perfect for relaxing after a long day, supporting sleep, or enhancing your overall sense of wellbeing. Made with premium hemp-derived ingredients and rigorously tested for purity and potency, Enjoy – Delta 8 Gummy Blue Raspberry Euphoria – 50mg is a trusted choice at TwoBudz, Flower Mound's premier hemp shop. Browse more Delta-8 THC products in our Delta 8 Products collection at TwoBudz in Flower Mound. Taste & Aroma • Bold blue raspberry candy flavor • Sweet and tart balance • Smooth fruity finish Why Choose This Product ✔ 50mg total Delta-8 THC ✔ Delicious bold blue raspberry flavor ✔ Precisely dosed for consistent, reliable effects ✔ 50mg total ✔ Third-party lab tested for purity and potency ✔ Made with premium hemp-derived extract How to Use Start with one gummy and wait 30–60 minutes to understand the effects before consuming more.",79.99,"gummies","< 0.3% THC","50mg","","15 Gummy Pack; 30 Gummy Value Pack","Vegan-friendly, delicious real fruit berry juices; Deep body soothing relaxation and tranquil alignment; Consistent dosage block in every bite","99.8%","Farm Bill Compliant Phytocannabinoid Profile","Enjoy – Delta 8 Gummy Blue Raspberry Euphoria – 50mg","Enjoy – Delta 8 Gummy Blue Raspberry Euphoria – 50mg brings smooth, clear-headed relaxation through precisely dosed Delta-8 THC gummies in a delicious bold blue raspberry flavor. What's Inside • 50mg total Delta-8 THC • Delicious bold blue raspberry flavor • Precisely dosed for consistent effects • 50mg total • Third-party lab tested","","Enjoy – Delta 8 Gummy Blue Raspberry Euphoria – 50mg",FALSE,FALSE,"164","enjoy-delta-8-gummy-blue-raspberry-euphoria-50-mg-30-ct"
"Doggy Be Good: Joint Formula Dog Treat","Doggy Be Good: Joint Formula Dog Treat provides joint comfort, mobility, and active aging for your dog in a delicious natural treat they'll love. What's Inside • 100mg CBD per package • Natural flavor • Soft chew treat format • Pet-safe hemp-derived CBD • Third-party lab tested","About This Product Doggy Be Good: Joint Formula Dog Treat offers a tasty, convenient way to support your dog's joint comfort, mobility, and active aging. Made with premium hemp-derived CBD and crafted specifically for dogs, these treats make it easy to incorporate cannabinoids into your pet's daily routine. Each treat is formulated with pet-safe ingredients and comes in a natural flavor that dogs enjoy, making daily dosing stress-free for both you and your pet. Available at TwoBudz, these CBD dog treats are lab tested and trusted by pet owners. Taste & Aroma • Natural flavor dogs love • Soft and easy to chew • Made with pet-safe ingredients Why Choose This Product ✔ 100mg CBD per package ✔ Natural flavor dogs love ✔ Supports joint comfort, mobility, and active aging ✔ Soft, easy-to-chew treat format ✔ Pet-safe hemp-derived CBD ✔ Third-party lab tested for purity How to Use Give your dog the recommended number of treats based on their weight. Consult your veterinarian before adding any supplement to your pet's diet.",39.99,"pets","< 0.3% THC","500mg CBD","","30ml Dropper Bottle","Vet-approved 100% safe broad-spectrum base; Delectable natural flavors pet easily swallows; Relief from thunder storms and joint stiffness","99.8%","Farm Bill Compliant Phytocannabinoid Profile","Doggy Be Good: Joint Formula Dog Treat","Doggy Be Good: Joint Formula Dog Treat provides joint comfort, mobility, and active aging for your dog in a delicious natural treat they'll love. What's Inside • 100mg CBD per package • Natural flavor • Soft chew treat format • Pet-safe hemp-derived CBD • Third-party lab tested","","Doggy Be Good: Joint Formula Dog Treat",FALSE,FALSE,"155","doggy-be-good-joint-formula-dog-treat"
"Delta 8 Focus Tincture – 1600 mg","Delta 8 Focus Tincture – 1600 mg delivers focused mental energy and motivation through a premium 1600mg Delta-8 THC tincture formula. What's Inside • 1600mg Delta-8 THC per bottle • Focus blend formula • Hemp-derived Delta-8 THC • Precision dropper dosing • Third-party lab tested","About This Product Delta 8 Focus Tincture – 1600 mg offers focused mental energy and motivation through a carefully crafted Delta-8 THC tincture. With 1600mg of hemp-derived Delta-8 THC per bottle, this tincture provides a smooth, approachable alternative to Delta-9 THC products. The Focus formula is designed for those seeking the benefits of Delta-8 with predictable, manageable effects. Each bottle includes a precision dropper for accurate dosing. Available at TwoBudz, this Delta-8 tincture is lab tested and crafted for quality. Taste & Aroma • Natural hemp flavor • Smooth oil texture • Clean earthy finish Why Choose This Product ✔ 1600mg Delta-8 THC per bottle ✔ Focus blend formula ✔ Hemp-derived Delta-8 THC ✔ Precision dropper for accurate dosing ✔ Third-party lab tested for purity and potency How to Use Take 0.5–1ml under the tongue, hold for 60 seconds, then swallow. Start with a small amount and wait 30–60 minutes before increasing.",44.99,"cbd-oils","< 0.3% THC","500mg CBD","","30ml Dropper Bottle; 60ml Value Pack","High-potency sublingual absorption profile; Organically cured cold-pressed MCT compound base; Fast restorative action to manage daily tension","99.8%","Farm Bill Compliant Phytocannabinoid Profile","Delta 8 Focus Tincture – 1600 mg","Delta 8 Focus Tincture – 1600 mg delivers focused mental energy and motivation through a premium 1600mg Delta-8 THC tincture formula. What's Inside • 1600mg Delta-8 THC per bottle • Focus blend formula • Hemp-derived Delta-8 THC • Precision dropper dosing • Third-party lab tested","","Delta 8 Focus Tincture – 1600 mg",FALSE,FALSE,"153","delta-8-focus-tincture"
"Lunchbox Alchemy – THC Free – 30ct","Lunchbox Alchemy – THC Free – 30ct supports everyday wellness — now available at TwoBudz in Flower Mound, TX and calm balance through precisely dosed CBD gummies in a delicious mixed fruit candy flavor. What's Inside • CBD formula • Delicious mixed fruit candy flavor • Precisely dosed for consistent effects • 30-count pack • Third-party lab tested","About This Product Lunchbox Alchemy – THC Free – 30ct supports daily balance and wellbeing through a thoughtfully formulated CBD gummy formula. Every gummy is carefully dosed for consistent, dependable results. Available in a delicious mixed fruit candy flavor, these gummies make adding cannabinoids to your daily routine simple and enjoyable — perfect for relaxing after a long day, supporting sleep, or enhancing your overall sense of wellbeing. Made with premium hemp-derived ingredients and rigorously tested for purity and potency, Lunchbox Alchemy – THC Free – 30ct is a trusted choice at TwoBudz, Flower Mound's premier hemp shop. Browse more CBD products in our CBD Products collection at TwoBudz in Flower Mound. Taste & Aroma • Mixed fruit candy flavor • Sweet balanced taste • Smooth clean finish Why Choose This Product ✔ CBD formula ✔ Delicious mixed fruit candy flavor ✔ Precisely dosed for consistent, reliable effects ✔ 30-count pack ✔ Third-party lab tested for purity and potency ✔ Made with premium hemp-derived extract How to Use Start with one gummy and wait 30–60 minutes to understand the effects before consuming more.",64.99,"cbd-oils","0.0% THC (Zero THC)","500mg CBD","","30ml Dropper Bottle; 60ml Value Pack","High-potency sublingual absorption profile; Organically cured cold-pressed MCT compound base; Fast restorative action to manage daily tension","99.8%","Farm Bill Compliant Phytocannabinoid Profile","Lunchbox Alchemy – THC Free – 30ct","Lunchbox Alchemy – THC Free – 30ct supports everyday wellness — now available at TwoBudz in Flower Mound, TX and calm balance through precisely dosed CBD gummies in a delicious mixed fruit candy flavor. What's Inside • CBD formula • Delicious mixed fruit candy flavor • Precisely dosed for consistent effects • 30-count pack • Third-party lab tested","","Lunchbox Alchemy – THC Free – 30ct",FALSE,FALSE,"159","lunchbox-alchemy-thc-free-30ct-50mg-1500mg"
"Little Saints Non-Alcoholic Cocktails – Spicy Margarita","Little Saints Non-Alcoholic Cocktails – Spicy Margarita delivers a bold margarita experience with heat with tangy lime with a spicy kick flavor notes, crafted for mindful social enjoyment without alcohol. What's Inside • Alcohol-free premium cocktail • Tangy lime with a spicy kick flavor profile • Infused with functional botanicals • Ready-to-drink format • Zero ABV","About This Product Little Saints Non-Alcoholic Cocktails – Spicy Margarita by Little Saints offers a bold margarita experience with heat, delivering the complexity and flavor of a crafted cocktail without a drop of alcohol. Featuring tangy lime with a spicy kick notes, this non-alcoholic beverage is infused with functional botanicals for a mindful drinking experience. Whether you're taking a break from alcohol, designated driving, or simply choosing a healthier lifestyle, Little Saints provides an elegant alternative that doesn't sacrifice taste or the social experience. Discover our full Non-Alcoholic Cocktails collection at TwoBudz in Flower Mound. Taste & Aroma • Zesty lime with a warming chili finish • Complex botanical layering • Clean, crisp finish Why Choose This Product ✔ Alcohol-free premium cocktail ✔ Tangy lime with a spicy kick flavor profile ✔ Infused with functional botanicals ✔ Ready-to-drink convenience ✔ Zero ABV ✔ Mindful alternative to alcohol How to Use Serve chilled over ice or straight from the bottle. Perfect as a standalone drink or as a mocktail base for your favorite recipes.",60,"cbd-oils","< 0.3% THC","500mg CBD","","30ml Dropper Bottle; 60ml Value Pack","High-potency sublingual absorption profile; Organically cured cold-pressed MCT compound base; Fast restorative action to manage daily tension","99.8%","Farm Bill Compliant Phytocannabinoid Profile","Little Saints Non-Alcoholic Cocktails – Spicy Margarita","Little Saints Non-Alcoholic Cocktails – Spicy Margarita delivers a bold margarita experience with heat with tangy lime with a spicy kick flavor notes, crafted for mindful social enjoyment without alcohol. What's Inside • Alcohol-free premium cocktail • Tangy lime with a spicy kick flavor profile • Infused with functional botanicals • Ready-to-drink format • Zero ABV","","Little Saints Non-Alcoholic Cocktails – Spicy Margarita",FALSE,FALSE,"58","little-saints-non-alcoholic-cocktails-spicy-margarita"
"Delta 8 Gummies","Delta 8 Gummies brings smooth, clear-headed relaxation through precisely dosed Delta-8 THC gummies in a delicious mixed fruit candy flavor. What's Inside • Delta-8 THC formula • Delicious mixed fruit candy flavor • Precisely dosed for consistent effects • resealable pack • Third-party lab tested","About This Product Delta 8 Gummies provides smooth, clear-headed relaxation through a carefully crafted Delta-8 THC gummy formula. Every gummy is carefully dosed for consistent, dependable results. Available in a delicious mixed fruit candy flavor, these gummies make adding cannabinoids to your daily routine simple and enjoyable — perfect for relaxing after a long day, supporting sleep, or enhancing your overall sense of wellbeing. Made with premium hemp-derived ingredients and rigorously tested for purity and potency, Delta 8 Gummies is a trusted choice at TwoBudz, Flower Mound's premier hemp shop. Browse more Delta-8 THC products in our Delta 8 Products collection at TwoBudz in Flower Mound. Taste & Aroma • Mixed fruit candy flavor • Sweet balanced taste • Smooth clean finish Why Choose This Product ✔ Delta-8 THC formula ✔ Delicious mixed fruit candy flavor ✔ Precisely dosed for consistent, reliable effects ✔ Resealable pack ✔ Third-party lab tested for purity and potency ✔ Made with premium hemp-derived extract How to Use Start with one gummy and wait 30–60 minutes to understand the effects before consuming more.",39.99,"gummies","< 0.3% THC","500mg CBD","","15 Gummy Pack; 30 Gummy Value Pack","Vegan-friendly, delicious real fruit berry juices; Deep body soothing relaxation and tranquil alignment; Consistent dosage block in every bite","99.8%","Farm Bill Compliant Phytocannabinoid Profile","Delta 8 Gummies","Delta 8 Gummies brings smooth, clear-headed relaxation through precisely dosed Delta-8 THC gummies in a delicious mixed fruit candy flavor. What's Inside • Delta-8 THC formula • Delicious mixed fruit candy flavor • Precisely dosed for consistent effects • resealable pack • Third-party lab tested","","Delta 8 Gummies",FALSE,FALSE,"154","delta-8-gummies"
"Enjoy CBD/CBG Gummies 3300mg – Relief","Enjoy CBD/CBG Gummies 3300mg – Relief offers precise relief and balanced wellness through precisely dosed CBD + CBG gummies in a delicious soothing mixed fruit flavor. What's Inside • 3300mg total CBD + CBG • Delicious soothing mixed fruit flavor • Precisely dosed for consistent effects • 3300mg total • Third-party lab tested","About This Product Enjoy CBD/CBG Gummies 3300mg – Relief provides targeted relief and balanced wellness through a carefully crafted CBD + CBG gummy formula. Every gummy is carefully dosed for consistent, dependable results. Available in a delicious soothing mixed fruit flavor, these gummies make adding cannabinoids to your daily routine simple and enjoyable — perfect for relaxing after a long day, supporting sleep, or enhancing your overall sense of wellbeing. Made with premium hemp-derived ingredients and rigorously tested for purity and potency, Enjoy CBD/CBG Gummies 3300mg – Relief is a trusted choice at TwoBudz, Flower Mound's premier hemp shop. Browse more CBD + CBG products in our CBD Products collection at TwoBudz in Flower Mound. Taste & Aroma • Mixed fruit candy flavor • Light sweet taste • Smooth clean finish Why Choose This Product ✔ 3300mg total CBD + CBG ✔ Delicious soothing mixed fruit flavor ✔ Precisely dosed for consistent, reliable effects ✔ 3300mg total ✔ Third-party lab tested for purity and potency ✔ Made with premium hemp-derived extract How to Use Start with one gummy and wait 30–60 minutes to understand the effects before consuming more.",69.99,"gummies","< 0.3% THC","3300mg","","30 Gummies","Vegan-friendly, delicious real fruit berry juices; Deep body soothing relaxation and tranquil alignment; Consistent dosage block in every bite","99.8%","Farm Bill Compliant Phytocannabinoid Profile","Enjoy CBD/CBG Gummies 3300mg for Relief","Shop Enjoy CBD/CBG Gummies 3300mg for Relief. Full-spectrum hemp gummies with CBD, CBG, turmeric, and Panax ginseng for everyday wellness support.","Enjoy Hemp, CBD Gummies, CBG Gummies, 3300mg CBD, Full Spectrum CBD, Relief Gummies, Hemp-Derived, Turmeric, Panax Ginseng, Wellness, Daily Support, Mixed Fruit","Enjoy CBD/CBG Gummies 3300mg Relief full-spectrum hemp gummies bottle",FALSE,FALSE,"30","enjoy-cbd-cbg-gummies-3300mg-relief"
"Mighty Kind Delta 9 Seltzer Heady Lemon 10mg","Mighty Kind Delta 9 Seltzer Heady Lemon 10mg delivers a refreshing bright zesty citrus flavor infused with hemp-derived cannabinoids, offering a balanced and enjoyable cannabis beverage experience. What's Inside • 10mg Delta-9 THC per can • Bright zesty citrus flavor • Sparkling Delta-9 THC beverage • Sold individually or by pack","About This Product Mighty Kind Delta 9 Seltzer Heady Lemon 10mg combines the bold flavor of fresh lemon with hemp-derived cannabinoids to create a refreshing sparkling cannabis beverage. Each can contains 10mg of hemp-derived Delta-9 THC, providing a balanced cannabis experience designed for relaxation and enjoyment. The bright zesty citrus pairs perfectly with crisp carbonation, delivering a refreshing drink that can be enjoyed chilled or served as a mocktail alternative. This Delta-9 THC beverage provides a flavorful way to unwind without alcohol. Made with natural fruit juice and hemp extract, this beverage is crafted to deliver consistent quality and smooth effects for social gatherings or relaxing evenings. Browse more Delta-9 THC-infused beverages in our THC Drinks collection at TwoBudz in Flower Mound. Taste & Aroma • Bright lemon citrus flavor • Light sweet notes • Crisp sparkling finish Why Choose This Product ✔ 10mg Delta-9 THC per can ✔ Sparkling cannabis beverage ✔ Alcohol-free relaxation drink ✔ Bright zesty citrus flavor ✔ Vegan, gluten-free, and non-GMO How to Use Start with one can and wait about 30–60 minutes to understand the effects before consuming more.",95.99,"beverages","< 0.3% THC","10mg","","4-Pack Cans; 12-Pack Case","Sparkling organic carbonated hydration; Fast acting nano-emulsified active cannabinoids; Zero high-fructose corn syrups or artificial color","99.8%","Farm Bill Compliant Phytocannabinoid Profile","Mighty Kind Delta 9 Seltzer Heady Lemon 10mg","Mighty Kind Delta 9 Seltzer Heady Lemon 10mg delivers a refreshing bright zesty citrus flavor infused with hemp-derived cannabinoids, offering a balanced and enjoyable cannabis beverage experience. What's Inside • 10mg Delta-9 THC per can • Bright zesty citrus flavor • Sparkling Delta-9 THC beverage • Sold individually or by pack","","Mighty Kind Delta 9 Seltzer Heady Lemon 10mg",FALSE,FALSE,"90","mighty-kind-delta-9-seltzer-heady-lemon-10mg"
"Two Budz Curated Pre-Roll Flight Pack","Convenient, slow-burning premium hemp flower pre-rolls in a beautifully styled protective metal case.","Crafted for connoisseurs, this pack contains 5 individually rolled, half-gram pre-rolls featuring our top boutique hemp flower strains (Sour Space Candy, Lifter, Bubba Kush). Rolled in premium organic unbleached flax papers to ensure a smooth, clean, slow burn without any synthetic flavorings.",24.99,"flower","< 0.3% THC","15% CBD Content","","5-Pack Flight Case","Ready to enjoy immediately with airtight protection; Diverse strain varieties to explore day and night effects; Clean, smooth burn with no paper taste or uneven trailing","99.9%","Raw Farm Bill compliant hemp blend","Two Budz Curated Pre-Roll Flight Pack","Convenient, slow-burning premium hemp flower pre-rolls in a beautifully styled protective metal case.","","Two Budz Curated Pre-Roll Flight Pack",FALSE,TRUE,"pre-roll-flight-pack","two-budz-curated-pre-roll-flight-pack"
"Hometown Hero Delta 9 Fruity Rainbow Cereal Bites","Hometown Hero Delta 9 Fruity Rainbow Cereal Bites provides balanced relaxation and euphoria through precisely dosed Delta-9 THC gummies in a delicious nostalgic fruity rainbow cereal flavor. What's Inside • Delta-9 THC formula • Delicious nostalgic fruity rainbow cereal flavor • Precisely dosed for consistent effects • resealable pack • Third-party lab tested","About This Product Hometown Hero Delta 9 Fruity Rainbow Cereal Bites provides balanced relaxation and euphoria through a carefully crafted Delta-9 THC gummy formula. Every gummy is carefully dosed for consistent, dependable results. Available in a delicious nostalgic fruity rainbow cereal flavor, these gummies make adding cannabinoids to your daily routine simple and enjoyable — perfect for relaxing after a long day, supporting sleep, or enhancing your overall sense of wellbeing. Made with premium hemp-derived ingredients and rigorously tested for purity and potency, Hometown Hero Delta 9 Fruity Rainbow Cereal Bites is a trusted choice at TwoBudz, Flower Mound's premier hemp shop. Browse more Delta-9 THC products in our Delta 9 Products collection at TwoBudz in Flower Mound. Taste & Aroma • Nostalgic fruity cereal flavor • Sweet milk-soaked taste • Smooth clean finish Why Choose This Product ✔ Delta-9 THC formula ✔ Delicious nostalgic fruity rainbow cereal flavor ✔ Precisely dosed for consistent, reliable effects ✔ Resealable pack ✔ Third-party lab tested for purity and potency ✔ Made with premium hemp-derived extract How to Use Start with one gummy and wait 30–60 minutes to understand the effects before consuming more.",49.99,"edibles","< 0.3% THC","500mg CBD","","15 Gummy Pack(15 Pieces)","Vegan-friendly, delicious real fruit berry juices; Deep body soothing relaxation and tranquil alignment; Consistent dosage block in every bite","99.8%","Farm Bill Compliant Phytocannabinoid Profile","Hometown Hero Delta 9 Fruity Rainbow Cereal Bites","Shop Hometown Hero Delta 9 Fruity Rainbow Cereal Bites. Premium hemp-derived Delta 9 cereal bites with a fruity flavor for a delicious edible experience.","Hometown Hero, Delta 9, Fruity Rainbow, Cereal Bites, THC Edibles, Hemp-Derived, Delta 9 Edibles, Hemp Snacks, Premium Edibles, Fruity Flavor, Wellness, Cannabis Edibles","Hometown Hero Delta 9 Fruity Rainbow Cereal Bites hemp-derived edible package",FALSE,FALSE,"73","hometown-hero-delta-9-fruity-rainbow-cereal-bites"
"Enjoy – Delta 8 Gummy Pineapple Relaxation – 50mg","Enjoy – Delta 8 Gummy Pineapple Relaxation – 50mg brings smooth, clear-headed relaxation through precisely dosed Delta-8 THC gummies in a delicious tropical pineapple flavor. What's Inside • 50mg total Delta-8 THC • Delicious tropical pineapple flavor • Precisely dosed for consistent effects • 50mg total • Third-party lab tested","About This Product Enjoy – Delta 8 Gummy Pineapple Relaxation – 50mg provides smooth, clear-headed relaxation through a carefully crafted Delta-8 THC gummy formula. Every gummy is carefully dosed for consistent, dependable results. Available in a delicious tropical pineapple flavor, these gummies make adding cannabinoids to your daily routine simple and enjoyable — perfect for relaxing after a long day, supporting sleep, or enhancing your overall sense of wellbeing. Made with premium hemp-derived ingredients and rigorously tested for purity and potency, Enjoy – Delta 8 Gummy Pineapple Relaxation – 50mg is a trusted choice at TwoBudz, Flower Mound's premier hemp shop. Browse more Delta-8 THC products in our Delta 8 Products collection at TwoBudz in Flower Mound. Taste & Aroma • Tropical pineapple candy flavor • Sweet juicy taste • Smooth clean finish Why Choose This Product ✔ 50mg total Delta-8 THC ✔ Delicious tropical pineapple flavor ✔ Precisely dosed for consistent, reliable effects ✔ 50mg total ✔ Third-party lab tested for purity and potency ✔ Made with premium hemp-derived extract How to Use Start with one gummy and wait 30–60 minutes to understand the effects before consuming more.",79.99,"gummies","< 0.3% THC","50mg","","15 Gummy Pack; 30 Gummy Value Pack","Vegan-friendly, delicious real fruit berry juices; Deep body soothing relaxation and tranquil alignment; Consistent dosage block in every bite","99.8%","Farm Bill Compliant Phytocannabinoid Profile","Enjoy – Delta 8 Gummy Pineapple Relaxation – 50mg","Enjoy – Delta 8 Gummy Pineapple Relaxation – 50mg brings smooth, clear-headed relaxation through precisely dosed Delta-8 THC gummies in a delicious tropical pineapple flavor. What's Inside • 50mg total Delta-8 THC • Delicious tropical pineapple flavor • Precisely dosed for consistent effects • 50mg total • Third-party lab tested","","Enjoy – Delta 8 Gummy Pineapple Relaxation – 50mg",FALSE,FALSE,"163","enjoy-delta-8-gummy-pineapple-relaxation-50-mg-30-count"
"3Chi Delta 8 THC Gummies – Black Raspberry 25mg","3Chi Delta 8 THC Gummies – Black Raspberry 25mg brings smooth, clear-headed relaxation through precisely dosed Delta-8 THC gummies in a delicious bold black raspberry flavor. What's Inside • 25mg total Delta-8 THC • Delicious bold black raspberry flavor • Precisely dosed for consistent effects • 25mg total • Third-party lab tested","About This Product 3Chi Delta 8 THC Gummies – Black Raspberry 25mg provides smooth, clear-headed relaxation through a carefully crafted Delta-8 THC gummy formula. Every gummy is carefully dosed for consistent, dependable results. Available in a delicious bold black raspberry flavor, these gummies make adding cannabinoids to your daily routine simple and enjoyable — perfect for relaxing after a long day, supporting sleep, or enhancing your overall sense of wellbeing. Made with premium hemp-derived ingredients and rigorously tested for purity and potency, 3Chi Delta 8 THC Gummies – Black Raspberry 25mg is a trusted choice at TwoBudz, Flower Mound's premier hemp shop. Browse more Delta-8 THC products in our Delta 8 Products collection at TwoBudz in Flower Mound. Taste & Aroma • Bold black raspberry candy flavor • Sweet-tart balance • Smooth clean finish Why Choose This Product ✔ 25mg total Delta-8 THC ✔ Delicious bold black raspberry flavor ✔ Precisely dosed for consistent, reliable effects ✔ 25mg total ✔ Third-party lab tested for purity and potency ✔ Made with premium hemp-derived extract How to Use Start with one gummy and wait 30–60 minutes to understand the effects before consuming more.",39.99,"gummies","< 0.3% THC","25mg","","15 Gummy Pack; 30 Gummy Value Pack","Vegan-friendly, delicious real fruit berry juices; Deep body soothing relaxation and tranquil alignment; Consistent dosage block in every bite","99.8%","Farm Bill Compliant Phytocannabinoid Profile","3Chi Delta 8 THC Gummies – Black Raspberry 25mg","3Chi Delta 8 THC Gummies – Black Raspberry 25mg brings smooth, clear-headed relaxation through precisely dosed Delta-8 THC gummies in a delicious bold black raspberry flavor. What's Inside • 25mg total Delta-8 THC • Delicious bold black raspberry flavor • Precisely dosed for consistent effects • 25mg total • Third-party lab tested","","3Chi Delta 8 THC Gummies – Black Raspberry 25mg",FALSE,FALSE,"169","3chi-delta-8-thc-gummies-black-raspberry-25mg"
"JustCBD CBD Tincture For Cats 500mg – Tuna","JustCBD CBD Tincture For Cats 500mg – Tuna offers precise CBD support for your cat's wellness in a tuna flavor they'll love. What's Inside • 500mg CBD per bottle • Tuna flavor cats love • Easy-to-use dropper • Broad-spectrum hemp CBD • Third-party lab tested","About This Product JustCBD CBD Tincture For Cats 500mg – Tuna gives cat owners an easy, reliable way to support their feline companion's overall wellness. Formulated with high-quality broad-spectrum hemp CBD, this tincture is designed with pets in mind — featuring a palatable tuna flavor that even picky cats enjoy. Every bottle holds 500mg of premium CBD, making it easy to dial in the right serving size using the convenient dropper applicator. Whether you're looking to support calm behavior, joint comfort, or general wellness, this CBD tincture for cats is a trusted choice at TwoBudz, Flower Mound's premier hemp shop. Taste & Aroma • Tuna flavor • Palatable for picky cats • Smooth oil finish Why Choose This Product ✔ 500mg CBD per bottle ✔ Tuna flavor cats love ✔ Easy-to-use precision dropper ✔ Broad-spectrum — no THC ✔ Pet-safe hemp-derived CBD ✔ Third-party lab tested for purity How to Use Add the recommended amount to your cat's food or directly to their mouth based on their weight. Consult your veterinarian before use.",49.99,"pets","< 0.3% THC","500mg","","30ml Dropper Bottle","Vet-approved 100% safe broad-spectrum base; Delectable natural flavors pet easily swallows; Relief from thunder storms and joint stiffness","99.8%","Farm Bill Compliant Phytocannabinoid Profile","JustCBD CBD Tincture For Cats 500mg – Tuna","JustCBD CBD Tincture For Cats 500mg – Tuna offers precise CBD support for your cat's wellness in a tuna flavor they'll love. What's Inside • 500mg CBD per bottle • Tuna flavor cats love • Easy-to-use dropper • Broad-spectrum hemp CBD • Third-party lab tested","","JustCBD CBD Tincture For Cats 500mg – Tuna",FALSE,FALSE,"2","justcbd-cbd-tincture-for-cats-500mg-tuna"
"Black Currant THC Seltzer – 6 Pack","Black Currant THC Seltzer – 6 Pack is a premium hemp-derived product available at TwoBudz in Flower Mound, TX. What's Inside • Premium hemp-derived formula • Lab-tested for purity and potency • Consistent, reliable dosing • Available exclusively at TwoBudz, Flower Mound","About This Product Black Currant THC Seltzer – 6 Pack is a carefully crafted hemp product available at TwoBudz in Flower Mound, TX. Every unit is third-party lab tested to ensure purity, potency, and consistency. TwoBudz is Flower Mound's trusted source for premium hemp-derived products including CBD, Delta-8, Delta-9, and specialty wellness items. We carry only brands we believe in, verified for quality at every step. Why Choose This Product ✔ Premium hemp-derived formula ✔ Third-party lab tested for purity and potency ✔ Precisely dosed for consistent, reliable effects ✔ Available at TwoBudz, Flower Mound, TX How to Use Follow the product label instructions. Start low and go slow, especially if new to hemp products. Consult a healthcare professional if you have any questions about dosage or interactions.",5.49,"beverages","< 0.3% THC","500mg CBD","","4-Pack Cans; 12-Pack Case","Sparkling organic carbonated hydration; Fast acting nano-emulsified active cannabinoids; Zero high-fructose corn syrups or artificial color","99.8%","Farm Bill Compliant Phytocannabinoid Profile","Black Currant THC Seltzer – 6 Pack","Black Currant THC Seltzer – 6 Pack is a premium hemp-derived product available at TwoBudz in Flower Mound, TX. What's Inside • Premium hemp-derived formula • Lab-tested for purity and potency • Consistent, reliable dosing • Available exclusively at TwoBudz, Flower Mound","","Black Currant THC Seltzer – 6 Pack",FALSE,FALSE,"171","black-currant-thc-seltzer-6-pack"
"Brio Zero Cherry Lime THC Drink – 10mg","Brio Zero Cherry Lime THC Drink – 10mg is a premium hemp-derived product available at TwoBudz in Flower Mound, TX. What's Inside • Premium hemp-derived formula • Lab-tested for purity and potency • Consistent, reliable dosing • Available exclusively at TwoBudz, Flower Mound","About This Product Brio Zero Cherry Lime THC Drink – 10mg is a carefully crafted hemp product available at TwoBudz in Flower Mound, TX. Every unit is third-party lab tested to ensure purity, potency, and consistency. TwoBudz is Flower Mound's trusted source for premium hemp-derived products including CBD, Delta-8, Delta-9, and specialty wellness items. We carry only brands we believe in, verified for quality at every step. Why Choose This Product ✔ Premium hemp-derived formula ✔ Third-party lab tested for purity and potency ✔ Precisely dosed for consistent, reliable effects ✔ Available at TwoBudz, Flower Mound, TX How to Use Follow the product label instructions. Start low and go slow, especially if new to hemp products. Consult a healthcare professional if you have any questions about dosage or interactions.",7.49,"beverages","< 0.3% THC","10mg","","4-Pack Cans; 12-Pack Case","Sparkling organic carbonated hydration; Fast acting nano-emulsified active cannabinoids; Zero high-fructose corn syrups or artificial color","99.8%","Farm Bill Compliant Phytocannabinoid Profile","Brio Zero Cherry Lime THC Drink – 10mg","Brio Zero Cherry Lime THC Drink – 10mg is a premium hemp-derived product available at TwoBudz in Flower Mound, TX. What's Inside • Premium hemp-derived formula • Lab-tested for purity and potency • Consistent, reliable dosing • Available exclusively at TwoBudz, Flower Mound","","Brio Zero Cherry Lime THC Drink – 10mg",FALSE,FALSE,"179","brio-zero-cherry-lime-thc-drink-10mg"
"JustCBD CBD Tincture For Cats 500mg – Salmon","JustCBD CBD Tincture For Cats 500mg – Salmon offers precise CBD support for your cat's wellness in a salmon flavor they'll love. What's Inside • 500mg CBD per bottle • Salmon flavor cats love • Easy-to-use dropper • Broad-spectrum hemp CBD • Third-party lab tested","About This Product JustCBD CBD Tincture For Cats 500mg – Salmon gives cat owners an easy, reliable way to support their feline companion's overall wellness. Formulated with high-quality broad-spectrum hemp CBD, this tincture is designed with pets in mind — featuring a palatable salmon flavor that even picky cats enjoy. Every bottle holds 500mg of premium CBD, making it easy to dial in the right serving size using the convenient dropper applicator. Whether you're looking to support calm behavior, joint comfort, or general wellness, this CBD tincture for cats is a trusted choice at TwoBudz, Flower Mound's premier hemp shop. Taste & Aroma • Salmon flavor • Palatable for picky cats • Smooth oil finish Why Choose This Product ✔ 500mg CBD per bottle ✔ Salmon flavor cats love ✔ Easy-to-use precision dropper ✔ Broad-spectrum — no THC ✔ Pet-safe hemp-derived CBD ✔ Third-party lab tested for purity How to Use Add the recommended amount to your cat's food or directly to their mouth based on their weight. Consult your veterinarian before use.",49.99,"pets","< 0.3% THC","500mg","","30ml Dropper Bottle","Vet-approved 100% safe broad-spectrum base; Delectable natural flavors pet easily swallows; Relief from thunder storms and joint stiffness","99.8%","Farm Bill Compliant Phytocannabinoid Profile","JustCBD CBD Tincture For Cats 500mg – Salmon","JustCBD CBD Tincture For Cats 500mg – Salmon offers precise CBD support for your cat's wellness in a salmon flavor they'll love. What's Inside • 500mg CBD per bottle • Salmon flavor cats love • Easy-to-use dropper • Broad-spectrum hemp CBD • Third-party lab tested","","JustCBD CBD Tincture For Cats 500mg – Salmon",FALSE,FALSE,"3","justcbd-cbd-tincture-for-cats-500mg-salmon"
"Cycling Frog Delta 9 Seltzer Wild Cherry 5mg","Cycling Frog Delta 9 Seltzer Wild Cherry 5mg delivers a refreshing sweet-tart cherry flavor infused with hemp-derived cannabinoids, offering a balanced and enjoyable cannabis beverage experience. What's Inside • 5mg Delta-9 THC + 10mg CBD per can (2:1 CBD:THC ratio) • Sweet-tart cherry flavor • Sparkling Delta-9 THC beverage • Sold individually or by pack","About This Product Cycling Frog Delta 9 Seltzer Wild Cherry 5mg combines the bold flavor of wild cherry with hemp-derived cannabinoids to create a refreshing sparkling cannabis beverage. Each can contains 5mg Delta-9 THC and 10mg CBD, providing a balanced cannabinoid ratio designed for relaxation and enjoyment. The sweet-tart cherry pairs perfectly with crisp carbonation, delivering a refreshing drink that can be enjoyed chilled or served as a mocktail alternative. This Delta-9 THC beverage provides a flavorful way to unwind without alcohol. Made with natural fruit juice and hemp extract, this beverage is crafted to deliver consistent quality and smooth effects for social gatherings or relaxing evenings. Browse more Delta-9 THC-infused beverages in our THC Drinks collection at TwoBudz in Flower Mound. Taste & Aroma • Sweet wild cherry flavor • Tart berry undertones • Crisp sparkling finish Why Choose This Product ✔ 5mg Delta-9 THC + 10mg CBD per can ✔ Sparkling cannabis beverage ✔ Alcohol-free relaxation drink ✔ Sweet-tart cherry flavor ✔ Vegan, gluten-free, and non-GMO How to Use Start with one can and wait about 30–60 minutes to understand the effects before consuming more.",59.99,"beverages","< 0.3% THC","5mg","","4-Pack Cans; 12-Pack Case","Sparkling organic carbonated hydration; Fast acting nano-emulsified active cannabinoids; Zero high-fructose corn syrups or artificial color","99.8%","Farm Bill Compliant Phytocannabinoid Profile","Cycling Frog Delta 9 Seltzer Wild Cherry 5mg","Cycling Frog Delta 9 Seltzer Wild Cherry 5mg delivers a refreshing sweet-tart cherry flavor infused with hemp-derived cannabinoids, offering a balanced and enjoyable cannabis beverage experience. What's Inside • 5mg Delta-9 THC + 10mg CBD per can (2:1 CBD:THC ratio) • Sweet-tart cherry flavor • Sparkling Delta-9 THC beverage • Sold individually or by pack","","Cycling Frog Delta 9 Seltzer Wild Cherry 5mg",FALSE,FALSE,"86","cycling-frog-delta-9-seltzer-wild-cherry-5mg"
"Euphoria THC Gummies – Strawberry Pink Lemonade","Euphoria THC Gummies – Strawberry Pink Lemonade is a premium hemp-derived product available at TwoBudz in Flower Mound, TX. What's Inside • Premium hemp-derived formula • Lab-tested for purity and potency • Consistent, reliable dosing • Available exclusively at TwoBudz, Flower Mound","About This Product Euphoria THC Gummies – Strawberry Pink Lemonade is a carefully crafted hemp product available at TwoBudz in Flower Mound, TX. Every unit is third-party lab tested to ensure purity, potency, and consistency. TwoBudz is Flower Mound's trusted source for premium hemp-derived products including CBD, Delta-8, Delta-9, and specialty wellness items. We carry only brands we believe in, verified for quality at every step. Why Choose This Product ✔ Premium hemp-derived formula ✔ Third-party lab tested for purity and potency ✔ Precisely dosed for consistent, reliable effects ✔ Available at TwoBudz, Flower Mound, TX How to Use Follow the product label instructions. Start low and go slow, especially if new to hemp products. Consult a healthcare professional if you have any questions about dosage or interactions.",12.99,"gummies","< 0.3% THC","500mg CBD","","15 Gummy Pack; 30 Gummy Value Pack","Vegan-friendly, delicious real fruit berry juices; Deep body soothing relaxation and tranquil alignment; Consistent dosage block in every bite","99.8%","Farm Bill Compliant Phytocannabinoid Profile","Euphoria THC Gummies – Strawberry Pink Lemonade","Euphoria THC Gummies – Strawberry Pink Lemonade is a premium hemp-derived product available at TwoBudz in Flower Mound, TX. What's Inside • Premium hemp-derived formula • Lab-tested for purity and potency • Consistent, reliable dosing • Available exclusively at TwoBudz, Flower Mound","","Euphoria THC Gummies – Strawberry Pink Lemonade",FALSE,FALSE,"183","euphoria-thc-gummies-strawberry-lemonade"
"JustCBD CBD Tincture for Dogs 500mg – Bacon","JustCBD CBD Tincture for Dogs 500mg – Bacon offers precise CBD support for your dog's health and wellness with a bacon flavor dogs love. What's Inside • 500mg CBD per bottle • Bacon flavor dogs love • Easy-to-use dropper • Broad-spectrum hemp CBD • Third-party lab tested","About This Product JustCBD CBD Tincture for Dogs 500mg – Bacon gives dog owners a simple, trusted way to support their pet's overall wellness. Made with premium broad-spectrum hemp-derived CBD, this tincture features a bacon flavor that dogs find irresistible, making it easy to incorporate into daily routines. Every bottle holds 500mg of high-quality CBD with a precision dropper for easy, consistent dosing tailored to your dog's size and needs. Available at TwoBudz, this dog CBD oil is a trusted, third-party tested product for caring pet owners. Taste & Aroma • Bacon flavor • Palatable for dogs • Smooth oil finish Why Choose This Product ✔ 500mg CBD per bottle ✔ Bacon flavor dogs love ✔ Easy-to-use precision dropper ✔ Broad-spectrum hemp-derived CBD ✔ Pet-safe formula ✔ Third-party lab tested for purity How to Use Add the recommended serving to your dog's food or directly to their mouth based on their body weight. Consult your veterinarian before use.",49.99,"pets","< 0.3% THC","500mg","","30ml Dropper Bottle","Vet-approved 100% safe broad-spectrum base; Delectable natural flavors pet easily swallows; Relief from thunder storms and joint stiffness","99.8%","Farm Bill Compliant Phytocannabinoid Profile","JustCBD CBD Tincture for Dogs 500mg – Bacon","JustCBD CBD Tincture for Dogs 500mg – Bacon offers precise CBD support for your dog's health and wellness with a bacon flavor dogs love. What's Inside • 500mg CBD per bottle • Bacon flavor dogs love • Easy-to-use dropper • Broad-spectrum hemp CBD • Third-party lab tested","","JustCBD CBD Tincture for Dogs 500mg – Bacon",FALSE,FALSE,"4","justcbd-cbd-tincture-for-dogs-500mg-bacon"
"JustCBD CBD Tincture for Dogs 500mg – Chicken","JustCBD CBD Tincture for Dogs 500mg – Chicken offers precise CBD support for your dog's health and wellness with a chicken flavor dogs love. What's Inside • 500mg CBD per bottle • Chicken flavor dogs love • Easy-to-use dropper • Broad-spectrum hemp CBD • Third-party lab tested","About This Product JustCBD CBD Tincture for Dogs 500mg – Chicken gives dog owners a simple, trusted way to support their pet's overall wellness. Made with premium broad-spectrum hemp-derived CBD, this tincture features a chicken flavor that dogs find irresistible, making it easy to incorporate into daily routines. Every bottle holds 500mg of high-quality CBD with a precision dropper for easy, consistent dosing tailored to your dog's size and needs. Available at TwoBudz, this dog CBD oil is a trusted, third-party tested product for caring pet owners. Taste & Aroma • Chicken flavor • Palatable for dogs • Smooth oil finish Why Choose This Product ✔ 500mg CBD per bottle ✔ Chicken flavor dogs love ✔ Easy-to-use precision dropper ✔ Broad-spectrum hemp-derived CBD ✔ Pet-safe formula ✔ Third-party lab tested for purity How to Use Add the recommended serving to your dog's food or directly to their mouth based on their body weight. Consult your veterinarian before use.",49.99,"pets","< 0.3% THC","500mg","","30ml Dropper Bottle","Vet-approved 100% safe broad-spectrum base; Delectable natural flavors pet easily swallows; Relief from thunder storms and joint stiffness","99.8%","Farm Bill Compliant Phytocannabinoid Profile","JustCBD CBD Tincture for Dogs 500mg – Chicken","JustCBD CBD Tincture for Dogs 500mg – Chicken offers precise CBD support for your dog's health and wellness with a chicken flavor dogs love. What's Inside • 500mg CBD per bottle • Chicken flavor dogs love • Easy-to-use dropper • Broad-spectrum hemp CBD • Third-party lab tested","","JustCBD CBD Tincture for Dogs 500mg – Chicken",FALSE,FALSE,"6","justcbd-cbd-tincture-for-dogs-500mg-chicken"
"Chill THC Gummies – Blue Raspberry Lemonade","Chill THC Gummies – Blue Raspberry Lemonade is a premium hemp-derived product available at TwoBudz in Flower Mound, TX. What's Inside • Premium hemp-derived formula • Lab-tested for purity and potency • Consistent, reliable dosing • Available exclusively at TwoBudz, Flower Mound","About This Product Chill THC Gummies – Blue Raspberry Lemonade is a carefully crafted hemp product available at TwoBudz in Flower Mound, TX. Every unit is third-party lab tested to ensure purity, potency, and consistency. TwoBudz is Flower Mound's trusted source for premium hemp-derived products including CBD, Delta-8, Delta-9, and specialty wellness items. We carry only brands we believe in, verified for quality at every step. Why Choose This Product ✔ Premium hemp-derived formula ✔ Third-party lab tested for purity and potency ✔ Precisely dosed for consistent, reliable effects ✔ Available at TwoBudz, Flower Mound, TX How to Use Follow the product label instructions. Start low and go slow, especially if new to hemp products. Consult a healthcare professional if you have any questions about dosage or interactions.",12.99,"gummies","< 0.3% THC","500mg CBD","","15 Gummy Pack; 30 Gummy Value Pack","Vegan-friendly, delicious real fruit berry juices; Deep body soothing relaxation and tranquil alignment; Consistent dosage block in every bite","99.8%","Farm Bill Compliant Phytocannabinoid Profile","Chill THC Gummies – Blue Raspberry Lemonade","Chill THC Gummies – Blue Raspberry Lemonade is a premium hemp-derived product available at TwoBudz in Flower Mound, TX. What's Inside • Premium hemp-derived formula • Lab-tested for purity and potency • Consistent, reliable dosing • Available exclusively at TwoBudz, Flower Mound","","Chill THC Gummies – Blue Raspberry Lemonade",FALSE,FALSE,"181","chill-thc-gummies-blue-raspberry"
"Lemon CBD Sparkling Water – Hemp Infused Drink","Lemon CBD Sparkling Water – Hemp Infused Drink is a premium hemp-derived product available at TwoBudz in Flower Mound, TX. What's Inside • Premium hemp-derived formula • Lab-tested for purity and potency • Consistent, reliable dosing • Available exclusively at TwoBudz, Flower Mound","About This Product Lemon CBD Sparkling Water – Hemp Infused Drink is a carefully crafted hemp product available at TwoBudz in Flower Mound, TX. Every unit is third-party lab tested to ensure purity, potency, and consistency. TwoBudz is Flower Mound's trusted source for premium hemp-derived products including CBD, Delta-8, Delta-9, and specialty wellness items. We carry only brands we believe in, verified for quality at every step. Why Choose This Product ✔ Premium hemp-derived formula ✔ Third-party lab tested for purity and potency ✔ Precisely dosed for consistent, reliable effects ✔ Available at TwoBudz, Flower Mound, TX How to Use Follow the product label instructions. Start low and go slow, especially if new to hemp products. Consult a healthcare professional if you have any questions about dosage or interactions.",5.99,"beverages","< 0.3% THC","500mg CBD","","4-Pack Cans; 12-Pack Case","Sparkling organic carbonated hydration; Fast acting nano-emulsified active cannabinoids; Zero high-fructose corn syrups or artificial color","99.8%","Farm Bill Compliant Phytocannabinoid Profile","Lemon CBD Sparkling Water – Hemp Infused Drink","Lemon CBD Sparkling Water – Hemp Infused Drink is a premium hemp-derived product available at TwoBudz in Flower Mound, TX. What's Inside • Premium hemp-derived formula • Lab-tested for purity and potency • Consistent, reliable dosing • Available exclusively at TwoBudz, Flower Mound","","Lemon CBD Sparkling Water – Hemp Infused Drink",FALSE,FALSE,"187","lemon-cbd-sparkling-water"
"3CHI True Strains Gummies – White Lightning","3CHI True Strains Gummies – White Lightning supports everyday wellness — now available at TwoBudz in Flower Mound, TX and calm balance through precisely dosed CBD gummies in a delicious crisp extraction white lightning flavor. What's Inside • CBD formula • Delicious crisp extraction white lightning flavor • Precisely dosed for consistent effects • resealable pack • Third-party lab tested","About This Product 3CHI True Strains Gummies – White Lightning supports daily balance and wellbeing through a thoughtfully formulated CBD gummy formula. Every gummy is carefully dosed for consistent, dependable results. Available in a delicious crisp extraction white lightning flavor, these gummies make adding cannabinoids to your daily routine simple and enjoyable — perfect for relaxing after a long day, supporting sleep, or enhancing your overall sense of wellbeing. Made with premium hemp-derived ingredients and rigorously tested for purity and potency, 3CHI True Strains Gummies – White Lightning is a trusted choice at TwoBudz, Flower Mound's premier hemp shop. Browse more CBD products in our CBD Products collection at TwoBudz in Flower Mound. Taste & Aroma • Crisp extraction flavor • Light sweet notes • Smooth clean finish Why Choose This Product ✔ CBD formula ✔ Delicious crisp extraction white lightning flavor ✔ Precisely dosed for consistent, reliable effects ✔ Resealable pack ✔ Third-party lab tested for purity and potency ✔ Made with premium hemp-derived extract How to Use Start with one gummy and wait 30–60 minutes to understand the effects before consuming more.",44.99,"gummies","< 0.3% THC","500mg CBD","","15 Gummy Pack; 30 Gummy Value Pack","Vegan-friendly, delicious real fruit berry juices; Deep body soothing relaxation and tranquil alignment; Consistent dosage block in every bite","99.8%","Farm Bill Compliant Phytocannabinoid Profile","3CHI True Strains Gummies – White Lightning","3CHI True Strains Gummies – White Lightning supports everyday wellness — now available at TwoBudz in Flower Mound, TX and calm balance through precisely dosed CBD gummies in a delicious crisp extraction white lightning flavor. What's Inside • CBD formula • Delicious crisp extraction white lightning flavor • Precisely dosed for consistent effects • resealable pack • Third-party lab tested","","3CHI True Strains Gummies – White Lightning",FALSE,FALSE,"102","true-strains-gummies-white-lightning"
"10mg THC Canned Cocktails – Citrus Flavor","10mg THC Canned Cocktails – Citrus Flavor is a premium hemp-derived product available at TwoBudz in Flower Mound, TX. What's Inside • Premium hemp-derived formula • Lab-tested for purity and potency • Consistent, reliable dosing • Available exclusively at TwoBudz, Flower Mound","About This Product 10mg THC Canned Cocktails – Citrus Flavor is a carefully crafted hemp product available at TwoBudz in Flower Mound, TX. Every unit is third-party lab tested to ensure purity, potency, and consistency. TwoBudz is Flower Mound's trusted source for premium hemp-derived products including CBD, Delta-8, Delta-9, and specialty wellness items. We carry only brands we believe in, verified for quality at every step. Why Choose This Product ✔ Premium hemp-derived formula ✔ Third-party lab tested for purity and potency ✔ Precisely dosed for consistent, reliable effects ✔ Available at TwoBudz, Flower Mound, TX How to Use Follow the product label instructions. Start low and go slow, especially if new to hemp products. Consult a healthcare professional if you have any questions about dosage or interactions.",8.49,"cbd-oils","< 0.3% THC","10mg","","30ml Dropper Bottle; 60ml Value Pack","High-potency sublingual absorption profile; Organically cured cold-pressed MCT compound base; Fast restorative action to manage daily tension","99.8%","Farm Bill Compliant Phytocannabinoid Profile","10mg THC Canned Cocktails – Citrus Flavor","10mg THC Canned Cocktails – Citrus Flavor is a premium hemp-derived product available at TwoBudz in Flower Mound, TX. What's Inside • Premium hemp-derived formula • Lab-tested for purity and potency • Consistent, reliable dosing • Available exclusively at TwoBudz, Flower Mound","","10mg THC Canned Cocktails – Citrus Flavor",FALSE,FALSE,"185","10mg-thc-canned-cocktails-citrus"
"Raspberry THC Gummies – 10mg, 30ct","Raspberry THC Gummies – 10mg, 30ct is a premium hemp-derived product available at TwoBudz in Flower Mound, TX. What's Inside • Premium hemp-derived formula • Lab-tested for purity and potency • Consistent, reliable dosing • Available exclusively at TwoBudz, Flower Mound","About This Product Raspberry THC Gummies – 10mg, 30ct is a carefully crafted hemp product available at TwoBudz in Flower Mound, TX. Every unit is third-party lab tested to ensure purity, potency, and consistency. TwoBudz is Flower Mound's trusted source for premium hemp-derived products including CBD, Delta-8, Delta-9, and specialty wellness items. We carry only brands we believe in, verified for quality at every step. Why Choose This Product ✔ Premium hemp-derived formula ✔ Third-party lab tested for purity and potency ✔ Precisely dosed for consistent, reliable effects ✔ Available at TwoBudz, Flower Mound, TX How to Use Follow the product label instructions. Start low and go slow, especially if new to hemp products. Consult a healthcare professional if you have any questions about dosage or interactions.",64.99,"gummies","< 0.3% THC","10mg","","15 Gummy Pack; 30 Gummy Value Pack","Vegan-friendly, delicious real fruit berry juices; Deep body soothing relaxation and tranquil alignment; Consistent dosage block in every bite","99.8%","Farm Bill Compliant Phytocannabinoid Profile","Raspberry THC Gummies – 10mg, 30ct","Raspberry THC Gummies – 10mg, 30ct is a premium hemp-derived product available at TwoBudz in Flower Mound, TX. What's Inside • Premium hemp-derived formula • Lab-tested for purity and potency • Consistent, reliable dosing • Available exclusively at TwoBudz, Flower Mound","","Raspberry THC Gummies – 10mg, 30ct",FALSE,FALSE,"196","raspberry-thc-gummies-10mg-30ct"
"3CHI True Strains Gummies – Cruise Control","3CHI True Strains Gummies – Cruise Control supports everyday wellness — now available at TwoBudz in Flower Mound, TX and calm balance through precisely dosed CBD gummies in a delicious smooth tropical flavor. What's Inside • CBD formula • Delicious smooth tropical flavor • Precisely dosed for consistent effects • resealable pack • Third-party lab tested","About This Product 3CHI True Strains Gummies – Cruise Control supports daily balance and wellbeing through a thoughtfully formulated CBD gummy formula. Every gummy is carefully dosed for consistent, dependable results. Available in a delicious smooth tropical flavor, these gummies make adding cannabinoids to your daily routine simple and enjoyable — perfect for relaxing after a long day, supporting sleep, or enhancing your overall sense of wellbeing. Made with premium hemp-derived ingredients and rigorously tested for purity and potency, 3CHI True Strains Gummies – Cruise Control is a trusted choice at TwoBudz, Flower Mound's premier hemp shop. Browse more CBD products in our CBD Products collection at TwoBudz in Flower Mound. Taste & Aroma • Smooth tropical flavor • Sweet balanced taste • Smooth clean finish Why Choose This Product ✔ CBD formula ✔ Delicious smooth tropical flavor ✔ Precisely dosed for consistent, reliable effects ✔ Resealable pack ✔ Third-party lab tested for purity and potency ✔ Made with premium hemp-derived extract How to Use Start with one gummy and wait 30–60 minutes to understand the effects before consuming more.",44.99,"gummies","< 0.3% THC","500mg CBD","","15 Gummy Pack; 30 Gummy Value Pack","Vegan-friendly, delicious real fruit berry juices; Deep body soothing relaxation and tranquil alignment; Consistent dosage block in every bite","99.8%","Farm Bill Compliant Phytocannabinoid Profile","3CHI True Strains Gummies – Cruise Control","3CHI True Strains Gummies – Cruise Control supports everyday wellness — now available at TwoBudz in Flower Mound, TX and calm balance through precisely dosed CBD gummies in a delicious smooth tropical flavor. What's Inside • CBD formula • Delicious smooth tropical flavor • Precisely dosed for consistent effects • resealable pack • Third-party lab tested","","3CHI True Strains Gummies – Cruise Control",FALSE,FALSE,"103","true-strains-gummies-cruise-control"
"3CHI Delta 8 THC Gummies – Strawberry 25mg","3CHI Delta 8 THC Gummies – Strawberry 25mg brings smooth, clear-headed relaxation through precisely dosed Delta-8 THC gummies in a delicious sweet strawberry flavor. What's Inside • 25mg total Delta-8 THC • Delicious sweet strawberry flavor • Precisely dosed for consistent effects • 25mg total • Third-party lab tested","About This Product 3CHI Delta 8 THC Gummies – Strawberry 25mg provides smooth, clear-headed relaxation through a carefully crafted Delta-8 THC gummy formula. Every gummy is carefully dosed for consistent, dependable results. Available in a delicious sweet strawberry flavor, these gummies make adding cannabinoids to your daily routine simple and enjoyable — perfect for relaxing after a long day, supporting sleep, or enhancing your overall sense of wellbeing. Made with premium hemp-derived ingredients and rigorously tested for purity and potency, 3CHI Delta 8 THC Gummies – Strawberry 25mg is a trusted choice at TwoBudz, Flower Mound's premier hemp shop. Browse more Delta-8 THC products in our Delta 8 Products collection at TwoBudz in Flower Mound. Taste & Aroma • Sweet strawberry candy flavor • Fruity bright taste • Smooth clean finish Why Choose This Product ✔ 25mg total Delta-8 THC ✔ Delicious sweet strawberry flavor ✔ Precisely dosed for consistent, reliable effects ✔ 25mg total ✔ Third-party lab tested for purity and potency ✔ Made with premium hemp-derived extract How to Use Start with one gummy and wait 30–60 minutes to understand the effects before consuming more.",39.99,"gummies","< 0.3% THC","25mg","","15 Gummy Pack; 30 Gummy Value Pack","Vegan-friendly, delicious real fruit berry juices; Deep body soothing relaxation and tranquil alignment; Consistent dosage block in every bite","99.8%","Farm Bill Compliant Phytocannabinoid Profile","3CHI Delta 8 THC Gummies – Strawberry 25mg","3CHI Delta 8 THC Gummies – Strawberry 25mg brings smooth, clear-headed relaxation through precisely dosed Delta-8 THC gummies in a delicious sweet strawberry flavor. What's Inside • 25mg total Delta-8 THC • Delicious sweet strawberry flavor • Precisely dosed for consistent effects • 25mg total • Third-party lab tested","","3CHI Delta 8 THC Gummies – Strawberry 25mg",FALSE,FALSE,"109","3chi-delta-8-thc-gummies-strawberry-25mg"
"Lavender Lemonade Hemp Drink – 10mg THC","Lavender Lemonade Hemp Drink – 10mg THC is a premium hemp-derived product available at TwoBudz in Flower Mound, TX. What's Inside • Premium hemp-derived formula • Lab-tested for purity and potency • Consistent, reliable dosing • Available exclusively at TwoBudz, Flower Mound","About This Product Lavender Lemonade Hemp Drink – 10mg THC is a carefully crafted hemp product available at TwoBudz in Flower Mound, TX. Every unit is third-party lab tested to ensure purity, potency, and consistency. TwoBudz is Flower Mound's trusted source for premium hemp-derived products including CBD, Delta-8, Delta-9, and specialty wellness items. We carry only brands we believe in, verified for quality at every step. Why Choose This Product ✔ Premium hemp-derived formula ✔ Third-party lab tested for purity and potency ✔ Precisely dosed for consistent, reliable effects ✔ Available at TwoBudz, Flower Mound, TX How to Use Follow the product label instructions. Start low and go slow, especially if new to hemp products. Consult a healthcare professional if you have any questions about dosage or interactions.",7.49,"beverages","< 0.3% THC","10mg","","4-Pack Cans; 12-Pack Case","Sparkling organic carbonated hydration; Fast acting nano-emulsified active cannabinoids; Zero high-fructose corn syrups or artificial color","99.8%","Farm Bill Compliant Phytocannabinoid Profile","Lavender Lemonade Hemp Drink – 10mg THC","Lavender Lemonade Hemp Drink – 10mg THC is a premium hemp-derived product available at TwoBudz in Flower Mound, TX. What's Inside • Premium hemp-derived formula • Lab-tested for purity and potency • Consistent, reliable dosing • Available exclusively at TwoBudz, Flower Mound","","Lavender Lemonade Hemp Drink – 10mg THC",FALSE,FALSE,"194","lavender-lemonade-hemp-drink-10mg"
"D9 Sleep THC + CBN Gummies – 625mg","D9 Sleep THC + CBN Gummies – 625mg is a premium hemp-derived product available at TwoBudz in Flower Mound, TX. What's Inside • Premium hemp-derived formula • Lab-tested for purity and potency • Consistent, reliable dosing • Available exclusively at TwoBudz, Flower Mound","About This Product D9 Sleep THC + CBN Gummies – 625mg is a carefully crafted hemp product available at TwoBudz in Flower Mound, TX. Every unit is third-party lab tested to ensure purity, potency, and consistency. TwoBudz is Flower Mound's trusted source for premium hemp-derived products including CBD, Delta-8, Delta-9, and specialty wellness items. We carry only brands we believe in, verified for quality at every step. Why Choose This Product ✔ Premium hemp-derived formula ✔ Third-party lab tested for purity and potency ✔ Precisely dosed for consistent, reliable effects ✔ Available at TwoBudz, Flower Mound, TX How to Use Follow the product label instructions. Start low and go slow, especially if new to hemp products. Consult a healthcare professional if you have any questions about dosage or interactions.",54.99,"gummies","10mg Delta-9 THC","625mg","","15 Gummy Pack; 30 Gummy Value Pack","Vegan-friendly, delicious real fruit berry juices; Deep body soothing relaxation and tranquil alignment; Consistent dosage block in every bite","99.8%","Farm Bill Compliant Phytocannabinoid Profile","D9 Sleep THC + CBN Gummies – 625mg","D9 Sleep THC + CBN Gummies – 625mg is a premium hemp-derived product available at TwoBudz in Flower Mound, TX. What's Inside • Premium hemp-derived formula • Lab-tested for purity and potency • Consistent, reliable dosing • Available exclusively at TwoBudz, Flower Mound","","D9 Sleep THC + CBN Gummies – 625mg",FALSE,FALSE,"197","d9-sleep-thc-cbn-gummies-625mg"
"JustCBD CBD Tincture for Dogs 500mg – Beef","JustCBD CBD Tincture for Dogs 500mg – Beef offers precise CBD support for your dog's health and wellness with a beef flavor dogs love. What's Inside • 500mg CBD per bottle • Beef flavor dogs love • Easy-to-use dropper • Broad-spectrum hemp CBD • Third-party lab tested","About This Product JustCBD CBD Tincture for Dogs 500mg – Beef gives dog owners a simple, trusted way to support their pet's overall wellness. Made with premium broad-spectrum hemp-derived CBD, this tincture features a beef flavor that dogs find irresistible, making it easy to incorporate into daily routines. Every bottle holds 500mg of high-quality CBD with a precision dropper for easy, consistent dosing tailored to your dog's size and needs. Available at TwoBudz, this dog CBD oil is a trusted, third-party tested product for caring pet owners. Taste & Aroma • Beef flavor • Palatable for dogs • Smooth oil finish Why Choose This Product ✔ 500mg CBD per bottle ✔ Beef flavor dogs love ✔ Easy-to-use precision dropper ✔ Broad-spectrum hemp-derived CBD ✔ Pet-safe formula ✔ Third-party lab tested for purity How to Use Add the recommended serving to your dog's food or directly to their mouth based on their body weight. Consult your veterinarian before use.",49.99,"pets","< 0.3% THC","500mg","","30ml Dropper Bottle","Vet-approved 100% safe broad-spectrum base; Delectable natural flavors pet easily swallows; Relief from thunder storms and joint stiffness","99.8%","Farm Bill Compliant Phytocannabinoid Profile","JustCBD CBD Tincture for Dogs 500mg – Beef","JustCBD CBD Tincture for Dogs 500mg – Beef offers precise CBD support for your dog's health and wellness with a beef flavor dogs love. What's Inside • 500mg CBD per bottle • Beef flavor dogs love • Easy-to-use dropper • Broad-spectrum hemp CBD • Third-party lab tested","","JustCBD CBD Tincture for Dogs 500mg – Beef",FALSE,FALSE,"5","justcbd-cbd-tincture-for-dogs-500mg-beef"
"2000mg Delta-8 THC Euphoria Gummies | Blue Raspberry (Sativa)","2000mg Delta-8 THC Euphoria Gummies | Blue Raspberry (Sativa) supports everyday wellness — now available at TwoBudz in Flower Mound, TX and calm balance through precisely dosed CBD gummies in a delicious bold blue raspberry flavor. What's Inside • 2000mg total CBD • Delicious bold blue raspberry flavor • Precisely dosed for consistent effects • 2000mg total • Third-party lab tested","About This Product 2000mg Delta-8 THC Euphoria Gummies | Blue Raspberry (Sativa) supports daily balance and wellbeing through a thoughtfully formulated CBD gummy formula. Every gummy is carefully dosed for consistent, dependable results. Available in a delicious bold blue raspberry flavor, these gummies make adding cannabinoids to your daily routine simple and enjoyable — perfect for relaxing after a long day, supporting sleep, or enhancing your overall sense of wellbeing. Made with premium hemp-derived ingredients and rigorously tested for purity and potency, 2000mg Delta-8 THC Euphoria Gummies | Blue Raspberry (Sativa) is a trusted choice at TwoBudz, Flower Mound's premier hemp shop. Browse more CBD products in our CBD Products collection at TwoBudz in Flower Mound. Taste & Aroma • Bold blue raspberry candy flavor • Sweet and tart balance • Smooth fruity finish Why Choose This Product ✔ 2000mg total CBD ✔ Delicious bold blue raspberry flavor ✔ Precisely dosed for consistent, reliable effects ✔ 2000mg total ✔ Third-party lab tested for purity and potency ✔ Made with premium hemp-derived extract How to Use Start with one gummy and wait 30–60 minutes to understand the effects before consuming more.",44.99,"gummies","Full-Spectrum D8","2000mg","","15 Gummy Pack; 30 Gummy Value Pack","Vegan-friendly, delicious real fruit berry juices; Deep body soothing relaxation and tranquil alignment; Consistent dosage block in every bite","99.8%","Farm Bill Compliant Phytocannabinoid Profile","2000mg Delta-8 THC Euphoria Gummies | Blue Raspberry (Sativa)","2000mg Delta-8 THC Euphoria Gummies | Blue Raspberry (Sativa) supports everyday wellness — now available at TwoBudz in Flower Mound, TX and calm balance through precisely dosed CBD gummies in a delicious bold blue raspberry flavor. What's Inside • 2000mg total CBD • Delicious bold blue raspberry flavor • Precisely dosed for consistent effects • 2000mg total • Third-party lab tested","","2000mg Delta-8 THC Euphoria Gummies | Blue Raspberry (Sativa)",FALSE,FALSE,"1","coming-soon"
"Enjoy Live Rosin Delta 9 Gummies Boost 25ct","Enjoy Live Rosin Delta 9 Gummies Boost 25ct provides balanced relaxation and euphoria through precisely dosed Delta-9 THC gummies in a delicious energizing mixed fruit flavor. What's Inside • Delta-9 THC formula • Delicious energizing mixed fruit flavor • Precisely dosed for consistent effects • 25-count pack • Third-party lab tested","About This Product Enjoy Live Rosin Delta 9 Gummies Boost 25ct provides balanced relaxation and euphoria through a carefully crafted Delta-9 THC gummy formula. These gummies are crafted with premium live rosin extract for superior terpene preservation and authentic full-plant flavor. Every gummy is carefully dosed for consistent, dependable results. Available in a delicious energizing mixed fruit flavor, these gummies make adding cannabinoids to your daily routine simple and enjoyable — perfect for relaxing after a long day, supporting sleep, or enhancing your overall sense of wellbeing. Made with premium hemp-derived ingredients and rigorously tested for purity and potency, Enjoy Live Rosin Delta 9 Gummies Boost 25ct is a trusted choice at TwoBudz, Flower Mound's premier hemp shop. Browse more Delta-9 THC products in our Delta 9 Products collection at TwoBudz in Flower Mound. Taste & Aroma • Mixed fruit candy flavor • Bright sweet taste • Smooth clean finish Why Choose This Product ✔ Delta-9 THC formula ✔ Delicious energizing mixed fruit flavor ✔ Precisely dosed for consistent, reliable effects ✔ 25-count pack ✔ Third-party lab tested for purity and potency ✔ Made with premium hemp-derived extract How to Use Start with one gummy and wait 30–60 minutes to understand the effects before consuming more.",59.99,"gummies","< 0.3% THC","500mg CBD","","15 Gummy Pack; 30 Gummy Value Pack","Vegan-friendly, delicious real fruit berry juices; Deep body soothing relaxation and tranquil alignment; Consistent dosage block in every bite","99.8%","Farm Bill Compliant Phytocannabinoid Profile","Enjoy Live Rosin Delta 9 Gummies Boost 25ct","Enjoy Live Rosin Delta 9 Gummies Boost 25ct provides balanced relaxation and euphoria through precisely dosed Delta-9 THC gummies in a delicious energizing mixed fruit flavor. What's Inside • Delta-9 THC formula • Delicious energizing mixed fruit flavor • Precisely dosed for consistent effects • 25-count pack • Third-party lab tested","","Enjoy Live Rosin Delta 9 Gummies Boost 25ct",FALSE,FALSE,"112","enjoy-live-rosin-delta-9-gummies-boost-25ct"
"Barney's Botanicals Delta 8 Gummies Pineapple Express 30ct","Barney's Botanicals Delta 8 Gummies Pineapple Express 30ct brings smooth, clear-headed relaxation through precisely dosed Delta-8 THC gummies in a delicious tropical pineapple flavor. What's Inside • Delta-8 THC formula • Delicious tropical pineapple flavor • Precisely dosed for consistent effects • 30-count pack • Third-party lab tested","About This Product Barney's Botanicals Delta 8 Gummies Pineapple Express 30ct provides smooth, clear-headed relaxation through a carefully crafted Delta-8 THC gummy formula. Every gummy is carefully dosed for consistent, dependable results. Available in a delicious tropical pineapple flavor, these gummies make adding cannabinoids to your daily routine simple and enjoyable — perfect for relaxing after a long day, supporting sleep, or enhancing your overall sense of wellbeing. Made with premium hemp-derived ingredients and rigorously tested for purity and potency, Barney's Botanicals Delta 8 Gummies Pineapple Express 30ct is a trusted choice at TwoBudz, Flower Mound's premier hemp shop. Browse more Delta-8 THC products in our Delta 8 Products collection at TwoBudz in Flower Mound. Taste & Aroma • Tropical pineapple candy flavor • Sweet juicy taste • Smooth clean finish Why Choose This Product ✔ Delta-8 THC formula ✔ Delicious tropical pineapple flavor ✔ Precisely dosed for consistent, reliable effects ✔ 30-count pack ✔ Third-party lab tested for purity and potency ✔ Made with premium hemp-derived extract How to Use Start with one gummy and wait 30–60 minutes to understand the effects before consuming more.",64.99,"gummies","< 0.3% THC","500mg CBD","","15 Gummy Pack; 30 Gummy Value Pack","Vegan-friendly, delicious real fruit berry juices; Deep body soothing relaxation and tranquil alignment; Consistent dosage block in every bite","99.8%","Farm Bill Compliant Phytocannabinoid Profile","Barney's Botanicals Delta 8 Gummies Pineapple Express 30ct","Barney's Botanicals Delta 8 Gummies Pineapple Express 30ct brings smooth, clear-headed relaxation through precisely dosed Delta-8 THC gummies in a delicious tropical pineapple flavor. What's Inside • Delta-8 THC formula • Delicious tropical pineapple flavor • Precisely dosed for consistent effects • 30-count pack • Third-party lab tested","","Barney's Botanicals Delta 8 Gummies Pineapple Express 30ct",FALSE,FALSE,"116","barneys-botanicals-delta-8-gummies-pineapple-express-30ct"
"Hometown Hero Delta 9 Live Rosin Gummies Gelato 10ct","Hometown Hero Delta 9 Live Rosin Gummies Gelato 10ct provides balanced relaxation and euphoria through precisely dosed Delta-9 THC gummies in a delicious sweet creamy gelato flavor. What's Inside • Delta-9 THC formula • Delicious sweet creamy gelato flavor • Precisely dosed for consistent effects • 10-count pack • Third-party lab tested","About This Product Hometown Hero Delta 9 Live Rosin Gummies Gelato 10ct provides balanced relaxation and euphoria through a carefully crafted Delta-9 THC gummy formula. These gummies are crafted with premium live rosin extract for superior terpene preservation and authentic full-plant flavor. Every gummy is carefully dosed for consistent, dependable results. Available in a delicious sweet creamy gelato flavor, these gummies make adding cannabinoids to your daily routine simple and enjoyable — perfect for relaxing after a long day, supporting sleep, or enhancing your overall sense of wellbeing. Made with premium hemp-derived ingredients and rigorously tested for purity and potency, Hometown Hero Delta 9 Live Rosin Gummies Gelato 10ct is a trusted choice at TwoBudz, Flower Mound's premier hemp shop. Browse more Delta-9 THC products in our Delta 9 Products collection at TwoBudz in Flower Mound. Taste & Aroma • Sweet creamy gelato flavor • Dessert-inspired taste • Smooth clean finish Why Choose This Product ✔ Delta-9 THC formula ✔ Delicious sweet creamy gelato flavor ✔ Precisely dosed for consistent, reliable effects ✔ 10-count pack ✔ Third-party lab tested for purity and potency ✔ Made with premium hemp-derived extract How to Use Start with one gummy and wait 30–60 minutes to understand the effects before consuming more.",69.99,"gummies","< 0.3% THC","500mg CBD","","15 Gummy Pack; 30 Gummy Value Pack","Vegan-friendly, delicious real fruit berry juices; Deep body soothing relaxation and tranquil alignment; Consistent dosage block in every bite","99.8%","Farm Bill Compliant Phytocannabinoid Profile","Hometown Hero Delta 9 Live Rosin Gummies Gelato 10ct","Shop Hometown Hero Delta 9 Live Rosin Gummies Gelato 10ct. Premium hemp-derived gummies infused with live rosin and Delta 9 for a flavorful edible experience.","Hometown Hero, Live Rosin Gummies, Delta 9 Gummies, Gelato, 10 Count, Hemp-Derived, THC Gummies, Live Rosin, Hemp Gummies, Edibles, Premium Gummies, Wellness","Hometown Hero Delta 9 Live Rosin Gummies Gelato 10-count hemp-derived gummy package",FALSE,FALSE,"118","hometown-hero-delta-9-live-rosin-gummies-gelato-10ct"
"Urb D8/D9 Gummies Blue Watermelon","Urb D8/D9 Gummies Blue Watermelon provides balanced relaxation and euphoria through precisely dosed Delta-9 THC gummies in a delicious juicy watermelon flavor. What's Inside • Delta-9 THC formula • Delicious juicy watermelon flavor • Precisely dosed for consistent effects • resealable pack • Third-party lab tested","About This Product Urb D8/D9 Gummies Blue Watermelon provides balanced relaxation and euphoria through a carefully crafted Delta-9 THC gummy formula. Every gummy is carefully dosed for consistent, dependable results. Available in a delicious juicy watermelon flavor, these gummies make adding cannabinoids to your daily routine simple and enjoyable — perfect for relaxing after a long day, supporting sleep, or enhancing your overall sense of wellbeing. Made with premium hemp-derived ingredients and rigorously tested for purity and potency, Urb D8/D9 Gummies Blue Watermelon is a trusted choice at TwoBudz, Flower Mound's premier hemp shop. Browse more Delta-9 THC products in our Delta 9 Products collection at TwoBudz in Flower Mound. Taste & Aroma • Juicy watermelon candy flavor • Sweet summer taste • Smooth clean finish Why Choose This Product ✔ Delta-9 THC formula ✔ Delicious juicy watermelon flavor ✔ Precisely dosed for consistent, reliable effects ✔ Resealable pack ✔ Third-party lab tested for purity and potency ✔ Made with premium hemp-derived extract How to Use Start with one gummy and wait 30–60 minutes to understand the effects before consuming more.",47.99,"gummies","10mg Delta-9 THC","500mg CBD","","15 Gummy Pack; 30 Gummy Value Pack","Vegan-friendly, delicious real fruit berry juices; Deep body soothing relaxation and tranquil alignment; Consistent dosage block in every bite","99.8%","Farm Bill Compliant Phytocannabinoid Profile","Urb D8/D9 Gummies Blue Watermelon","Urb D8/D9 Gummies Blue Watermelon provides balanced relaxation and euphoria through precisely dosed Delta-9 THC gummies in a delicious juicy watermelon flavor. What's Inside • Delta-9 THC formula • Delicious juicy watermelon flavor • Precisely dosed for consistent effects • resealable pack • Third-party lab tested","","Urb D8/D9 Gummies Blue Watermelon",FALSE,FALSE,"134","urb-d8-d9-lavish-fresa-gummies"
"Enjoy Live Resin Delta 8 Gummies Euphoria 40ct","Enjoy Live Resin Delta 8 Gummies Euphoria 40ct brings smooth, clear-headed relaxation through precisely dosed Delta-8 THC gummies in a delicious sweet fruity euphoria blend flavor. What's Inside • Delta-8 THC formula • Delicious sweet fruity euphoria blend flavor • Precisely dosed for consistent effects • 40-count pack • Third-party lab tested","About This Product Enjoy Live Resin Delta 8 Gummies Euphoria 40ct provides smooth, clear-headed relaxation through a carefully crafted Delta-8 THC gummy formula. These gummies are made with live resin extract for rich terpene profiles and enhanced flavor complexity. Every gummy is carefully dosed for consistent, dependable results. Available in a delicious sweet fruity euphoria blend flavor, these gummies make adding cannabinoids to your daily routine simple and enjoyable — perfect for relaxing after a long day, supporting sleep, or enhancing your overall sense of wellbeing. Made with premium hemp-derived ingredients and rigorously tested for purity and potency, Enjoy Live Resin Delta 8 Gummies Euphoria 40ct is a trusted choice at TwoBudz, Flower Mound's premier hemp shop. Browse more Delta-8 THC products in our Delta 8 Products collection at TwoBudz in Flower Mound. Taste & Aroma • Sweet fruit candy flavor • Bold festive taste • Smooth clean finish Why Choose This Product ✔ Delta-8 THC formula ✔ Delicious sweet fruity euphoria blend flavor ✔ Precisely dosed for consistent, reliable effects ✔ 40-count pack ✔ Third-party lab tested for purity and potency ✔ Made with premium hemp-derived extract How to Use Start with one gummy and wait 30–60 minutes to understand the effects before consuming more.",79.99,"gummies","< 0.3% THC","500mg CBD","","15 Gummy Pack; 30 Gummy Value Pack","Vegan-friendly, delicious real fruit berry juices; Deep body soothing relaxation and tranquil alignment; Consistent dosage block in every bite","99.8%","Farm Bill Compliant Phytocannabinoid Profile","Enjoy Live Resin Delta 8 Gummies Euphoria 40ct","Enjoy Live Resin Delta 8 Gummies Euphoria 40ct brings smooth, clear-headed relaxation through precisely dosed Delta-8 THC gummies in a delicious sweet fruity euphoria blend flavor. What's Inside • Delta-8 THC formula • Delicious sweet fruity euphoria blend flavor • Precisely dosed for consistent effects • 40-count pack • Third-party lab tested","","Enjoy Live Resin Delta 8 Gummies Euphoria 40ct",FALSE,FALSE,"123","enjoy-live-resin-delta-8-gummies-euphoria-40ct"
"JustCBD Sugar Free CBD Gummies 3000mg – Gummy Worms","JustCBD Sugar Free CBD Gummies 3000mg – Gummy Worms supports everyday wellness — now available at TwoBudz in Flower Mound, TX and calm through precisely dosed CBD gummies in a delicious classic fruity gummy worm flavor. What's Inside • 3000mg total CBD • Delicious classic fruity gummy worm flavor • Precisely dosed for consistent effects • 3000mg total • Third-party lab tested","About This Product JustCBD Sugar Free CBD Gummies 3000mg – Gummy Worms provides daily wellness and calm through a carefully crafted CBD gummy formula. Every gummy is carefully dosed for consistent, dependable results. Available in a delicious classic fruity gummy worm flavor, these gummies make adding cannabinoids to your daily routine simple and enjoyable — perfect for relaxing after a long day, supporting sleep, or enhancing your overall sense of wellbeing. Made with premium hemp-derived ingredients and rigorously tested for purity and potency, JustCBD Sugar Free CBD Gummies 3000mg – Gummy Worms is a trusted choice at TwoBudz, Flower Mound's premier hemp shop. Browse more CBD products in our CBD Products collection at TwoBudz in Flower Mound. Taste & Aroma • Classic fruity candy flavor • Sweet and chewy taste • Smooth clean finish Why Choose This Product ✔ 3000mg total CBD ✔ Delicious classic fruity gummy worm flavor ✔ Precisely dosed for consistent, reliable effects ✔ 3000mg total ✔ Third-party lab tested for purity and potency ✔ Made with premium hemp-derived extract How to Use Start with one gummy and wait 30–60 minutes to understand the effects before consuming more.",99,"gummies","< 0.3% THC","3000mg","","15 Gummy Pack; 30 Gummy Value Pack","Vegan-friendly, delicious real fruit berry juices; Deep body soothing relaxation and tranquil alignment; Consistent dosage block in every bite","99.8%","Farm Bill Compliant Phytocannabinoid Profile","JustCBD Sugar Free CBD Gummies 3000mg – Gummy Worms","JustCBD Sugar Free CBD Gummies 3000mg – Gummy Worms supports everyday wellness — now available at TwoBudz in Flower Mound, TX and calm through precisely dosed CBD gummies in a delicious classic fruity gummy worm flavor. What's Inside • 3000mg total CBD • Delicious classic fruity gummy worm flavor • Precisely dosed for consistent effects • 3000mg total • Third-party lab tested","","JustCBD Sugar Free CBD Gummies 3000mg – Gummy Worms",FALSE,FALSE,"19","justcbd-sugar-free-cbd-gummies-3000mg-gummy-worms"
"Daily Gummies – 50mg","Daily Gummies – 50mg supports everyday wellness — now available at TwoBudz in Flower Mound, TX and calm balance through precisely dosed CBD gummies in a delicious light mixed fruit flavor. What's Inside • 50mg total CBD • Delicious light mixed fruit flavor • Precisely dosed for consistent effects • 50mg total • Third-party lab tested","About This Product Daily Gummies – 50mg supports daily balance and wellbeing through a thoughtfully formulated CBD gummy formula. Every gummy is carefully dosed for consistent, dependable results. Available in a delicious light mixed fruit flavor, these gummies make adding cannabinoids to your daily routine simple and enjoyable — perfect for relaxing after a long day, supporting sleep, or enhancing your overall sense of wellbeing. Made with premium hemp-derived ingredients and rigorously tested for purity and potency, Daily Gummies – 50mg is a trusted choice at TwoBudz, Flower Mound's premier hemp shop. Browse more CBD products in our CBD Products collection at TwoBudz in Flower Mound. Taste & Aroma • Light mixed fruit flavor • Gentle sweet taste • Smooth clean finish Why Choose This Product ✔ 50mg total CBD ✔ Delicious light mixed fruit flavor ✔ Precisely dosed for consistent, reliable effects ✔ 50mg total ✔ Third-party lab tested for purity and potency ✔ Made with premium hemp-derived extract How to Use Start with one gummy and wait 30–60 minutes to understand the effects before consuming more.",44.99,"gummies","< 0.3% THC","50mg","","15 Gummy Pack; 30 Gummy Value Pack","Vegan-friendly, delicious real fruit berry juices; Deep body soothing relaxation and tranquil alignment; Consistent dosage block in every bite","99.8%","Farm Bill Compliant Phytocannabinoid Profile","Daily Gummies – 50mg","Daily Gummies – 50mg supports everyday wellness — now available at TwoBudz in Flower Mound, TX and calm balance through precisely dosed CBD gummies in a delicious light mixed fruit flavor. What's Inside • 50mg total CBD • Delicious light mixed fruit flavor • Precisely dosed for consistent effects • 50mg total • Third-party lab tested","","Daily Gummies – 50mg",FALSE,FALSE,"143","daily-gummies-50mg"
"Primo Vibes CBD Nano Water Soluble 1500mg – Natural","Primo Vibes CBD Nano Water Soluble 1500mg – Natural delivers fast-absorbing nano CBD technology in a natural flavor — perfect for mixing into any beverage. What's Inside • 1500mg CBD per bottle • Nano water-soluble technology • Natural flavor • Enhanced bioavailability vs. standard oils • Mix into any drink","About This Product Primo Vibes CBD Nano Water Soluble 1500mg – Natural harnesses advanced nano water-soluble technology to deliver CBD more efficiently than traditional oil tinctures. By breaking CBD into nano-sized particles, this formula offers enhanced bioavailability and faster onset — so you get more from every serving. With a natural flavor, it can be taken directly or easily mixed into water, juice, coffee, or any favorite beverage for a seamless wellness routine. Available at TwoBudz, this nano CBD formula is ideal for those who want flexible, effective CBD support throughout the day. Taste & Aroma • Natural flavor • Water-soluble nano CBD • Fast-absorbing formula Why Choose This Product ✔ 1500mg CBD per bottle ✔ Nano water-soluble technology ✔ Natural flavor ✔ Enhanced bioavailability vs. standard CBD oils ✔ Versatile — mix into any beverage or take directly ✔ Third-party lab tested How to Use Add desired amount to water or take directly under the tongue. Start with a small serving and adjust based on your needs.",120,"beverages","< 0.3% THC","1500mg","","4-Pack Cans; 12-Pack Case","Sparkling organic carbonated hydration; Fast acting nano-emulsified active cannabinoids; Zero high-fructose corn syrups or artificial color","99.8%","Farm Bill Compliant Phytocannabinoid Profile","Primo Vibes CBD Nano Water Soluble 1500mg – Natural","Primo Vibes CBD Nano Water Soluble 1500mg – Natural delivers fast-absorbing nano CBD technology in a natural flavor — perfect for mixing into any beverage. What's Inside • 1500mg CBD per bottle • Nano water-soluble technology • Natural flavor • Enhanced bioavailability vs. standard oils • Mix into any drink","","Primo Vibes CBD Nano Water Soluble 1500mg – Natural",FALSE,FALSE,"37","primo-vibes-cbd-nano-water-soluble-1500mg-natural"
"Enjoy Live Rosin Euphoria Delta 9 Gummies 600mg","Enjoy Live Rosin Euphoria Delta 9 Gummies 600mg provides balanced relaxation and euphoria through precisely dosed Delta-9 THC gummies in a delicious sweet fruity euphoria blend flavor. What's Inside • 600mg total Delta-9 THC • Delicious sweet fruity euphoria blend flavor • Precisely dosed for consistent effects • 600mg total • Third-party lab tested","About This Product Enjoy Live Rosin Euphoria Delta 9 Gummies 600mg provides balanced relaxation and euphoria through a carefully crafted Delta-9 THC gummy formula. These gummies are crafted with premium live rosin extract for superior terpene preservation and authentic full-plant flavor. Every gummy is carefully dosed for consistent, dependable results. Available in a delicious sweet fruity euphoria blend flavor, these gummies make adding cannabinoids to your daily routine simple and enjoyable — perfect for relaxing after a long day, supporting sleep, or enhancing your overall sense of wellbeing. Made with premium hemp-derived ingredients and rigorously tested for purity and potency, Enjoy Live Rosin Euphoria Delta 9 Gummies 600mg is a trusted choice at TwoBudz, Flower Mound's premier hemp shop. Browse more Delta-9 THC products in our Delta 9 Products collection at TwoBudz in Flower Mound. Taste & Aroma • Sweet fruit candy flavor • Bold festive taste • Smooth clean finish Why Choose This Product ✔ 600mg total Delta-9 THC ✔ Delicious sweet fruity euphoria blend flavor ✔ Precisely dosed for consistent, reliable effects ✔ 600mg total ✔ Third-party lab tested for purity and potency ✔ Made with premium hemp-derived extract How to Use Start with one gummy and wait 30–60 minutes to understand the effects before consuming more.",74.99,"gummies","< 0.3% THC","600mg","","40 Gummies Per Bag","Vegan-friendly, delicious real fruit berry juices; Deep body soothing relaxation and tranquil alignment; Consistent dosage block in every bite","99.8%","Farm Bill Compliant Phytocannabinoid Profile","Enjoy Live Rosin Euphoria Delta 9 Gummies 600mg","Shop Enjoy Live Rosin Euphoria Delta 9 Gummies 600mg. Premium hemp-derived gummies infused with live rosin and Delta 9 for a flavorful edible experience.","Enjoy Hemp, Live Rosin Gummies, Euphoria, Delta 9 Gummies, 600mg Delta 9, Hemp-Derived, THC Gummies, Live Rosin, Hemp Gummies, Edibles, Premium Gummies, Wellness","Enjoy Live Rosin Euphoria Delta 9 Gummies 600mg hemp-derived live rosin gummy package",FALSE,FALSE,"127","enjoy-live-rosin-euphoria-delta-9-gummies-600mg"
"Urb D8/D9 Gummies Berry Burst","Urb D8/D9 Gummies Berry Burst provides balanced relaxation and euphoria through precisely dosed Delta-9 THC gummies in a delicious mixed berry burst flavor. What's Inside • Delta-9 THC formula • Delicious mixed berry burst flavor • Precisely dosed for consistent effects • resealable pack • Third-party lab tested","About This Product Urb D8/D9 Gummies Berry Burst provides balanced relaxation and euphoria through a carefully crafted Delta-9 THC gummy formula. Every gummy is carefully dosed for consistent, dependable results. Available in a delicious mixed berry burst flavor, these gummies make adding cannabinoids to your daily routine simple and enjoyable — perfect for relaxing after a long day, supporting sleep, or enhancing your overall sense of wellbeing. Made with premium hemp-derived ingredients and rigorously tested for purity and potency, Urb D8/D9 Gummies Berry Burst is a trusted choice at TwoBudz, Flower Mound's premier hemp shop. Browse more Delta-9 THC products in our Delta 9 Products collection at TwoBudz in Flower Mound. Taste & Aroma • Mixed berry burst flavor • Bold sweet-tart taste • Smooth clean finish Why Choose This Product ✔ Delta-9 THC formula ✔ Delicious mixed berry burst flavor ✔ Precisely dosed for consistent, reliable effects ✔ Resealable pack ✔ Third-party lab tested for purity and potency ✔ Made with premium hemp-derived extract How to Use Start with one gummy and wait 30–60 minutes to understand the effects before consuming more.",47.99,"gummies","10mg Delta-9 THC","500mg CBD","","15 Gummy Pack; 30 Gummy Value Pack","Vegan-friendly, delicious real fruit berry juices; Deep body soothing relaxation and tranquil alignment; Consistent dosage block in every bite","99.8%","Farm Bill Compliant Phytocannabinoid Profile","Urb D8/D9 Gummies Berry Burst","Urb D8/D9 Gummies Berry Burst provides balanced relaxation and euphoria through precisely dosed Delta-9 THC gummies in a delicious mixed berry burst flavor. What's Inside • Delta-9 THC formula • Delicious mixed berry burst flavor • Precisely dosed for consistent effects • resealable pack • Third-party lab tested","","Urb D8/D9 Gummies Berry Burst",FALSE,FALSE,"130","urb-d8-d9-gummies-berry-burst"
"Urb D8/D9 Gummies Lavish Fresa","Urb D8/D9 Gummies Lavish Fresa provides balanced relaxation and euphoria through precisely dosed Delta-9 THC gummies in a delicious sweet strawberry fresa flavor. What's Inside • Delta-9 THC formula • Delicious sweet strawberry fresa flavor • Precisely dosed for consistent effects • resealable pack • Third-party lab tested","About This Product Urb D8/D9 Gummies Lavish Fresa provides balanced relaxation and euphoria through a carefully crafted Delta-9 THC gummy formula. Every gummy is carefully dosed for consistent, dependable results. Available in a delicious sweet strawberry fresa flavor, these gummies make adding cannabinoids to your daily routine simple and enjoyable — perfect for relaxing after a long day, supporting sleep, or enhancing your overall sense of wellbeing. Made with premium hemp-derived ingredients and rigorously tested for purity and potency, Urb D8/D9 Gummies Lavish Fresa is a trusted choice at TwoBudz, Flower Mound's premier hemp shop. Browse more Delta-9 THC products in our Delta 9 Products collection at TwoBudz in Flower Mound. Taste & Aroma • Sweet strawberry fresa flavor • Fruity candy taste • Smooth clean finish Why Choose This Product ✔ Delta-9 THC formula ✔ Delicious sweet strawberry fresa flavor ✔ Precisely dosed for consistent, reliable effects ✔ Resealable pack ✔ Third-party lab tested for purity and potency ✔ Made with premium hemp-derived extract How to Use Start with one gummy and wait 30–60 minutes to understand the effects before consuming more.",47.99,"gummies","10mg Delta-9 THC","500mg CBD","","15 Gummy Pack; 30 Gummy Value Pack","Vegan-friendly, delicious real fruit berry juices; Deep body soothing relaxation and tranquil alignment; Consistent dosage block in every bite","99.8%","Farm Bill Compliant Phytocannabinoid Profile","Urb D8/D9 Gummies Lavish Fresa","Urb D8/D9 Gummies Lavish Fresa provides balanced relaxation and euphoria through precisely dosed Delta-9 THC gummies in a delicious sweet strawberry fresa flavor. What's Inside • Delta-9 THC formula • Delicious sweet strawberry fresa flavor • Precisely dosed for consistent effects • resealable pack • Third-party lab tested","","Urb D8/D9 Gummies Lavish Fresa",FALSE,FALSE,"131","urb-d8-d9-gummies-lavish-fresa"
"Urb D8/D9 Gummies Spiked Kiwi","Urb D8/D9 Gummies Spiked Kiwi provides balanced relaxation and euphoria through precisely dosed Delta-9 THC gummies in a delicious tangy spiked kiwi flavor. What's Inside • Delta-9 THC formula • Delicious tangy spiked kiwi flavor • Precisely dosed for consistent effects • resealable pack • Third-party lab tested","About This Product Urb D8/D9 Gummies Spiked Kiwi provides balanced relaxation and euphoria through a carefully crafted Delta-9 THC gummy formula. Every gummy is carefully dosed for consistent, dependable results. Available in a delicious tangy spiked kiwi flavor, these gummies make adding cannabinoids to your daily routine simple and enjoyable — perfect for relaxing after a long day, supporting sleep, or enhancing your overall sense of wellbeing. Made with premium hemp-derived ingredients and rigorously tested for purity and potency, Urb D8/D9 Gummies Spiked Kiwi is a trusted choice at TwoBudz, Flower Mound's premier hemp shop. Browse more Delta-9 THC products in our Delta 9 Products collection at TwoBudz in Flower Mound. Taste & Aroma • Tangy spiked kiwi flavor • Bold tropical taste • Smooth clean finish Why Choose This Product ✔ Delta-9 THC formula ✔ Delicious tangy spiked kiwi flavor ✔ Precisely dosed for consistent, reliable effects ✔ Resealable pack ✔ Third-party lab tested for purity and potency ✔ Made with premium hemp-derived extract How to Use Start with one gummy and wait 30–60 minutes to understand the effects before consuming more.",47.99,"gummies","10mg Delta-9 THC","500mg CBD","","15 Gummy Pack; 30 Gummy Value Pack","Vegan-friendly, delicious real fruit berry juices; Deep body soothing relaxation and tranquil alignment; Consistent dosage block in every bite","99.8%","Farm Bill Compliant Phytocannabinoid Profile","Urb D8/D9 Gummies Spiked Kiwi","Urb D8/D9 Gummies Spiked Kiwi provides balanced relaxation and euphoria through precisely dosed Delta-9 THC gummies in a delicious tangy spiked kiwi flavor. What's Inside • Delta-9 THC formula • Delicious tangy spiked kiwi flavor • Precisely dosed for consistent effects • resealable pack • Third-party lab tested","","Urb D8/D9 Gummies Spiked Kiwi",FALSE,FALSE,"132","urb-d8-d9-lavish-fresa-gummies-spiked-kiwi"
"Lunchbox Alchemy – CBD Gummies For Sleep – Full Spectrum","Lunchbox Alchemy – CBD Gummies For Sleep – Full Spectrum delivers restful sleep and nighttime relaxation through precisely dosed CBD gummies in a delicious calming mixed berry flavor. What's Inside • CBD formula • Delicious calming mixed berry flavor • Precisely dosed for consistent effects • resealable pack • Third-party lab tested","About This Product Lunchbox Alchemy – CBD Gummies For Sleep – Full Spectrum provides restful sleep and nighttime relaxation through a carefully crafted CBD gummy formula. Every gummy is carefully dosed for consistent, dependable results. Available in a delicious calming mixed berry flavor, these gummies make adding cannabinoids to your daily routine simple and enjoyable — perfect for relaxing after a long day, supporting sleep, or enhancing your overall sense of wellbeing. Made with premium hemp-derived ingredients and rigorously tested for purity and potency, Lunchbox Alchemy – CBD Gummies For Sleep – Full Spectrum is a trusted choice at TwoBudz, Flower Mound's premier hemp shop. Browse more CBD products in our CBD Products collection at TwoBudz in Flower Mound. Taste & Aroma • Calming mixed berry flavor • Subtle sweet notes • Smooth clean finish Why Choose This Product ✔ CBD formula ✔ Delicious calming mixed berry flavor ✔ Precisely dosed for consistent, reliable effects ✔ Resealable pack ✔ Third-party lab tested for purity and potency ✔ Made with premium hemp-derived extract How to Use Start with one gummy and wait 30–60 minutes to understand the effects before consuming more.",64.99,"gummies","< 0.3% THC","500mg CBD","","15 Gummy Pack; 30 Gummy Value Pack","Vegan-friendly, delicious real fruit berry juices; Deep body soothing relaxation and tranquil alignment; Consistent dosage block in every bite","99.8%","Farm Bill Compliant Phytocannabinoid Profile","Lunchbox Alchemy – CBD Gummies For Sleep – Full Spectrum","Lunchbox Alchemy – CBD Gummies For Sleep – Full Spectrum delivers restful sleep and nighttime relaxation through precisely dosed CBD gummies in a delicious calming mixed berry flavor. What's Inside • CBD formula • Delicious calming mixed berry flavor • Precisely dosed for consistent effects • resealable pack • Third-party lab tested","","Lunchbox Alchemy – CBD Gummies For Sleep – Full Spectrum",FALSE,FALSE,"162","lunchbox-alchemy-cbd-gummies-for-sleep-full-spectrum-1500mg"
"Night Gummies – 50mg","Night Gummies – 50mg supports everyday wellness — now available at TwoBudz in Flower Mound, TX and calm balance through precisely dosed CBD gummies in a delicious mixed berry for sleep flavor. What's Inside • 50mg total CBD • Delicious mixed berry for sleep flavor • Precisely dosed for consistent effects • 50mg total • Third-party lab tested","About This Product Night Gummies – 50mg supports daily balance and wellbeing through a thoughtfully formulated CBD gummy formula. Every gummy is carefully dosed for consistent, dependable results. Available in a delicious mixed berry for sleep flavor, these gummies make adding cannabinoids to your daily routine simple and enjoyable — perfect for relaxing after a long day, supporting sleep, or enhancing your overall sense of wellbeing. Made with premium hemp-derived ingredients and rigorously tested for purity and potency, Night Gummies – 50mg is a trusted choice at TwoBudz, Flower Mound's premier hemp shop. Browse more CBD products in our CBD Products collection at TwoBudz in Flower Mound. Taste & Aroma • Mixed berry flavor • Subtle calming sweetness • Smooth clean finish Why Choose This Product ✔ 50mg total CBD ✔ Delicious mixed berry for sleep flavor ✔ Precisely dosed for consistent, reliable effects ✔ 50mg total ✔ Third-party lab tested for purity and potency ✔ Made with premium hemp-derived extract How to Use Start with one gummy and wait 30–60 minutes to understand the effects before consuming more.",44.99,"gummies","< 0.3% THC","50mg","","15 Gummy Pack; 30 Gummy Value Pack","Vegan-friendly, delicious real fruit berry juices; Deep body soothing relaxation and tranquil alignment; Consistent dosage block in every bite","99.8%","Farm Bill Compliant Phytocannabinoid Profile","Night Gummies – 50mg","Night Gummies – 50mg supports everyday wellness — now available at TwoBudz in Flower Mound, TX and calm balance through precisely dosed CBD gummies in a delicious mixed berry for sleep flavor. What's Inside • 50mg total CBD • Delicious mixed berry for sleep flavor • Precisely dosed for consistent effects • 50mg total • Third-party lab tested","","Night Gummies – 50mg",FALSE,FALSE,"142","night-gummies-50mg"
"Delta 9 Euphoria Syrup 420mg","Delta 9 Euphoria Syrup 420mg delivers uplifting euphoria and mood elevation through a versatile 420mg Delta-9 THC syrup you can mix into beverages or take directly. What's Inside • 420mg Delta-9 THC per bottle • Euphoria formula • Versatile — mix into drinks or take directly • Hemp-derived Delta-9 THC • Third-party lab tested","About This Product Delta 9 Euphoria Syrup 420mg is a potent, versatile Delta-9 THC syrup delivering uplifting euphoria and mood elevation. With 420mg of hemp-derived Delta-9 THC per bottle, this syrup can be mixed into your favorite beverages, drizzled over food, or taken directly for a customizable cannabis experience. The Euphoria formula is designed for consistent, predictable effects, making it a great choice for experienced cannabinoid users who want flexibility in how they consume. Available at TwoBudz as part of our Delta 9 Products collection. Taste & Aroma • Sweet and smooth syrup base • Light herbal hemp notes • Versatile and mixable Why Choose This Product ✔ 420mg Delta-9 THC per bottle ✔ Euphoria formula ✔ Mix into beverages or take directly ✔ Hemp-derived Delta-9 THC ✔ Third-party lab tested for purity and potency How to Use Start with a small serving (5–10ml) and wait 30–60 minutes before consuming more. Mix into juice, soda, or tea, or take directly.",49.99,"beverages","< 0.3% THC","420mg","","4-Pack Cans; 12-Pack Case","Sparkling organic carbonated hydration; Fast acting nano-emulsified active cannabinoids; Zero high-fructose corn syrups or artificial color","99.8%","Farm Bill Compliant Phytocannabinoid Profile","Delta 9 Euphoria Syrup 420mg","Delta 9 Euphoria Syrup 420mg delivers uplifting euphoria and mood elevation through a versatile 420mg Delta-9 THC syrup you can mix into beverages or take directly. What's Inside • 420mg Delta-9 THC per bottle • Euphoria formula • Versatile — mix into drinks or take directly • Hemp-derived Delta-9 THC • Third-party lab tested","","Delta 9 Euphoria Syrup 420mg",FALSE,FALSE,"139","delta-9-euphoria-syrup-420mg"
"Fruit Duo – 6g","Fruit Duo – 6g delivers a refreshing and energizing fruit snack in a convenient 6g pack ready-to-enjoy format. What's Inside • Premium fruity snack pack • Sweet mixed fruit flavor • 6g pack • No refrigeration needed • Perfect on-the-go snack","About This Product Fruit Duo – 6g is a premium fruity snack pack offering a refreshing and energizing fruit snack in a convenient, portable format. With sweet mixed fruit flavors, this snack is ideal for busy days, travel, or whenever hunger strikes. Made with quality ingredients for great taste and convenience. Available at TwoBudz as part of our specialty snack selection. Taste & Aroma • Sweet mixed fruit • Bold and satisfying taste • Clean finish Why Choose This Product ✔ Premium fruity snack pack ✔ Sweet mixed fruit flavor ✔ 6g pack ✔ Portable and easy to enjoy ✔ No refrigeration required How to Use Enjoy at room temperature as a standalone snack or pair with your favorite beverage.",34.99,"cbd-oils","< 0.3% THC","500mg CBD","","30ml Dropper Bottle; 60ml Value Pack","High-potency sublingual absorption profile; Organically cured cold-pressed MCT compound base; Fast restorative action to manage daily tension","99.8%","Farm Bill Compliant Phytocannabinoid Profile","Fruit Duo – 6g","Fruit Duo – 6g delivers a refreshing and energizing fruit snack in a convenient 6g pack ready-to-enjoy format. What's Inside • Premium fruity snack pack • Sweet mixed fruit flavor • 6g pack • No refrigeration needed • Perfect on-the-go snack","","Fruit Duo – 6g",FALSE,FALSE,"147","fruit-duo-6g"
"Comfortably Numb Tincture – 1200 mg","Comfortably Numb Tincture – 1200 mg delivers premium full-spectrum hemp-derived CBD support in an easy-to-use tincture. What's Inside • 1200mg CBD per bottle • Full-spectrum hemp extract • Precise dropper dosing • Natural flavor • Third-party lab tested","About This Product Comfortably Numb Tincture – 1200 mg provides targeted CBD support through a premium full-spectrum hemp-derived tincture. With 1200mg CBD per bottle, it is designed for those seeking natural wellness support from a trusted, quality formulation. Whether used for daily balance, recovery, or relaxation, this tincture delivers consistent, high-quality cannabinoids with every use. The precision dropper allows for customizable serving sizes. Available at TwoBudz, this CBD tincture is third-party tested and crafted from premium hemp. Taste & Aroma • Natural flavor • Smooth oil texture • Clean earthy finish Why Choose This Product ✔ 1200mg CBD per bottle ✔ Full-spectrum hemp-derived extract ✔ Precise dropper for accurate dosing ✔ Natural flavor ✔ Third-party lab tested for purity and potency How to Use Take desired amount under the tongue, hold for 60 seconds, then swallow. Start small and adjust as needed.",44.99,"cbd-oils","< 0.3% THC","500mg CBD","","30ml Dropper Bottle; 60ml Value Pack","High-potency sublingual absorption profile; Organically cured cold-pressed MCT compound base; Fast restorative action to manage daily tension","99.8%","Farm Bill Compliant Phytocannabinoid Profile","Comfortably Numb Tincture – 1200 mg","Comfortably Numb Tincture – 1200 mg delivers premium full-spectrum hemp-derived CBD support in an easy-to-use tincture. What's Inside • 1200mg CBD per bottle • Full-spectrum hemp extract • Precise dropper dosing • Natural flavor • Third-party lab tested","","Comfortably Numb Tincture – 1200 mg",FALSE,FALSE,"151","comfortably-numb-tincture-1200-mg"
"JustCBD CBD Dog Treats 100mg – Beef Wraps","JustCBD CBD Dog Treats 100mg – Beef Wraps provides daily wellness and joint support for your dog in a delicious hearty beef treat they'll love. What's Inside • 100mg CBD per package • Hearty beef flavor • Soft chew treat format • Pet-safe hemp-derived CBD • Third-party lab tested","About This Product JustCBD CBD Dog Treats 100mg – Beef Wraps offers a tasty, convenient way to support your dog's daily wellness and joint support. Made with premium hemp-derived CBD and crafted specifically for dogs, these treats make it easy to incorporate cannabinoids into your pet's daily routine. Each treat is formulated with pet-safe ingredients and comes in a hearty beef flavor that dogs enjoy, making daily dosing stress-free for both you and your pet. Available at TwoBudz, these CBD dog treats are lab tested and trusted by pet owners. Taste & Aroma • Hearty beef flavor dogs love • Soft and easy to chew • Made with pet-safe ingredients Why Choose This Product ✔ 100mg CBD per package ✔ Hearty beef flavor dogs love ✔ Supports daily wellness and joint support ✔ Soft, easy-to-chew treat format ✔ Pet-safe hemp-derived CBD ✔ Third-party lab tested for purity How to Use Give your dog the recommended number of treats based on their weight. Consult your veterinarian before adding any supplement to your pet's diet.",19.99,"pets","< 0.3% THC","100mg","","30ml Dropper Bottle","Vet-approved 100% safe broad-spectrum base; Delectable natural flavors pet easily swallows; Relief from thunder storms and joint stiffness","99.8%","Farm Bill Compliant Phytocannabinoid Profile","JustCBD CBD Dog Treats 100mg – Beef Wraps","JustCBD CBD Dog Treats 100mg – Beef Wraps provides daily wellness and joint support for your dog in a delicious hearty beef treat they'll love. What's Inside • 100mg CBD per package • Hearty beef flavor • Soft chew treat format • Pet-safe hemp-derived CBD • Third-party lab tested","","JustCBD CBD Dog Treats 100mg – Beef Wraps",FALSE,FALSE,"10","justcbd-cbd-dog-treats-100mg-beef-wraps"
"JustCBD CBD Tincture 5000mg – Nighttime Blend","JustCBD CBD Tincture 5000mg – Nighttime Blend delivers potent 5000mg CBD with a sleep-supporting nighttime formula for deep rest and recovery. What's Inside • 5000mg CBD per bottle • Nighttime sleep-support blend • High-potency hemp extract • Precision dropper dosing • Third-party lab tested","About This Product JustCBD CBD Tincture 5000mg – Nighttime Blend is a high-potency CBD tincture formulated with additional sleep-supporting botanicals for nighttime use. Containing 5000mg of premium hemp-derived CBD per bottle, this tincture is ideal for experienced users seeking powerful support for relaxation and restful sleep. The Nighttime Blend formula is crafted to help you unwind at the end of the day, promoting deeper, more restorative sleep. Each bottle includes a precision dropper for accurate, customizable dosing. Available at TwoBudz, this is one of the most potent CBD tinctures in our collection. Taste & Aroma • Natural hemp flavor • Smooth oil texture • Clean earthy finish Why Choose This Product ✔ 5000mg CBD per bottle ✔ Nighttime sleep-support blend ✔ High-potency hemp-derived CBD extract ✔ Precision dropper for accurate dosing ✔ Third-party lab tested for purity and potency How to Use Take 0.5–1ml under the tongue before bed, hold for 60 seconds, then swallow. Consult a healthcare provider if you have questions.",159.99,"cbd-oils","< 0.3% THC","5000mg","","30ml Dropper Bottle; 60ml Value Pack","High-potency sublingual absorption profile; Organically cured cold-pressed MCT compound base; Fast restorative action to manage daily tension","99.8%","Farm Bill Compliant Phytocannabinoid Profile","JustCBD CBD Tincture 5000mg – Nighttime Blend","JustCBD CBD Tincture 5000mg – Nighttime Blend delivers potent 5000mg CBD with a sleep-supporting nighttime formula for deep rest and recovery. What's Inside • 5000mg CBD per bottle • Nighttime sleep-support blend • High-potency hemp extract • Precision dropper dosing • Third-party lab tested","","JustCBD CBD Tincture 5000mg – Nighttime Blend",FALSE,FALSE,"11","justcbd-cbd-tincture-5000mg-nighttime-blend"
"Meat & Cheese – 12g","Meat & Cheese – 12g delivers a satisfying protein-rich snack in a convenient 12g pack ready-to-enjoy format. What's Inside • Premium savory meat and cheese snack • Bold savory meat and rich cheese flavor • 12g pack • No refrigeration needed • Perfect on-the-go snack","About This Product Meat & Cheese – 12g is a premium savory meat and cheese snack offering a satisfying protein-rich snack in a convenient, portable format. With bold savory meat and rich cheese flavors, this snack is ideal for busy days, travel, or whenever hunger strikes. Made with quality meats and cheeses for a satisfying, protein-rich experience. Available at TwoBudz as part of our specialty snack selection. Taste & Aroma • Bold savory meat and rich cheese • Bold and satisfying taste • Clean finish Why Choose This Product ✔ Premium savory meat and cheese snack ✔ Bold savory meat and rich cheese flavor ✔ 12g pack ✔ Portable and easy to enjoy ✔ No refrigeration required How to Use Enjoy at room temperature as a standalone snack or pair with your favorite beverage.",41.99,"cbd-oils","< 0.3% THC","500mg CBD","","30ml Dropper Bottle; 60ml Value Pack","High-potency sublingual absorption profile; Organically cured cold-pressed MCT compound base; Fast restorative action to manage daily tension","99.8%","Farm Bill Compliant Phytocannabinoid Profile","Meat & Cheese – 12g","Meat & Cheese – 12g delivers a satisfying protein-rich snack in a convenient 12g pack ready-to-enjoy format. What's Inside • Premium savory meat and cheese snack • Bold savory meat and rich cheese flavor • 12g pack • No refrigeration needed • Perfect on-the-go snack","","Meat & Cheese – 12g",FALSE,FALSE,"144","meat-cheese-12g"
"Proleve – CBD Night Gummies – 50mg, 30 Count","Proleve – CBD Night Gummies – 50 mg, 30 Count supports everyday wellness — now available at TwoBudz in Flower Mound, TX and calm balance through precisely dosed CBD gummies in a delicious mixed berry for sleep flavor. What's Inside • 50mg total CBD • Delicious mixed berry for sleep flavor • Precisely dosed for consistent effects • 50mg total • Third-party lab tested","About This Product Proleve – CBD Night Gummies – 50 mg, 30 Count supports daily balance and wellbeing through a thoughtfully formulated CBD gummy formula. Every gummy is carefully dosed for consistent, dependable results. Available in a delicious mixed berry for sleep flavor, these gummies make adding cannabinoids to your daily routine simple and enjoyable — perfect for relaxing after a long day, supporting sleep, or enhancing your overall sense of wellbeing. Made with premium hemp-derived ingredients and rigorously tested for purity and potency, Proleve – CBD Night Gummies – 50 mg, 30 Count is a trusted choice at TwoBudz, Flower Mound's premier hemp shop. Browse more CBD products in our CBD Products collection at TwoBudz in Flower Mound. Taste & Aroma • Mixed berry flavor • Subtle calming sweetness • Smooth clean finish Why Choose This Product ✔ 50mg total CBD ✔ Delicious mixed berry for sleep flavor ✔ Precisely dosed for consistent, reliable effects ✔ 50mg total ✔ Third-party lab tested for purity and potency ✔ Made with premium hemp-derived extract How to Use Start with one gummy and wait 30–60 minutes to understand the effects before consuming more.",64.99,"gummies","< 0.3% THC","500mg CBD","","30 Per Bottle","Vegan-friendly, delicious real fruit berry juices; Deep body soothing relaxation and tranquil alignment; Consistent dosage block in every bite","99.8%","Farm Bill Compliant Phytocannabinoid Profile","Proleve CBD Night Gummies 50mg 30 Count","Shop Proleve CBD Night Gummies 50mg, 30 Count. Premium hemp-derived CBD gummies crafted to support your nighttime wellness routine in a convenient edible form.","Proleve, CBD Gummies, Night Gummies, 50mg CBD, 30 Count, Hemp-Derived, CBD Edibles, Nighttime Support, Wellness, Premium CBD, Hemp Gummies, Daily Wellness","Proleve CBD Night Gummies 50mg 30-count hemp-derived CBD gummy bottle",FALSE,FALSE,"157","proleve-cbd-night-gummies-50-mg-30-count"
"JustCBD CBD Gummies 1000mg – Rainbow Ribbon","JustCBD CBD Gummies 1000mg – Rainbow Ribbon supports everyday wellness — now available at TwoBudz in Flower Mound, TX and calm through precisely dosed CBD gummies in a delicious mixed fruit rainbow ribbon flavor. What's Inside • 1000mg total CBD • Delicious mixed fruit rainbow ribbon flavor • Precisely dosed for consistent effects • 1000mg total • Third-party lab tested","About This Product JustCBD CBD Gummies 1000mg – Rainbow Ribbon provides daily wellness and calm through a carefully crafted CBD gummy formula. Every gummy is carefully dosed for consistent, dependable results. Available in a delicious mixed fruit rainbow ribbon flavor, these gummies make adding cannabinoids to your daily routine simple and enjoyable — perfect for relaxing after a long day, supporting sleep, or enhancing your overall sense of wellbeing. Made with premium hemp-derived ingredients and rigorously tested for purity and potency, JustCBD CBD Gummies 1000mg – Rainbow Ribbon is a trusted choice at TwoBudz, Flower Mound's premier hemp shop. Browse more CBD products in our CBD Products collection at TwoBudz in Flower Mound. Taste & Aroma • Mixed fruit candy flavor • Colorful sweet-tart taste • Smooth clean finish Why Choose This Product ✔ 1000mg total CBD ✔ Delicious mixed fruit rainbow ribbon flavor ✔ Precisely dosed for consistent, reliable effects ✔ 1000mg total ✔ Third-party lab tested for purity and potency ✔ Made with premium hemp-derived extract How to Use Start with one gummy and wait 30–60 minutes to understand the effects before consuming more.",49.99,"gummies","< 0.3% THC","1000mg","","15 Gummy Pack; 30 Gummy Value Pack","Vegan-friendly, delicious real fruit berry juices; Deep body soothing relaxation and tranquil alignment; Consistent dosage block in every bite","99.8%","Farm Bill Compliant Phytocannabinoid Profile","JustCBD CBD Gummies 1000mg – Rainbow Ribbon","JustCBD CBD Gummies 1000mg – Rainbow Ribbon supports everyday wellness — now available at TwoBudz in Flower Mound, TX and calm through precisely dosed CBD gummies in a delicious mixed fruit rainbow ribbon flavor. What's Inside • 1000mg total CBD • Delicious mixed fruit rainbow ribbon flavor • Precisely dosed for consistent effects • 1000mg total • Third-party lab tested","","JustCBD CBD Gummies 1000mg – Rainbow Ribbon",FALSE,FALSE,"14","justcbd-cbd-gummies-1000mg-rainbow-ribbon"
"Lunchbox Alchemy – Relief – 30ct","Lunchbox Alchemy – Relief – 30ct supports everyday wellness — now available at TwoBudz in Flower Mound, TX and calm balance through precisely dosed CBD gummies in a delicious soothing mixed fruit flavor. What's Inside • CBD formula • Delicious soothing mixed fruit flavor • Precisely dosed for consistent effects • 30-count pack • Third-party lab tested","About This Product Lunchbox Alchemy – Relief – 30ct supports daily balance and wellbeing through a thoughtfully formulated CBD gummy formula. Every gummy is carefully dosed for consistent, dependable results. Available in a delicious soothing mixed fruit flavor, these gummies make adding cannabinoids to your daily routine simple and enjoyable — perfect for relaxing after a long day, supporting sleep, or enhancing your overall sense of wellbeing. Made with premium hemp-derived ingredients and rigorously tested for purity and potency, Lunchbox Alchemy – Relief – 30ct is a trusted choice at TwoBudz, Flower Mound's premier hemp shop. Browse more CBD products in our CBD Products collection at TwoBudz in Flower Mound. Taste & Aroma • Mixed fruit candy flavor • Light sweet taste • Smooth clean finish Why Choose This Product ✔ CBD formula ✔ Delicious soothing mixed fruit flavor ✔ Precisely dosed for consistent, reliable effects ✔ 30-count pack ✔ Third-party lab tested for purity and potency ✔ Made with premium hemp-derived extract How to Use Start with one gummy and wait 30–60 minutes to understand the effects before consuming more.",64.99,"cbd-oils","< 0.3% THC","500mg CBD","","30ml Dropper Bottle; 60ml Value Pack","High-potency sublingual absorption profile; Organically cured cold-pressed MCT compound base; Fast restorative action to manage daily tension","99.8%","Farm Bill Compliant Phytocannabinoid Profile","Lunchbox Alchemy – Relief – 30ct","Lunchbox Alchemy – Relief – 30ct supports everyday wellness — now available at TwoBudz in Flower Mound, TX and calm balance through precisely dosed CBD gummies in a delicious soothing mixed fruit flavor. What's Inside • CBD formula • Delicious soothing mixed fruit flavor • Precisely dosed for consistent effects • 30-count pack • Third-party lab tested","","Lunchbox Alchemy – Relief – 30ct",FALSE,FALSE,"160","lunchbox-alchemy-relief-30ct-50mg-1500mg"
"JustCBD CBD Gummies 1000mg – Gummy Bears","JustCBD CBD Gummies 1000mg – Gummy Bears supports everyday wellness — now available at TwoBudz in Flower Mound, TX and calm through precisely dosed CBD gummies in a delicious classic fruity gummy bear flavor. What's Inside • 1000mg total CBD • Delicious classic fruity gummy bear flavor • Precisely dosed for consistent effects • 1000mg total • Third-party lab tested","About This Product JustCBD CBD Gummies 1000mg – Gummy Bears provides daily wellness and calm through a carefully crafted CBD gummy formula. Every gummy is carefully dosed for consistent, dependable results. Available in a delicious classic fruity gummy bear flavor, these gummies make adding cannabinoids to your daily routine simple and enjoyable — perfect for relaxing after a long day, supporting sleep, or enhancing your overall sense of wellbeing. Made with premium hemp-derived ingredients and rigorously tested for purity and potency, JustCBD CBD Gummies 1000mg – Gummy Bears is a trusted choice at TwoBudz, Flower Mound's premier hemp shop. Browse more CBD products in our CBD Products collection at TwoBudz in Flower Mound. Taste & Aroma • Classic gummy bear candy flavor • Sweet fruity taste • Smooth clean finish Why Choose This Product ✔ 1000mg total CBD ✔ Delicious classic fruity gummy bear flavor ✔ Precisely dosed for consistent, reliable effects ✔ 1000mg total ✔ Third-party lab tested for purity and potency ✔ Made with premium hemp-derived extract How to Use Start with one gummy and wait 30–60 minutes to understand the effects before consuming more.",49.99,"gummies","< 0.3% THC","1000mg","","15 Gummy Pack; 30 Gummy Value Pack","Vegan-friendly, delicious real fruit berry juices; Deep body soothing relaxation and tranquil alignment; Consistent dosage block in every bite","99.8%","Farm Bill Compliant Phytocannabinoid Profile","JustCBD CBD Gummies 1000mg – Gummy Bears","JustCBD CBD Gummies 1000mg – Gummy Bears supports everyday wellness — now available at TwoBudz in Flower Mound, TX and calm through precisely dosed CBD gummies in a delicious classic fruity gummy bear flavor. What's Inside • 1000mg total CBD • Delicious classic fruity gummy bear flavor • Precisely dosed for consistent effects • 1000mg total • Third-party lab tested","","JustCBD CBD Gummies 1000mg – Gummy Bears",FALSE,FALSE,"15","justcbd-cbd-gummies-1000mg-gummy-bears"
"JustCBD CBD Gummies 1000mg – Peach Rings","JustCBD CBD Gummies 1000mg – Peach Rings supports everyday wellness — now available at TwoBudz in Flower Mound, TX and calm through precisely dosed CBD gummies in a delicious sweet peach flavor. What's Inside • 1000mg total CBD • Delicious sweet peach flavor • Precisely dosed for consistent effects • 1000mg total • Third-party lab tested","About This Product JustCBD CBD Gummies 1000mg – Peach Rings provides daily wellness and calm through a carefully crafted CBD gummy formula. Every gummy is carefully dosed for consistent, dependable results. Available in a delicious sweet peach flavor, these gummies make adding cannabinoids to your daily routine simple and enjoyable — perfect for relaxing after a long day, supporting sleep, or enhancing your overall sense of wellbeing. Made with premium hemp-derived ingredients and rigorously tested for purity and potency, JustCBD CBD Gummies 1000mg – Peach Rings is a trusted choice at TwoBudz, Flower Mound's premier hemp shop. Browse more CBD products in our CBD Products collection at TwoBudz in Flower Mound. Taste & Aroma • Sweet ripe peach flavor • Light candy coating • Smooth clean finish Why Choose This Product ✔ 1000mg total CBD ✔ Delicious sweet peach flavor ✔ Precisely dosed for consistent, reliable effects ✔ 1000mg total ✔ Third-party lab tested for purity and potency ✔ Made with premium hemp-derived extract How to Use Start with one gummy and wait 30–60 minutes to understand the effects before consuming more.",49.99,"gummies","< 0.3% THC","1000mg","","15 Gummy Pack; 30 Gummy Value Pack","Vegan-friendly, delicious real fruit berry juices; Deep body soothing relaxation and tranquil alignment; Consistent dosage block in every bite","99.8%","Farm Bill Compliant Phytocannabinoid Profile","JustCBD CBD Gummies 1000mg – Peach Rings","JustCBD CBD Gummies 1000mg – Peach Rings supports everyday wellness — now available at TwoBudz in Flower Mound, TX and calm through precisely dosed CBD gummies in a delicious sweet peach flavor. What's Inside • 1000mg total CBD • Delicious sweet peach flavor • Precisely dosed for consistent effects • 1000mg total • Third-party lab tested","","JustCBD CBD Gummies 1000mg – Peach Rings",FALSE,FALSE,"16","justcbd-cbd-gummies-1000mg-peach-rings"
"JustCBD CBD Gummies 3000mg – Sour Cherries","JustCBD CBD Gummies 3000mg – Sour Cherries supports everyday wellness — now available at TwoBudz in Flower Mound, TX and calm through precisely dosed CBD gummies in a delicious tangy sour cherry flavor. What's Inside • 3000mg total CBD • Delicious tangy sour cherry flavor • Precisely dosed for consistent effects • 3000mg total • Third-party lab tested","About This Product JustCBD CBD Gummies 3000mg – Sour Cherries provides daily wellness and calm through a carefully crafted CBD gummy formula. Every gummy is carefully dosed for consistent, dependable results. Available in a delicious tangy sour cherry flavor, these gummies make adding cannabinoids to your daily routine simple and enjoyable — perfect for relaxing after a long day, supporting sleep, or enhancing your overall sense of wellbeing. Made with premium hemp-derived ingredients and rigorously tested for purity and potency, JustCBD CBD Gummies 3000mg – Sour Cherries is a trusted choice at TwoBudz, Flower Mound's premier hemp shop. Browse more CBD products in our CBD Products collection at TwoBudz in Flower Mound. Taste & Aroma • Tangy sour cherry flavor • Bold fruity sweetness • Smooth clean finish Why Choose This Product ✔ 3000mg total CBD ✔ Delicious tangy sour cherry flavor ✔ Precisely dosed for consistent, reliable effects ✔ 3000mg total ✔ Third-party lab tested for purity and potency ✔ Made with premium hemp-derived extract How to Use Start with one gummy and wait 30–60 minutes to understand the effects before consuming more.",99,"gummies","< 0.3% THC","3000mg","","15 Gummy Pack; 30 Gummy Value Pack","Vegan-friendly, delicious real fruit berry juices; Deep body soothing relaxation and tranquil alignment; Consistent dosage block in every bite","99.8%","Farm Bill Compliant Phytocannabinoid Profile","JustCBD CBD Gummies 3000mg – Sour Cherries","JustCBD CBD Gummies 3000mg – Sour Cherries supports everyday wellness — now available at TwoBudz in Flower Mound, TX and calm through precisely dosed CBD gummies in a delicious tangy sour cherry flavor. What's Inside • 3000mg total CBD • Delicious tangy sour cherry flavor • Precisely dosed for consistent effects • 3000mg total • Third-party lab tested","","JustCBD CBD Gummies 3000mg – Sour Cherries",FALSE,FALSE,"17","justcbd-cbd-gummies-3000mg-sour-cherries"
"Wintergreen THC Microdose Mints – 40 Count","Wintergreen THC Microdose Mints – 40 Count is a premium hemp-derived product available at TwoBudz in Flower Mound, TX. What's Inside • Premium hemp-derived formula • Lab-tested for purity and potency • Consistent, reliable dosing • Available exclusively at TwoBudz, Flower Mound","About This Product Wintergreen THC Microdose Mints – 40 Count is a carefully crafted hemp product available at TwoBudz in Flower Mound, TX. Every unit is third-party lab tested to ensure purity, potency, and consistency. TwoBudz is Flower Mound's trusted source for premium hemp-derived products including CBD, Delta-8, Delta-9, and specialty wellness items. We carry only brands we believe in, verified for quality at every step. Why Choose This Product ✔ Premium hemp-derived formula ✔ Third-party lab tested for purity and potency ✔ Precisely dosed for consistent, reliable effects ✔ Available at TwoBudz, Flower Mound, TX How to Use Follow the product label instructions. Start low and go slow, especially if new to hemp products. Consult a healthcare professional if you have any questions about dosage or interactions.",17.99,"edibles","< 0.3% THC","500mg CBD","","30ml Dropper Bottle; 60ml Value Pack","High-potency sublingual absorption profile; Organically cured cold-pressed MCT compound base; Fast restorative action to manage daily tension","99.8%","Farm Bill Compliant Phytocannabinoid Profile","Wintergreen THC Microdose Mints 40 Count","Shop Wintergreen THC Microdose Mints 40 Count. Premium hemp-derived THC mints with a refreshing wintergreen flavor in a convenient pocket-sized tin.","Wintergreen Mints, THC Mints, Microdose Mints, 40 Count, Hemp-Derived, THC Edibles, Wintergreen Flavor, Hemp THC, Premium Mints, Pocket Mints, Cannabis Edibles, Wellness","Wintergreen THC Microdose Mints 40-count hemp-derived THC mint tin",FALSE,FALSE,"175","wintergreen-thc-microdose-mints-40ct"
"Wild Cherry THC Seltzer","Wild Cherry THC Seltzer is a premium hemp-derived product available at TwoBudz in Flower Mound, TX. What's Inside • Premium hemp-derived formula • Lab-tested for purity and potency • Consistent, reliable dosing • Available exclusively at TwoBudz, Flower Mound","About This Product Wild Cherry THC Seltzer is a carefully crafted hemp product available at TwoBudz in Flower Mound, TX. Every unit is third-party lab tested to ensure purity, potency, and consistency. TwoBudz is Flower Mound's trusted source for premium hemp-derived products including CBD, Delta-8, Delta-9, and specialty wellness items. We carry only brands we believe in, verified for quality at every step. Why Choose This Product ✔ Premium hemp-derived formula ✔ Third-party lab tested for purity and potency ✔ Precisely dosed for consistent, reliable effects ✔ Available at TwoBudz, Flower Mound, TX How to Use Follow the product label instructions. Start low and go slow, especially if new to hemp products. Consult a healthcare professional if you have any questions about dosage or interactions.",5.49,"beverages","< 0.3% THC","500mg CBD","","4-Pack Cans; 12-Pack Case","Sparkling organic carbonated hydration; Fast acting nano-emulsified active cannabinoids; Zero high-fructose corn syrups or artificial color","99.8%","Farm Bill Compliant Phytocannabinoid Profile","Wild Cherry THC Seltzer","Wild Cherry THC Seltzer is a premium hemp-derived product available at TwoBudz in Flower Mound, TX. What's Inside • Premium hemp-derived formula • Lab-tested for purity and potency • Consistent, reliable dosing • Available exclusively at TwoBudz, Flower Mound","","Wild Cherry THC Seltzer",FALSE,FALSE,"173","wild-cherry-thc-seltzer"
"JustCBD CBD Gummies 3000mg – Sour Bears","JustCBD CBD Gummies 3000mg – Sour Bears supports everyday wellness — now available at TwoBudz in Flower Mound, TX and calm through precisely dosed CBD gummies in a delicious sour fruity gummy bear flavor. What's Inside • 3000mg total CBD • Delicious sour fruity gummy bear flavor • Precisely dosed for consistent effects • 3000mg total • Third-party lab tested","About This Product JustCBD CBD Gummies 3000mg – Sour Bears provides daily wellness and calm through a carefully crafted CBD gummy formula. Every gummy is carefully dosed for consistent, dependable results. Available in a delicious sour fruity gummy bear flavor, these gummies make adding cannabinoids to your daily routine simple and enjoyable — perfect for relaxing after a long day, supporting sleep, or enhancing your overall sense of wellbeing. Made with premium hemp-derived ingredients and rigorously tested for purity and potency, JustCBD CBD Gummies 3000mg – Sour Bears is a trusted choice at TwoBudz, Flower Mound's premier hemp shop. Browse more CBD products in our CBD Products collection at TwoBudz in Flower Mound. Taste & Aroma • Sour candy-coated gummy flavor • Bold tart bite • Smooth clean finish Why Choose This Product ✔ 3000mg total CBD ✔ Delicious sour fruity gummy bear flavor ✔ Precisely dosed for consistent, reliable effects ✔ 3000mg total ✔ Third-party lab tested for purity and potency ✔ Made with premium hemp-derived extract How to Use Start with one gummy and wait 30–60 minutes to understand the effects before consuming more.",99,"gummies","< 0.3% THC","3000mg","","15 Gummy Pack; 30 Gummy Value Pack","Vegan-friendly, delicious real fruit berry juices; Deep body soothing relaxation and tranquil alignment; Consistent dosage block in every bite","99.8%","Farm Bill Compliant Phytocannabinoid Profile","JustCBD CBD Gummies 3000mg – Sour Bears","JustCBD CBD Gummies 3000mg – Sour Bears supports everyday wellness — now available at TwoBudz in Flower Mound, TX and calm through precisely dosed CBD gummies in a delicious sour fruity gummy bear flavor. What's Inside • 3000mg total CBD • Delicious sour fruity gummy bear flavor • Precisely dosed for consistent effects • 3000mg total • Third-party lab tested","","JustCBD CBD Gummies 3000mg – Sour Bears",FALSE,FALSE,"20","justcbd-cbd-gummies-3000mg-sour-bears"
"Wyld Blood Orange THC + CBC Gummies – 10ct","Wyld Blood Orange THC + CBC Gummies – Bliss is a premium hemp-derived product available at TwoBudz in Flower Mound, TX. What's Inside • Premium hemp-derived formula • Lab-tested for purity and potency • Consistent, reliable dosing • Available exclusively at TwoBudz, Flower Mound","About This Product Wyld Blood Orange THC + CBC Gummies – Bliss is a carefully crafted hemp product available at TwoBudz in Flower Mound, TX. Every unit is third-party lab tested to ensure purity, potency, and consistency. TwoBudz is Flower Mound's trusted source for premium hemp-derived products including CBD, Delta-8, Delta-9, and specialty wellness items. We carry only brands we believe in, verified for quality at every step. Why Choose This Product ✔ Premium hemp-derived formula ✔ Third-party lab tested for purity and potency ✔ Precisely dosed for consistent, reliable effects ✔ Available at TwoBudz, Flower Mound, TX How to Use Follow the product label instructions. Start low and go slow, especially if new to hemp products. Consult a healthcare professional if you have any questions about dosage or interactions.",34.99,"gummies","< 0.3% THC","500mg CBD","","10 Count","Vegan-friendly, delicious real fruit berry juices; Deep body soothing relaxation and tranquil alignment; Consistent dosage block in every bite","99.8%","Farm Bill Compliant Phytocannabinoid Profile","Wyld Blood Orange THC + CBC Gummies Bliss","Shop Wyld Blood Orange THC + CBC Gummies Bliss. Premium hemp-derived gummies with THC and CBC in a delicious blood orange flavor for a balanced edible experience.","Wyld, Blood Orange, THC Gummies, CBC Gummies, Bliss, Hemp-Derived, Hemp Gummies, THC Edibles, Premium Gummies, Blood Orange Flavor, Wellness, Edibles","Wyld Blood Orange THC and CBC Gummies Bliss hemp-derived gummy package",FALSE,FALSE,"177","wyld-blood-orange-thc-cbc-bliss-gummies"
"Northern Lights Live Rosin THC Gummies – Indica","Northern Lights Live Rosin THC Gummies – Indica is a premium hemp-derived product available at TwoBudz in Flower Mound, TX. What's Inside • Premium hemp-derived formula • Lab-tested for purity and potency • Consistent, reliable dosing • Available exclusively at TwoBudz, Flower Mound","About This Product Northern Lights Live Rosin THC Gummies – Indica is a carefully crafted hemp product available at TwoBudz in Flower Mound, TX. Every unit is third-party lab tested to ensure purity, potency, and consistency. TwoBudz is Flower Mound's trusted source for premium hemp-derived products including CBD, Delta-8, Delta-9, and specialty wellness items. We carry only brands we believe in, verified for quality at every step. Why Choose This Product ✔ Premium hemp-derived formula ✔ Third-party lab tested for purity and potency ✔ Precisely dosed for consistent, reliable effects ✔ Available at TwoBudz, Flower Mound, TX How to Use Follow the product label instructions. Start low and go slow, especially if new to hemp products. Consult a healthcare professional if you have any questions about dosage or interactions.",69.99,"gummies","< 0.3% THC","500mg CBD","","10 Count","Vegan-friendly, delicious real fruit berry juices; Deep body soothing relaxation and tranquil alignment; Consistent dosage block in every bite","99.8%","Farm Bill Compliant Phytocannabinoid Profile","Northern Lights Live Rosin THC Gummies Indica","Shop Northern Lights Live Rosin THC Gummies Indica. Premium hemp-derived gummies infused with live rosin for a flavorful and convenient edible experience.","Northern Lights, Live Rosin Gummies, Indica Gummies, THC Gummies, Hemp Gummies, Hemp-Derived, Live Rosin, THC Edibles, Premium Gummies, Cannabis Gummies, Wellness, Edibles","Northern Lights Live Rosin THC Gummies Indica hemp-derived gummy package",FALSE,FALSE,"178","northern-lights-live-rosin-thc-gummies"
"Holistapet Broad Spectrum CBD Tincture 600mg - Original Flavor","HolistaPet Broad Spectrum CBD Tincture 600mg | Original Flavor supports daily wellness and overall balance with a carefully crafted hemp-derived formula. Designed for easy dosing and smooth use, this tincture delivers consistent results in a natural, unflavored profile. What's Inside • 600mg total CBD • Broad spectrum hemp extract (THC-free) • Natural original flavor • Easy-to-use dropper for precise dosing • Third-party lab tested","About This Product HolistaPet Broad Spectrum CBD Tincture 600mg | Original Flavor is formulated to support daily wellness, calm, and overall balance using high-quality hemp-derived cannabinoids. This broad spectrum formula contains beneficial plant compounds without THC, making it a great option for those seeking a clean CBD experience. Each serving is carefully measured using an easy-to-use dropper, allowing for precise and consistent dosing. The original flavor provides a natural, mild hemp taste, making it simple to incorporate into your daily routine. Crafted with premium ingredients and rigorously tested for purity and potency, HolistaPet CBD Tincture is a trusted option for those looking to support relaxation, mood balance, and general wellbeing. Taste & Aroma • Natural hemp flavor • Mild and earthy taste • Clean, smooth finish Why Choose This Product ✔ 600mg total CBD ✔ Broad spectrum formula (THC-free) ✔ Easy-to-use dropper for precise dosing ✔ Consistent, reliable effects ✔ Third-party lab tested for purity and potency ✔ Made with high-quality hemp-derived extract How to Use Start with a low dose using the dropper and gradually increase as needed. Hold under the tongue for 30–60 seconds before swallowing for best absorption.",59.95,"pets","< 0.3% THC","600mg","","30ml Dropper Bottle","Vet-approved 100% safe broad-spectrum base; Delectable natural flavors pet easily swallows; Relief from thunder storms and joint stiffness","99.8%","Farm Bill Compliant Phytocannabinoid Profile","Holistapet Broad Spectrum CBD Tincture 600mg - Original Flavor","HolistaPet Broad Spectrum CBD Tincture 600mg | Original Flavor supports daily wellness and overall balance with a carefully crafted hemp-derived formula. Designed for easy dosing and smooth use, this tincture delivers consistent results in a natural, unflavored profile. What's Inside • 600mg total CBD • Broad spectrum hemp extract (THC-free) • Natural original flavor • Easy-to-use dropper for precise dosing • Third-party lab tested","","Holistapet Broad Spectrum CBD Tincture 600mg - Original Flavor",FALSE,FALSE,"22","holistapet-broad-spectrum-cbd-tincture-600mg-original-flavor"
"Enjoy Live Rosin THCP + D9 + D8 Gummies 3000mg – Paradise","Enjoy Live Rosin THCP + D9 + D8 Gummies 3000mg – Paradise delivers a potent, multi-layered euphoric experience through precisely dosed THCP + Delta-9 THC + Delta-8 THC gummies in a delicious tropical paradise fruit blend flavor. What's Inside • 3000mg total THCP + D9 + D8 • Delicious tropical paradise fruit blend flavor • Precisely dosed for consistent effects • 3000mg total • Third-party lab tested","About This Product Enjoy Live Rosin THCP + D9 + D8 Gummies 3000mg – Paradise provides a potent, multi-layered euphoric experience through a carefully crafted THCP + Delta-9 THC + Delta-8 THC gummy formula. These gummies are crafted with premium live rosin extract for superior terpene preservation and authentic full-plant flavor. Every gummy is carefully dosed for consistent, dependable results. Available in a delicious tropical paradise fruit blend flavor, these gummies make adding cannabinoids to your daily routine simple and enjoyable — perfect for relaxing after a long day, supporting sleep, or enhancing your overall sense of wellbeing. Made with premium hemp-derived ingredients and rigorously tested for purity and potency, Enjoy Live Rosin THCP + D9 + D8 Gummies 3000mg – Paradise is a trusted choice at TwoBudz, Flower Mound's premier hemp shop. Browse more THCP + Delta-9 THC + Delta-8 THC products in our Delta 9 Products collection at TwoBudz in Flower Mound. Taste & Aroma • Tropical fruit blend flavor • Exotic sweet taste • Smooth clean finish Why Choose This Product ✔ 3000mg total THCP + D9 + D8 ✔ Delicious tropical paradise fruit blend flavor ✔ Precisely dosed for consistent, reliable effects ✔ 3000mg total ✔ Third-party lab tested for purity and potency ✔ Made with premium hemp-derived extract How to Use Start with one gummy and wait 30–60 minutes to understand the effects before consuming more.",69.99,"gummies","10mg Delta-9 THC","3000mg","","15 Gummy Pack; 30 Gummy Value Pack","Vegan-friendly, delicious real fruit berry juices; Deep body soothing relaxation and tranquil alignment; Consistent dosage block in every bite","99.8%","Farm Bill Compliant Phytocannabinoid Profile","Enjoy Live Rosin THCP + D9 + D8 Gummies 3000mg – Paradise","Enjoy Live Rosin THCP + D9 + D8 Gummies 3000mg – Paradise delivers a potent, multi-layered euphoric experience through precisely dosed THCP + Delta-9 THC + Delta-8 THC gummies in a delicious tropical paradise fruit blend flavor. What's Inside • 3000mg total THCP + D9 + D8 • Delicious tropical paradise fruit blend flavor • Precisely dosed for consistent effects • 3000mg total • Third-party lab tested","","Enjoy Live Rosin THCP + D9 + D8 Gummies 3000mg – Paradise",FALSE,FALSE,"26","enjoy-live-rosin-thcp-d9-d8-gummies-3000mg-paradise"
"Enjoy Live Rosin THCP + D9 + D8 Gummies 3000mg – Lights Out","Enjoy Live Rosin THCP + D9 + D8 Gummies 3000mg – Lights Out delivers a potent, multi-layered euphoric experience through precisely dosed THCP + Delta-9 THC + Delta-8 THC gummies in a delicious bold mixed berry flavor. What's Inside • 3000mg total THCP + D9 + D8 • Delicious bold mixed berry flavor • Precisely dosed for consistent effects • 3000mg total • Third-party lab tested","About This Product Enjoy Live Rosin THCP + D9 + D8 Gummies 3000mg – Lights Out provides a potent, multi-layered euphoric experience through a carefully crafted THCP + Delta-9 THC + Delta-8 THC gummy formula. These gummies are crafted with premium live rosin extract for superior terpene preservation and authentic full-plant flavor. Every gummy is carefully dosed for consistent, dependable results. Available in a delicious bold mixed berry flavor, these gummies make adding cannabinoids to your daily routine simple and enjoyable — perfect for relaxing after a long day, supporting sleep, or enhancing your overall sense of wellbeing. Made with premium hemp-derived ingredients and rigorously tested for purity and potency, Enjoy Live Rosin THCP + D9 + D8 Gummies 3000mg – Lights Out is a trusted choice at TwoBudz, Flower Mound's premier hemp shop. Browse more THCP + Delta-9 THC + Delta-8 THC products in our Delta 9 Products collection at TwoBudz in Flower Mound. Taste & Aroma • Bold mixed berry flavor • Sweet and tart taste • Smooth clean finish Why Choose This Product ✔ 3000mg total THCP + D9 + D8 ✔ Delicious bold mixed berry flavor ✔ Precisely dosed for consistent, reliable effects ✔ 3000mg total ✔ Third-party lab tested for purity and potency ✔ Made with premium hemp-derived extract How to Use Start with one gummy and wait 30–60 minutes to understand the effects before consuming more.",69.99,"gummies","10mg Delta-9 THC","3000mg","","15 Gummy Pack; 30 Gummy Value Pack","Vegan-friendly, delicious real fruit berry juices; Deep body soothing relaxation and tranquil alignment; Consistent dosage block in every bite","99.8%","Farm Bill Compliant Phytocannabinoid Profile","Enjoy Live Rosin THCP + D9 + D8 Gummies 3000mg – Lights Out","Enjoy Live Rosin THCP + D9 + D8 Gummies 3000mg – Lights Out delivers a potent, multi-layered euphoric experience through precisely dosed THCP + Delta-9 THC + Delta-8 THC gummies in a delicious bold mixed berry flavor. What's Inside • 3000mg total THCP + D9 + D8 • Delicious bold mixed berry flavor • Precisely dosed for consistent effects • 3000mg total • Third-party lab tested","","Enjoy Live Rosin THCP + D9 + D8 Gummies 3000mg – Lights Out",FALSE,FALSE,"28","enjoy-live-rosin-thcp-d9-d8-gummies-3000mg-lights-out"
"Enjoy Delta 8 THC/CBN Gummies 1000mg – Sleep","Enjoy Delta 8 THC/CBN Gummies 1000mg – Sleep delivers deep relaxation and restful sleep support through precisely dosed Delta-8 THC + CBN gummies in a delicious calming mixed berry flavor. What's Inside • 1000mg total D8 + CBN • Delicious calming mixed berry flavor • Precisely dosed for consistent effects • 1000mg total • Third-party lab tested","About This Product Enjoy Delta 8 THC/CBN Gummies 1000mg – Sleep provides deep relaxation and restful sleep support through a carefully crafted Delta-8 THC + CBN gummy formula. Every gummy is carefully dosed for consistent, dependable results. Available in a delicious calming mixed berry flavor, these gummies make adding cannabinoids to your daily routine simple and enjoyable — perfect for relaxing after a long day, supporting sleep, or enhancing your overall sense of wellbeing. Made with premium hemp-derived ingredients and rigorously tested for purity and potency, Enjoy Delta 8 THC/CBN Gummies 1000mg – Sleep is a trusted choice at TwoBudz, Flower Mound's premier hemp shop. Browse more Delta-8 THC + CBN products in our Delta 8 Products collection at TwoBudz in Flower Mound. Taste & Aroma • Calming mixed berry flavor • Subtle sweet notes • Smooth clean finish Why Choose This Product ✔ 1000mg total D8 + CBN ✔ Delicious calming mixed berry flavor ✔ Precisely dosed for consistent, reliable effects ✔ 1000mg total ✔ Third-party lab tested for purity and potency ✔ Made with premium hemp-derived extract How to Use Start with one gummy and wait 30–60 minutes to understand the effects before consuming more.",49.99,"gummies","< 0.3% THC","1000mg","","15 Gummy Pack; 30 Gummy Value Pack","Vegan-friendly, delicious real fruit berry juices; Deep body soothing relaxation and tranquil alignment; Consistent dosage block in every bite","99.8%","Farm Bill Compliant Phytocannabinoid Profile","Enjoy Delta 8 THC/CBN Gummies 1000mg – Sleep","Enjoy Delta 8 THC/CBN Gummies 1000mg – Sleep delivers deep relaxation and restful sleep support through precisely dosed Delta-8 THC + CBN gummies in a delicious calming mixed berry flavor. What's Inside • 1000mg total D8 + CBN • Delicious calming mixed berry flavor • Precisely dosed for consistent effects • 1000mg total • Third-party lab tested","","Enjoy Delta 8 THC/CBN Gummies 1000mg – Sleep",FALSE,FALSE,"34","enjoy-delta-8-thc-cbn-gummies-1000mg-sleep"
"Primo Vibes Delta 9 Gummies 10mg","Primo Vibes Delta 9 Gummies 10mg provides balanced relaxation and euphoria through precisely dosed Delta-9 THC gummies in a delicious mixed fruit candy flavor. What's Inside • 10mg total Delta-9 THC • Delicious mixed fruit candy flavor • Precisely dosed for consistent effects • 10mg total • Third-party lab tested","About This Product Primo Vibes Delta 9 Gummies 10mg provides balanced relaxation and euphoria through a carefully crafted Delta-9 THC gummy formula. Every gummy is carefully dosed for consistent, dependable results. Available in a delicious mixed fruit candy flavor, these gummies make adding cannabinoids to your daily routine simple and enjoyable — perfect for relaxing after a long day, supporting sleep, or enhancing your overall sense of wellbeing. Made with premium hemp-derived ingredients and rigorously tested for purity and potency, Primo Vibes Delta 9 Gummies 10mg is a trusted choice at TwoBudz, Flower Mound's premier hemp shop. Browse more Delta-9 THC products in our Delta 9 Products collection at TwoBudz in Flower Mound. Taste & Aroma • Mixed fruit candy flavor • Sweet balanced taste • Smooth clean finish Why Choose This Product ✔ 10mg total Delta-9 THC ✔ Delicious mixed fruit candy flavor ✔ Precisely dosed for consistent, reliable effects ✔ 10mg total ✔ Third-party lab tested for purity and potency ✔ Made with premium hemp-derived extract How to Use Start with one gummy and wait 30–60 minutes to understand the effects before consuming more.",59.99,"gummies","< 0.3% THC","10mg","","15 Gummy Pack; 30 Gummy Value Pack","Vegan-friendly, delicious real fruit berry juices; Deep body soothing relaxation and tranquil alignment; Consistent dosage block in every bite","99.8%","Farm Bill Compliant Phytocannabinoid Profile","Primo Vibes Delta 9 Gummies 10mg","Primo Vibes Delta 9 Gummies 10mg provides balanced relaxation and euphoria through precisely dosed Delta-9 THC gummies in a delicious mixed fruit candy flavor. What's Inside • 10mg total Delta-9 THC • Delicious mixed fruit candy flavor • Precisely dosed for consistent effects • 10mg total • Third-party lab tested","","Primo Vibes Delta 9 Gummies 10mg",FALSE,FALSE,"36","primo-vibes-delta-9-gummies-10mg"
"Dark Cherry CBD + CBN + THC Gummies – Sleep Support","Dark Cherry CBD + CBN + THC Gummies – Sleep Support is a premium hemp-derived product available at TwoBudz in Flower Mound, TX. What's Inside • Premium hemp-derived formula • Lab-tested for purity and potency • Consistent, reliable dosing • Available exclusively at TwoBudz, Flower Mound","About This Product Dark Cherry CBD + CBN + THC Gummies – Sleep Support is a carefully crafted hemp product available at TwoBudz in Flower Mound, TX. Every unit is third-party lab tested to ensure purity, potency, and consistency. TwoBudz is Flower Mound's trusted source for premium hemp-derived products including CBD, Delta-8, Delta-9, and specialty wellness items. We carry only brands we believe in, verified for quality at every step. Why Choose This Product ✔ Premium hemp-derived formula ✔ Third-party lab tested for purity and potency ✔ Precisely dosed for consistent, reliable effects ✔ Available at TwoBudz, Flower Mound, TX How to Use Follow the product label instructions. Start low and go slow, especially if new to hemp products. Consult a healthcare professional if you have any questions about dosage or interactions.",59.99,"gummies","< 0.3% THC","500mg CBD","","30 Count","Vegan-friendly, delicious real fruit berry juices; Deep body soothing relaxation and tranquil alignment; Consistent dosage block in every bite","99.8%","Farm Bill Compliant Phytocannabinoid Profile","Dark Cherry CBD + CBN + THC Gummies for Sleep Support","Shop Dark Cherry CBD + CBN + THC Gummies for Sleep Support. Premium hemp-derived gummies with CBD, CBN, and THC in a delicious dark cherry flavor.","Dark Cherry Gummies, CBD Gummies, CBN Gummies, THC Gummies, Sleep Support, Hemp-Derived, Hemp Gummies, Edibles, Wellness, Nighttime Gummies, Cherry Flavor, Premium Gummies","Dark Cherry CBD, CBN, and THC Sleep Support Gummies in dark cherry flavor package.",FALSE,FALSE,"191","dark-cherry-cbd-cbn-thc-gummies"
"Raspberry Sparkling Hemp Water – CBD Beverage","Raspberry Sparkling Hemp Water – CBD Beverage is a premium hemp-derived product available at TwoBudz in Flower Mound, TX. What's Inside • Premium hemp-derived formula • Lab-tested for purity and potency • Consistent, reliable dosing • Available exclusively at TwoBudz, Flower Mound","About This Product Raspberry Sparkling Hemp Water – CBD Beverage is a carefully crafted hemp product available at TwoBudz in Flower Mound, TX. Every unit is third-party lab tested to ensure purity, potency, and consistency. TwoBudz is Flower Mound's trusted source for premium hemp-derived products including CBD, Delta-8, Delta-9, and specialty wellness items. We carry only brands we believe in, verified for quality at every step. Why Choose This Product ✔ Premium hemp-derived formula ✔ Third-party lab tested for purity and potency ✔ Precisely dosed for consistent, reliable effects ✔ Available at TwoBudz, Flower Mound, TX How to Use Follow the product label instructions. Start low and go slow, especially if new to hemp products. Consult a healthcare professional if you have any questions about dosage or interactions.",5.99,"beverages","< 0.3% THC","500mg CBD","","4-Pack Cans; 12-Pack Case","Sparkling organic carbonated hydration; Fast acting nano-emulsified active cannabinoids; Zero high-fructose corn syrups or artificial color","99.8%","Farm Bill Compliant Phytocannabinoid Profile","Raspberry Sparkling Hemp Water – CBD Beverage","Raspberry Sparkling Hemp Water – CBD Beverage is a premium hemp-derived product available at TwoBudz in Flower Mound, TX. What's Inside • Premium hemp-derived formula • Lab-tested for purity and potency • Consistent, reliable dosing • Available exclusively at TwoBudz, Flower Mound","","Raspberry Sparkling Hemp Water – CBD Beverage",FALSE,FALSE,"189","raspberry-sparkling-hemp-water"
"Urb D8/D9 Gummies Apple Berri","Urb D8/D9 Gummies Apple Berri provides balanced relaxation and euphoria through precisely dosed Delta-9 THC gummies in a delicious sweet apple berry flavor. What's Inside • Delta-9 THC formula • Delicious sweet apple berry flavor • Precisely dosed for consistent effects • resealable pack • Third-party lab tested","About This Product Urb D8/D9 Gummies Apple Berri provides balanced relaxation and euphoria through a carefully crafted Delta-9 THC gummy formula. Every gummy is carefully dosed for consistent, dependable results. Available in a delicious sweet apple berry flavor, these gummies make adding cannabinoids to your daily routine simple and enjoyable — perfect for relaxing after a long day, supporting sleep, or enhancing your overall sense of wellbeing. Made with premium hemp-derived ingredients and rigorously tested for purity and potency, Urb D8/D9 Gummies Apple Berri is a trusted choice at TwoBudz, Flower Mound's premier hemp shop. Browse more Delta-9 THC products in our Delta 9 Products collection at TwoBudz in Flower Mound. Taste & Aroma • Apple berry candy flavor • Sweet-tart balance • Smooth clean finish Why Choose This Product ✔ Delta-9 THC formula ✔ Delicious sweet apple berry flavor ✔ Precisely dosed for consistent, reliable effects ✔ Resealable pack ✔ Third-party lab tested for purity and potency ✔ Made with premium hemp-derived extract How to Use Start with one gummy and wait 30–60 minutes to understand the effects before consuming more.",47.99,"gummies","10mg Delta-9 THC","500mg CBD","","15 Gummy Pack; 30 Gummy Value Pack","Vegan-friendly, delicious real fruit berry juices; Deep body soothing relaxation and tranquil alignment; Consistent dosage block in every bite","99.8%","Farm Bill Compliant Phytocannabinoid Profile","Urb D8/D9 Gummies Apple Berri","Urb D8/D9 Gummies Apple Berri provides balanced relaxation and euphoria through precisely dosed Delta-9 THC gummies in a delicious sweet apple berry flavor. What's Inside • Delta-9 THC formula • Delicious sweet apple berry flavor • Precisely dosed for consistent effects • resealable pack • Third-party lab tested","","Urb D8/D9 Gummies Apple Berri",FALSE,FALSE,"133","urb-d8-d9-lavish-fresa-gummies-apple-berri"
"Wyld Pomegranate THC + CBD Gummies – 10mg","Pomegranate THC + CBD Gummies – 10mg is a premium hemp-derived product available at TwoBudz in Flower Mound, TX. What's Inside • Premium hemp-derived formula • Lab-tested for purity and potency • Consistent, reliable dosing • Available exclusively at TwoBudz, Flower Mound","About This Product Pomegranate THC + CBD Gummies – 10mg is a carefully crafted hemp product available at TwoBudz in Flower Mound, TX. Every unit is third-party lab tested to ensure purity, potency, and consistency. TwoBudz is Flower Mound's trusted source for premium hemp-derived products including CBD, Delta-8, Delta-9, and specialty wellness items. We carry only brands we believe in, verified for quality at every step. Why Choose This Product ✔ Premium hemp-derived formula ✔ Third-party lab tested for purity and potency ✔ Precisely dosed for consistent, reliable effects ✔ Available at TwoBudz, Flower Mound, TX How to Use Follow the product label instructions. Start low and go slow, especially if new to hemp products. Consult a healthcare professional if you have any questions about dosage or interactions.",34.99,"gummies","< 0.3% THC","10mg","","10 Count","Vegan-friendly, delicious real fruit berry juices; Deep body soothing relaxation and tranquil alignment; Consistent dosage block in every bite","99.8%","Farm Bill Compliant Phytocannabinoid Profile","Wyld Pomegranate THC + CBD Gummies – 10mg","Shop Pomegranate THC + CBD Gummies 10mg. Premium hemp-derived gummies with THC and CBD in a delicious pomegranate flavor for a balanced edible experience.","Pomegranate Gummies, THC Gummies, CBD Gummies, THC + CBD, 10mg THC, Hemp Gummies, Hemp-Derived, Edibles, Pomegranate Flavor, Premium Gummies, Wellness, Balanced Formula","Pomegranate THC and CBD Gummies 10mg hemp-derived gummy package",FALSE,FALSE,"193","wyld-pomegranate-thc-cbd-gummies-10mg"
"Elderberry THC + CBN Gummies – 10mg, 30ct","Elderberry THC + CBN Gummies – 10mg, 30ct is a premium hemp-derived product available at TwoBudz in Flower Mound, TX. What's Inside • Premium hemp-derived formula • Lab-tested for purity and potency • Consistent, reliable dosing • Available exclusively at TwoBudz, Flower Mound","About This Product Elderberry THC + CBN Gummies – 10mg, 30ct is a carefully crafted hemp product available at TwoBudz in Flower Mound, TX. Every unit is third-party lab tested to ensure purity, potency, and consistency. TwoBudz is Flower Mound's trusted source for premium hemp-derived products including CBD, Delta-8, Delta-9, and specialty wellness items. We carry only brands we believe in, verified for quality at every step. Why Choose This Product ✔ Premium hemp-derived formula ✔ Third-party lab tested for purity and potency ✔ Precisely dosed for consistent, reliable effects ✔ Available at TwoBudz, Flower Mound, TX How to Use Follow the product label instructions. Start low and go slow, especially if new to hemp products. Consult a healthcare professional if you have any questions about dosage or interactions.",64.99,"gummies","< 0.3% THC","10mg","","15 Gummy Pack; 30 Gummy Value Pack","Vegan-friendly, delicious real fruit berry juices; Deep body soothing relaxation and tranquil alignment; Consistent dosage block in every bite","99.8%","Farm Bill Compliant Phytocannabinoid Profile","Elderberry THC + CBN Gummies 10mg 30ct","Shop Elderberry THC + CBN Gummies 10mg 30ct. Premium hemp-derived gummies with THC and CBN in a delicious elderberry flavor for a convenient edible option.","Elderberry Gummies, THC Gummies, CBN Gummies, 10mg THC, 30 Count, Hemp Gummies, Hemp-Derived, Edibles, Elderberry Flavor, Premium Gummies, Wellness, THC + CBN","Elderberry THC and CBN Gummies 10mg 30-count hemp-derived gummy package",FALSE,FALSE,"198","elderberry-thc-cbn-gummies-10mg-30ct"
"Wyld THC-Free Peach CBD Gummies","Wyld THC-Free Peach CBD Gummies is a premium hemp-derived product available at TwoBudz in Flower Mound, TX. What's Inside • Premium hemp-derived formula • Lab-tested for purity and potency • Consistent, reliable dosing • Available exclusively at TwoBudz, Flower Mound","About This Product Wyld THC-Free Peach CBD Gummies is a carefully crafted hemp product available at TwoBudz in Flower Mound, TX. Every unit is third-party lab tested to ensure purity, potency, and consistency. TwoBudz is Flower Mound's trusted source for premium hemp-derived products including CBD, Delta-9, and specialty wellness items. We carry only brands we believe in, verified for quality at every step. Why Choose This Product ✔ Premium hemp-derived formula ✔ Third-party lab tested for purity and potency ✔ Precisely dosed for consistent, reliable effects ✔ Available at TwoBudz, Flower Mound, TX How to Use Follow the product label instructions. Start low and go slow, especially if new to hemp products. Consult a healthcare professional if you have any questions about dosage or interactions.",64.99,"gummies","0.0% THC (Zero THC)","20 mg CBD; 10mg CBC","","15 Gummy Pack; 30 Gummy Value Pack","Vegan-friendly, delicious real fruit berry juices; Deep body soothing relaxation and tranquil alignment; Consistent dosage block in every bite","99.8%","Farm Bill Compliant Phytocannabinoid Profile","Wyld THC-Free Peach CBD Gummies","Shop Wyld THC-Free Peach CBD Gummies. Premium hemp-derived CBD gummies with delicious peach flavor, crafted for everyday wellness without THC.","Wyld, THC-Free, Peach CBD Gummies, CBD Gummies, Hemp-Derived, Peach Flavor, CBD Edibles, Premium CBD, Wellness, Daily Wellness, Hemp Gummies, CBD","Wyld THC-Free Peach CBD Gummies hemp-derived peach flavored gummy package",FALSE,FALSE,"199","wyld-thc-free-peach-cbd-gummies"
"Delta 8 Calm Tincture – 1600 mg","Delta 8 Calm Tincture – 1600 mg delivers calm and relaxed clarity through a premium 1600mg Delta-8 THC tincture formula. What's Inside • 1600mg Delta-8 THC per bottle • Calm blend formula • Hemp-derived Delta-8 THC • Precision dropper dosing • Third-party lab tested","About This Product Delta 8 Calm Tincture – 1600 mg offers calm and relaxed clarity through a carefully crafted Delta-8 THC tincture. With 1600mg of hemp-derived Delta-8 THC per bottle, this tincture provides a smooth, approachable alternative to Delta-9 THC products. The Calm formula is designed for those seeking the benefits of Delta-8 with predictable, manageable effects. Each bottle includes a precision dropper for accurate dosing. Available at TwoBudz, this Delta-8 tincture is lab tested and crafted for quality. Taste & Aroma • Natural hemp flavor • Smooth oil texture • Clean earthy finish Why Choose This Product ✔ 1600mg Delta-8 THC per bottle ✔ Calm blend formula ✔ Hemp-derived Delta-8 THC ✔ Precision dropper for accurate dosing ✔ Third-party lab tested for purity and potency How to Use Take 0.5–1ml under the tongue, hold for 60 seconds, then swallow. Start with a small amount and wait 30–60 minutes before increasing.",44.99,"cbd-oils","< 0.3% THC","500mg CBD","","30ml Dropper Bottle; 60ml Value Pack","High-potency sublingual absorption profile; Organically cured cold-pressed MCT compound base; Fast restorative action to manage daily tension","99.8%","Farm Bill Compliant Phytocannabinoid Profile","Delta 8 Calm Tincture – 1600 mg","Delta 8 Calm Tincture – 1600 mg delivers calm and relaxed clarity through a premium 1600mg Delta-8 THC tincture formula. What's Inside • 1600mg Delta-8 THC per bottle • Calm blend formula • Hemp-derived Delta-8 THC • Precision dropper dosing • Third-party lab tested","","Delta 8 Calm Tincture – 1600 mg",FALSE,FALSE,"152","delta-8-calm-tincture"
"Urb Delta 9 Gummies 10mg – Passionfruit Mango","Urb Delta 9 Gummies 10mg – Passionfruit Mango provides balanced relaxation and euphoria through precisely dosed Delta-9 THC gummies in a delicious tropical passionfruit mango flavor. What's Inside • 10mg total Delta-9 THC • Delicious tropical passionfruit mango flavor • Precisely dosed for consistent effects • 10mg total • Third-party lab tested","About This Product Urb Delta 9 Gummies 10mg – Passionfruit Mango provides balanced relaxation and euphoria through a carefully crafted Delta-9 THC gummy formula. Every gummy is carefully dosed for consistent, dependable results. Available in a delicious tropical passionfruit mango flavor, these gummies make adding cannabinoids to your daily routine simple and enjoyable — perfect for relaxing after a long day, supporting sleep, or enhancing your overall sense of wellbeing. Made with premium hemp-derived ingredients and rigorously tested for purity and potency, Urb Delta 9 Gummies 10mg – Passionfruit Mango is a trusted choice at TwoBudz, Flower Mound's premier hemp shop. Browse more Delta-9 THC products in our Delta 9 Products collection at TwoBudz in Flower Mound. Taste & Aroma • Passionfruit mango tropical flavor • Sweet exotic taste • Smooth clean finish Why Choose This Product ✔ 10mg total Delta-9 THC ✔ Delicious tropical passionfruit mango flavor ✔ Precisely dosed for consistent, reliable effects ✔ 10mg total ✔ Third-party lab tested for purity and potency ✔ Made with premium hemp-derived extract How to Use Start with one gummy and wait 30–60 minutes to understand the effects before consuming more.",46.99,"gummies","< 0.3% THC","10mg","","15 Gummy Pack; 30 Gummy Value Pack","Vegan-friendly, delicious real fruit berry juices; Deep body soothing relaxation and tranquil alignment; Consistent dosage block in every bite","99.8%","Farm Bill Compliant Phytocannabinoid Profile","Urb Delta 9 Gummies 10mg – Passionfruit Mango","Urb Delta 9 Gummies 10mg – Passionfruit Mango provides balanced relaxation and euphoria through precisely dosed Delta-9 THC gummies in a delicious tropical passionfruit mango flavor. What's Inside • 10mg total Delta-9 THC • Delicious tropical passionfruit mango flavor • Precisely dosed for consistent effects • 10mg total • Third-party lab tested","","Urb Delta 9 Gummies 10mg – Passionfruit Mango",FALSE,FALSE,"46","urb-delta-9-gummies-10mg-passionfruit-mango"
"Delta 8 Tincture – 1200 mg","Delta 8 Tincture – 1200 mg delivers smooth relaxation and mild euphoria through a premium 1200mg Delta-8 THC tincture formula. What's Inside • 1200mg Delta-8 THC per bottle • Delta-8 blend formula • Hemp-derived Delta-8 THC • Precision dropper dosing • Third-party lab tested","About This Product Delta 8 Tincture – 1200 mg offers smooth relaxation and mild euphoria through a carefully crafted Delta-8 THC tincture. With 1200mg of hemp-derived Delta-8 THC per bottle, this tincture provides a smooth, approachable alternative to Delta-9 THC products. The Delta-8 formula is designed for those seeking the benefits of Delta-8 with predictable, manageable effects. Each bottle includes a precision dropper for accurate dosing. Available at TwoBudz, this Delta-8 tincture is lab tested and crafted for quality. Taste & Aroma • Natural hemp flavor • Smooth oil texture • Clean earthy finish Why Choose This Product ✔ 1200mg Delta-8 THC per bottle ✔ Delta-8 blend formula ✔ Hemp-derived Delta-8 THC ✔ Precision dropper for accurate dosing ✔ Third-party lab tested for purity and potency How to Use Take 0.5–1ml under the tongue, hold for 60 seconds, then swallow. Start with a small amount and wait 30–60 minutes before increasing.",44.99,"cbd-oils","< 0.3% THC","500mg CBD","","30ml Dropper Bottle; 60ml Value Pack","High-potency sublingual absorption profile; Organically cured cold-pressed MCT compound base; Fast restorative action to manage daily tension","99.8%","Farm Bill Compliant Phytocannabinoid Profile","Delta 8 Tincture – 1200 mg","Delta 8 Tincture – 1200 mg delivers smooth relaxation and mild euphoria through a premium 1200mg Delta-8 THC tincture formula. What's Inside • 1200mg Delta-8 THC per bottle • Delta-8 blend formula • Hemp-derived Delta-8 THC • Precision dropper dosing • Third-party lab tested","","Delta 8 Tincture – 1200 mg",FALSE,FALSE,"150","delta-8-tincture-1200-mg"
"Fruit Duo – 12g","Fruit Duo – 12g delivers a refreshing and energizing fruit snack in a convenient 12g pack ready-to-enjoy format. What's Inside • Premium fruity snack pack • Sweet mixed fruit flavor • 12g pack • No refrigeration needed • Perfect on-the-go snack","About This Product Fruit Duo – 12g is a premium fruity snack pack offering a refreshing and energizing fruit snack in a convenient, portable format. With sweet mixed fruit flavors, this snack is ideal for busy days, travel, or whenever hunger strikes. Made with quality ingredients for great taste and convenience. Available at TwoBudz as part of our specialty snack selection. Taste & Aroma • Sweet mixed fruit • Bold and satisfying taste • Clean finish Why Choose This Product ✔ Premium fruity snack pack ✔ Sweet mixed fruit flavor ✔ 12g pack ✔ Portable and easy to enjoy ✔ No refrigeration required How to Use Enjoy at room temperature as a standalone snack or pair with your favorite beverage.",41.99,"cbd-oils","< 0.3% THC","500mg CBD","","30ml Dropper Bottle; 60ml Value Pack","High-potency sublingual absorption profile; Organically cured cold-pressed MCT compound base; Fast restorative action to manage daily tension","99.8%","Farm Bill Compliant Phytocannabinoid Profile","Fruit Duo – 12g","Fruit Duo – 12g delivers a refreshing and energizing fruit snack in a convenient 12g pack ready-to-enjoy format. What's Inside • Premium fruity snack pack • Sweet mixed fruit flavor • 12g pack • No refrigeration needed • Perfect on-the-go snack","","Fruit Duo – 12g",FALSE,FALSE,"145","fruit-duo-12g"
"Primo Vibes CBD Nano Water Soluble 500mg – Vanilla","Primo Vibes CBD Nano Water Soluble 500mg – Vanilla delivers fast-absorbing nano CBD technology in a vanilla flavor — perfect for mixing into any beverage. What's Inside • 500mg CBD per bottle • Nano water-soluble technology • Vanilla flavor • Enhanced bioavailability vs. standard oils • Mix into any drink","About This Product Primo Vibes CBD Nano Water Soluble 500mg – Vanilla harnesses advanced nano water-soluble technology to deliver CBD more efficiently than traditional oil tinctures. By breaking CBD into nano-sized particles, this formula offers enhanced bioavailability and faster onset — so you get more from every serving. With a vanilla flavor, it can be taken directly or easily mixed into water, juice, coffee, or any favorite beverage for a seamless wellness routine. Available at TwoBudz, this nano CBD formula is ideal for those who want flexible, effective CBD support throughout the day. Taste & Aroma • Vanilla flavor • Water-soluble nano CBD • Fast-absorbing formula Why Choose This Product ✔ 500mg CBD per bottle ✔ Nano water-soluble technology ✔ Vanilla flavor ✔ Enhanced bioavailability vs. standard CBD oils ✔ Versatile — mix into any beverage or take directly ✔ Third-party lab tested How to Use Add desired amount to water or take directly under the tongue. Start with a small serving and adjust based on your needs.",60,"beverages","< 0.3% THC","500mg","","4-Pack Cans; 12-Pack Case","Sparkling organic carbonated hydration; Fast acting nano-emulsified active cannabinoids; Zero high-fructose corn syrups or artificial color","99.8%","Farm Bill Compliant Phytocannabinoid Profile","Primo Vibes CBD Nano Water Soluble 500mg – Vanilla","Primo Vibes CBD Nano Water Soluble 500mg – Vanilla delivers fast-absorbing nano CBD technology in a vanilla flavor — perfect for mixing into any beverage. What's Inside • 500mg CBD per bottle • Nano water-soluble technology • Vanilla flavor • Enhanced bioavailability vs. standard oils • Mix into any drink","","Primo Vibes CBD Nano Water Soluble 500mg – Vanilla",FALSE,FALSE,"41","primo-vibes-cbd-nano-water-soluble-500mg-vanilla"
"Primo Vibes Delta 9 Tincture 88mg – Chill","Primo Vibes Delta 9 Tincture 88mg – Chill delivers a calm, relaxed state perfect for unwinding through a precision-dosed 88mg Delta-9 THC tincture. What's Inside • 88mg Delta-9 THC per bottle • Chill blend formula • Hemp-derived Delta-9 THC • Easy-to-use dropper • Third-party lab tested","About This Product Primo Vibes Delta 9 Tincture 88mg – Chill is formulated to deliver a calm, relaxed state perfect for unwinding through a premium hemp-derived Delta-9 THC tincture. Every bottle holds 88mg of Delta-9 THC, carefully dosed for a controlled and enjoyable experience. The Chill formula is crafted for those who want a measured, approachable way to enjoy Delta-9 THC in tincture form. Use the precision dropper to customize your serving. Available at TwoBudz, this Delta-9 tincture is a quality choice for experienced users. Taste & Aroma • Natural hemp flavor • Smooth oil texture • Clean earthy finish Why Choose This Product ✔ 88mg Delta-9 THC per bottle ✔ Chill blend formula ✔ Hemp-derived Delta-9 THC ✔ Easy-to-use precision dropper ✔ Third-party lab tested How to Use Start with 0.5ml under the tongue, hold for 60 seconds, then swallow. Wait 30–60 minutes before consuming more.",39.99,"cbd-oils","< 0.3% THC","88mg","","30ml Dropper Bottle; 60ml Value Pack","High-potency sublingual absorption profile; Organically cured cold-pressed MCT compound base; Fast restorative action to manage daily tension","99.8%","Farm Bill Compliant Phytocannabinoid Profile","Primo Vibes Delta 9 Tincture 88mg – Chill","Primo Vibes Delta 9 Tincture 88mg – Chill delivers a calm, relaxed state perfect for unwinding through a precision-dosed 88mg Delta-9 THC tincture. What's Inside • 88mg Delta-9 THC per bottle • Chill blend formula • Hemp-derived Delta-9 THC • Easy-to-use dropper • Third-party lab tested","","Primo Vibes Delta 9 Tincture 88mg – Chill",FALSE,FALSE,"43","primo-vibes-delta-9-tincture-88mg-chill"